url,address,name,online_order,book_table,rate,votes,phone,location,rest_type,dish_liked,cuisines,approx_cost(for two people),reviews_list,menu_item,listed_in(type),listed_in(city)
https://www.zomato.com/hyderabad/1,"Road 48, Kondapur, Hyderabad",Kondapur Restaurant 1,Yes,No,4.7/5,20414,+91 9702634525,Kondapur,Cafe,Mutton Biryani,"Bakery, Desserts",1200,"[('Rated 4.6','Good food and service')]",Chicken Biryani,Cafes,Hyderabad
https://www.zomato.com/hyderabad/2,"Road 76, Miyapur, Hyderabad",Miyapur Restaurant 2,Yes,No,4.6/5,21004,+91 9595313323,Miyapur,Casual Dining,Paneer Butter Masala,South Indian,1200,"[('Rated 3.8','Good food and service')]",Burger,Delivery,Hyderabad
https://www.zomato.com/hyderabad/3,"Road 50, Charminar, Hyderabad",Charminar Restaurant 3,Yes,Yes,4.9/5,10980,+91 9910972386,Charminar,Cafe,Burger,Fast Food,1500,"[('Rated 4.0','Good food and service')]",Pizza,Cafes,Hyderabad
https://www.zomato.com/hyderabad/4,"Road 42, Begumpet, Hyderabad",Begumpet Restaurant 4,Yes,No,4.3/5,6510,+91 9986876995,Begumpet,Bakery,Chicken Biryani,"Bakery, Desserts",600,"[('Rated 3.8','Good food and service')]",Chicken Biryani,Dine-out,Hyderabad
https://www.zomato.com/hyderabad/5,"Road 2, Gachibowli, Hyderabad",Gachibowli Restaurant 5,No,Yes,3.8/5,11600,+91 9752730948,Gachibowli,Bakery,Mutton Biryani,"Biryani, North Indian",400,"[('Rated 4.3','Good food and service')]",Haleem,Cafes,Hyderabad
https://www.zomato.com/hyderabad/6,"Road 51, Hitech City, Hyderabad",Hitech Restaurant 6,Yes,Yes,4.6/5,9558,+91 9556604619,Hitech City,Quick Bites,Pizza,"Bakery, Desserts",800,"[('Rated 4.5','Good food and service')]",Masala Dosa,Desserts,Hyderabad
https://www.zomato.com/hyderabad/7,"Road 13, Tolichowki, Hyderabad",Tolichowki Restaurant 7,No,Yes,4.7/5,2514,+91 9627285924,Tolichowki,Quick Bites,Coffee,"Bakery, Desserts",500,"[('Rated 4.4','Good food and service')]",Burger,Delivery,Hyderabad
https://www.zomato.com/hyderabad/8,"Road 82, Secunderabad, Hyderabad",Secunderabad Restaurant 8,Yes,No,4.5/5,6315,+91 9401300398,Secunderabad,Quick Bites,Burger,Fast Food,500,"[('Rated 3.3','Good food and service')]",Coffee,Buffet,Hyderabad
https://www.zomato.com/hyderabad/9,"Road 66, Secunderabad, Hyderabad",Secunderabad Restaurant 9,No,No,4.4/5,8940,+91 9295224411,Secunderabad,Fine Dining,Chicken Biryani,Chinese,1500,"[('Rated 3.2','Good food and service')]",Haleem,Buffet,Hyderabad
https://www.zomato.com/hyderabad/10,"Road 41, Banjara Hills, Hyderabad",Banjara Restaurant 10,No,Yes,4.3/5,24120,+91 9295984019,Banjara Hills,Bakery,Haleem,Fast Food,1000,"[('Rated 3.8','Good food and service')]",Coffee,Cafes,Hyderabad
https://www.zomato.com/hyderabad/11,"Road 45, Jubilee Hills, Hyderabad",Jubilee Restaurant 11,No,No,4.3/5,11040,+91 9033323448,Jubilee Hills,Buffet,Pizza,"Biryani, North Indian",400,"[('Rated 3.9','Good food and service')]",Burger,Delivery,Hyderabad
https://www.zomato.com/hyderabad/12,"Road 58, Miyapur, Hyderabad",Miyapur Restaurant 12,No,Yes,4.7/5,10624,+91 9728884402,Miyapur,Buffet,Burger,"Cafe, Beverages",400,"[('Rated 3.1','Good food and service')]",Pizza,Cafes,Hyderabad
https://www.zomato.com/hyderabad/13,"Road 58, Banjara Hills, Hyderabad",Banjara Restaurant 13,Yes,No,3.7/5,16896,+91 9320260155,Banjara Hills,Fine Dining,Chicken Biryani,South Indian,800,"[('Rated 4.2','Good food and service')]",Coffee,Cafes,Hyderabad
https://www.zomato.com/hyderabad/14,"Road 22, Hitech City, Hyderabad",Hitech Restaurant 14,Yes,Yes,4.9/5,23741,+91 9438165011,Hitech City,Quick Bites,Paneer Butter Masala,Fast Food,1200,"[('Rated 3.5','Good food and service')]",Burger,Cafes,Hyderabad
https://www.zomato.com/hyderabad/15,"Road 51, Tolichowki, Hyderabad",Tolichowki Restaurant 15,Yes,Yes,3.2/5,24556,+91 9544940013,Tolichowki,Casual Dining,Paneer Butter Masala,Chinese,600,"[('Rated 4.6','Good food and service')]",Haleem,Buffet,Hyderabad
https://www.zomato.com/hyderabad/16,"Road 33, Hitech City, Hyderabad",Hitech Restaurant 16,No,No,4.4/5,20094,+91 9794937594,Hitech City,Cafe,Coffee,South Indian,1500,"[('Rated 3.5','Good food and service')]",Chicken Biryani,Dine-out,Hyderabad
https://www.zomato.com/hyderabad/17,"Road 70, Tolichowki, Hyderabad",Tolichowki Restaurant 17,Yes,Yes,3.8/5,14176,+91 9333880734,Tolichowki,Casual Dining,Burger,"Biryani, North Indian",800,"[('Rated 3.1','Good food and service')]",Paneer Butter Masala,Cafes,Hyderabad
https://www.zomato.com/hyderabad/18,"Road 41, Charminar, Hyderabad",Charminar Restaurant 18,Yes,No,4.6/5,3601,+91 9265831457,Charminar,Bakery,Haleem,"Biryani, North Indian",1200,"[('Rated 3.1','Good food and service')]",Chicken Biryani,Dine-out,Hyderabad
https://www.zomato.com/hyderabad/19,"Road 20, Secunderabad, Hyderabad",Secunderabad Restaurant 19,Yes,No,4.2/5,15107,+91 9358818271,Secunderabad,Cafe,Masala Dosa,Fast Food,1200,"[('Rated 4.9','Good food and service')]",Burger,Dine-out,Hyderabad
https://www.zomato.com/hyderabad/20,"Road 28, Kondapur, Hyderabad",Kondapur Restaurant 20,Yes,No,4.3/5,11059,+91 9360235805,Kondapur,Casual Dining,Chicken Biryani,"Bakery, Desserts",400,"[('Rated 4.5','Good food and service')]",Coffee,Desserts,Hyderabad
https://www.zomato.com/hyderabad/21,"Road 4, Hitech City, Hyderabad",Hitech Restaurant 21,No,Yes,3.3/5,14081,+91 9668476501,Hitech City,Fine Dining,Chicken Biryani,"Biryani, North Indian",1000,"[('Rated 4.9','Good food and service')]",Chicken Biryani,Cafes,Hyderabad
https://www.zomato.com/hyderabad/22,"Road 54, Begumpet, Hyderabad",Begumpet Restaurant 22,Yes,Yes,3.9/5,14904,+91 9506453871,Begumpet,Cafe,Paneer Butter Masala,"Bakery, Desserts",1000,"[('Rated 4.3','Good food and service')]",Masala Dosa,Cafes,Hyderabad
https://www.zomato.com/hyderabad/23,"Road 38, Charminar, Hyderabad",Charminar Restaurant 23,No,Yes,4.9/5,6366,+91 9010226655,Charminar,Buffet,Haleem,"Cafe, Beverages",800,"[('Rated 4.4','Good food and service')]",Pizza,Dine-out,Hyderabad
https://www.zomato.com/hyderabad/24,"Road 30, Gachibowli, Hyderabad",Gachibowli Restaurant 24,Yes,No,4.2/5,9020,+91 9831746505,Gachibowli,Buffet,Haleem,Chinese,400,"[('Rated 4.0','Good food and service')]",Mutton Biryani,Desserts,Hyderabad
https://www.zomato.com/hyderabad/25,"Road 90, Banjara Hills, Hyderabad",Banjara Restaurant 25,No,No,3.9/5,20876,+91 9877085194,Banjara Hills,Fine Dining,Burger,Chinese,600,"[('Rated 4.8','Good food and service')]",Burger,Delivery,Hyderabad
https://www.zomato.com/hyderabad/26,"Road 97, Hitech City, Hyderabad",Hitech Restaurant 26,Yes,No,3.2/5,4425,+91 9623248098,Hitech City,Casual Dining,Haleem,"Cafe, Beverages",500,"[('Rated 3.8','Good food and service')]",Burger,Dine-out,Hyderabad
https://www.zomato.com/hyderabad/27,"Road 78, Banjara Hills, Hyderabad",Banjara Restaurant 27,Yes,Yes,3.5/5,13615,+91 9834861648,Banjara Hills,Quick Bites,Burger,South Indian,800,"[('Rated 4.1','Good food and service')]",Chicken Biryani,Desserts,Hyderabad
https://www.zomato.com/hyderabad/28,"Road 33, Ameerpet, Hyderabad",Ameerpet Restaurant 28,No,Yes,4.7/5,22362,+91 9465587081,Ameerpet,Cafe,Paneer Butter Masala,"Cafe, Beverages",800,"[('Rated 3.8','Good food and service')]",Mutton Biryani,Desserts,Hyderabad
https://www.zomato.com/hyderabad/29,"Road 89, Miyapur, Hyderabad",Miyapur Restaurant 29,Yes,Yes,3.4/5,16095,+91 9285409980,Miyapur,Casual Dining,Masala Dosa,"Biryani, North Indian",1500,"[('Rated 4.6','Good food and service')]",Pizza,Delivery,Hyderabad
https://www.zomato.com/hyderabad/30,"Road 25, Dilsukhnagar, Hyderabad",Dilsukhnagar Restaurant 30,No,Yes,3.6/5,6501,+91 9567519379,Dilsukhnagar,Casual Dining,Masala Dosa,Fast Food,1500,"[('Rated 4.8','Good food and service')]",Pizza,Cafes,Hyderabad
https://www.zomato.com/hyderabad/31,"Road 95, Hitech City, Hyderabad",Hitech Restaurant 31,No,Yes,4.5/5,22493,+91 9843391699,Hitech City,Bakery,Pizza,"Cafe, Beverages",400,"[('Rated 5.0','Good food and service')]",Paneer Butter Masala,Desserts,Hyderabad
https://www.zomato.com/hyderabad/32,"Road 45, Banjara Hills, Hyderabad",Banjara Restaurant 32,No,No,4.3/5,10862,+91 9912422027,Banjara Hills,Bakery,Chicken Biryani,"Cafe, Beverages",400,"[('Rated 3.2','Good food and service')]",Haleem,Cafes,Hyderabad
https://www.zomato.com/hyderabad/33,"Road 62, Begumpet, Hyderabad",Begumpet Restaurant 33,Yes,Yes,4.3/5,21966,+91 9501694306,Begumpet,Cafe,Pizza,Fast Food,1200,"[('Rated 4.3','Good food and service')]",Paneer Butter Masala,Desserts,Hyderabad
https://www.zomato.com/hyderabad/34,"Road 100, Miyapur, Hyderabad",Miyapur Restaurant 34,No,Yes,3.9/5,14530,+91 9870423708,Miyapur,Buffet,Mutton Biryani,"Cafe, Beverages",400,"[('Rated 4.1','Good food and service')]",Coffee,Desserts,Hyderabad
https://www.zomato.com/hyderabad/35,"Road 68, LB Nagar, Hyderabad",LB Restaurant 35,Yes,Yes,3.4/5,7604,+91 9355054766,LB Nagar,Bakery,Coffee,"Cafe, Beverages",300,"[('Rated 3.4','Good food and service')]",Burger,Desserts,Hyderabad
https://www.zomato.com/hyderabad/36,"Road 63, Kukatpally, Hyderabad",Kukatpally Restaurant 36,Yes,No,3.6/5,19320,+91 9411201493,Kukatpally,Cafe,Masala Dosa,"Cafe, Beverages",300,"[('Rated 3.9','Good food and service')]",Haleem,Dine-out,Hyderabad
https://www.zomato.com/hyderabad/37,"Road 44, Banjara Hills, Hyderabad",Banjara Restaurant 37,Yes,Yes,3.5/5,4209,+91 9300761523,Banjara Hills,Cafe,Mutton Biryani,South Indian,400,"[('Rated 4.0','Good food and service')]",Haleem,Cafes,Hyderabad
https://www.zomato.com/hyderabad/38,"Road 49, Kondapur, Hyderabad",Kondapur Restaurant 38,No,Yes,3.6/5,12561,+91 9277397658,Kondapur,Casual Dining,Masala Dosa,Fast Food,1500,"[('Rated 3.7','Good food and service')]",Masala Dosa,Dine-out,Hyderabad
https://www.zomato.com/hyderabad/39,"Road 58, Banjara Hills, Hyderabad",Banjara Restaurant 39,Yes,No,4.3/5,19758,+91 9456656776,Banjara Hills,Fine Dining,Coffee,"Mughlai, Biryani",1000,"[('Rated 3.7','Good food and service')]",Masala Dosa,Cafes,Hyderabad
https://www.zomato.com/hyderabad/40,"Road 17, Miyapur, Hyderabad",Miyapur Restaurant 40,No,Yes,3.8/5,2239,+91 9146992448,Miyapur,Casual Dining,Paneer Butter Masala,Chinese,500,"[('Rated 4.7','Good food and service')]",Coffee,Delivery,Hyderabad
https://www.zomato.com/hyderabad/41,"Road 89, Begumpet, Hyderabad",Begumpet Restaurant 41,No,Yes,3.9/5,21957,+91 9055537045,Begumpet,Buffet,Coffee,Chinese,300,"[('Rated 4.7','Good food and service')]",Mutton Biryani,Cafes,Hyderabad
https://www.zomato.com/hyderabad/42,"Road 74, Ameerpet, Hyderabad",Ameerpet Restaurant 42,No,Yes,4.3/5,4843,+91 9075852067,Ameerpet,Cafe,Burger,"Bakery, Desserts",800,"[('Rated 3.2','Good food and service')]",Masala Dosa,Dine-out,Hyderabad
https://www.zomato.com/hyderabad/43,"Road 99, Jubilee Hills, Hyderabad",Jubilee Restaurant 43,No,Yes,3.6/5,4637,+91 9403507132,Jubilee Hills,Casual Dining,Coffee,Chinese,800,"[('Rated 3.3','Good food and service')]",Pizza,Buffet,Hyderabad
https://www.zomato.com/hyderabad/44,"Road 31, Secunderabad, Hyderabad",Secunderabad Restaurant 44,Yes,Yes,3.6/5,20767,+91 9090818328,Secunderabad,Buffet,Paneer Butter Masala,"Cafe, Beverages",500,"[('Rated 4.6','Good food and service')]",Paneer Butter Masala,Cafes,Hyderabad
https://www.zomato.com/hyderabad/45,"Road 91, Madhapur, Hyderabad",Madhapur Restaurant 45,No,No,3.3/5,21893,+91 9111551397,Madhapur,Quick Bites,Haleem,Chinese,600,"[('Rated 3.5','Good food and service')]",Mutton Biryani,Delivery,Hyderabad
https://www.zomato.com/hyderabad/46,"Road 33, Banjara Hills, Hyderabad",Banjara Restaurant 46,No,Yes,3.5/5,19256,+91 9203531225,Banjara Hills,Buffet,Mutton Biryani,"Cafe, Beverages",1200,"[('Rated 3.1','Good food and service')]",Masala Dosa,Desserts,Hyderabad
https://www.zomato.com/hyderabad/47,"Road 51, Begumpet, Hyderabad",Begumpet Restaurant 47,Yes,Yes,3.7/5,5128,+91 9692704253,Begumpet,Fine Dining,Haleem,Chinese,500,"[('Rated 4.4','Good food and service')]",Paneer Butter Masala,Delivery,Hyderabad
https://www.zomato.com/hyderabad/48,"Road 3, Dilsukhnagar, Hyderabad",Dilsukhnagar Restaurant 48,Yes,No,3.8/5,16662,+91 9135726147,Dilsukhnagar,Quick Bites,Mutton Biryani,Fast Food,1000,"[('Rated 4.1','Good food and service')]",Haleem,Desserts,Hyderabad
https://www.zomato.com/hyderabad/49,"Road 7, Banjara Hills, Hyderabad",Banjara Restaurant 49,Yes,No,4.5/5,17777,+91 9239644095,Banjara Hills,Casual Dining,Mutton Biryani,"Mughlai, Biryani",1500,"[('Rated 3.1','Good food and service')]",Burger,Buffet,Hyderabad
https://www.zomato.com/hyderabad/50,"Road 9, Gachibowli, Hyderabad",Gachibowli Restaurant 50,Yes,Yes,4.1/5,8141,+91 9531215906,Gachibowli,Bakery,Paneer Butter Masala,"Cafe, Beverages",500,"[('Rated 3.9','Good food and service')]",Burger,Buffet,Hyderabad
https://www.zomato.com/hyderabad/51,"Road 70, Kondapur, Hyderabad",Kondapur Restaurant 51,No,No,3.9/5,1321,+91 9088873845,Kondapur,Casual Dining,Chicken Biryani,Fast Food,600,"[('Rated 4.6','Good food and service')]",Pizza,Delivery,Hyderabad
https://www.zomato.com/hyderabad/52,"Road 64, Begumpet, Hyderabad",Begumpet Restaurant 52,No,No,4.0/5,12770,+91 9453223818,Begumpet,Fine Dining,Masala Dosa,Chinese,1200,"[('Rated 3.5','Good food and service')]",Mutton Biryani,Cafes,Hyderabad
https://www.zomato.com/hyderabad/53,"Road 4, Kukatpally, Hyderabad",Kukatpally Restaurant 53,No,No,4.0/5,2816,+91 9663225868,Kukatpally,Cafe,Burger,"Cafe, Beverages",500,"[('Rated 3.1','Good food and service')]",Haleem,Cafes,Hyderabad
https://www.zomato.com/hyderabad/54,"Road 79, Banjara Hills, Hyderabad",Banjara Restaurant 54,No,Yes,4.5/5,7076,+91 9425685478,Banjara Hills,Fine Dining,Chicken Biryani,"Biryani, North Indian",1000,"[('Rated 3.6','Good food and service')]",Chicken Biryani,Cafes,Hyderabad
https://www.zomato.com/hyderabad/55,"Road 68, Hitech City, Hyderabad",Hitech Restaurant 55,Yes,Yes,4.4/5,18105,+91 9125615082,Hitech City,Bakery,Chicken Biryani,"Biryani, North Indian",300,"[('Rated 3.3','Good food and service')]",Haleem,Cafes,Hyderabad
https://www.zomato.com/hyderabad/56,"Road 57, Miyapur, Hyderabad",Miyapur Restaurant 56,No,No,4.4/5,21016,+91 9955406728,Miyapur,Fine Dining,Paneer Butter Masala,"Bakery, Desserts",1200,"[('Rated 3.9','Good food and service')]",Burger,Delivery,Hyderabad
https://www.zomato.com/hyderabad/57,"Road 65, Secunderabad, Hyderabad",Secunderabad Restaurant 57,No,Yes,4.8/5,6319,+91 9423886812,Secunderabad,Casual Dining,Coffee,"Mughlai, Biryani",300,"[('Rated 4.1','Good food and service')]",Mutton Biryani,Dine-out,Hyderabad
https://www.zomato.com/hyderabad/58,"Road 99, Charminar, Hyderabad",Charminar Restaurant 58,Yes,No,4.5/5,11538,+91 9614920612,Charminar,Casual Dining,Haleem,Chinese,1500,"[('Rated 3.4','Good food and service')]",Coffee,Delivery,Hyderabad
https://www.zomato.com/hyderabad/59,"Road 5, Gachibowli, Hyderabad",Gachibowli Restaurant 59,No,Yes,4.2/5,11063,+91 9998132148,Gachibowli,Fine Dining,Haleem,Fast Food,1000,"[('Rated 4.2','Good food and service')]",Coffee,Dine-out,Hyderabad
https://www.zomato.com/hyderabad/60,"Road 79, Begumpet, Hyderabad",Begumpet Restaurant 60,Yes,No,3.4/5,23543,+91 9240427006,Begumpet,Bakery,Coffee,Fast Food,400,"[('Rated 3.1','Good food and service')]",Paneer Butter Masala,Desserts,Hyderabad
https://www.zomato.com/hyderabad/61,"Road 42, Ameerpet, Hyderabad",Ameerpet Restaurant 61,No,No,4.0/5,5679,+91 9510616321,Ameerpet,Cafe,Masala Dosa,Chinese,400,"[('Rated 4.4','Good food and service')]",Burger,Dine-out,Hyderabad
https://www.zomato.com/hyderabad/62,"Road 14, Miyapur, Hyderabad",Miyapur Restaurant 62,No,Yes,3.6/5,4970,+91 9442671564,Miyapur,Cafe,Mutton Biryani,"Mughlai, Biryani",500,"[('Rated 4.7','Good food and service')]",Chicken Biryani,Cafes,Hyderabad
https://www.zomato.com/hyderabad/63,"Road 98, Charminar, Hyderabad",Charminar Restaurant 63,Yes,No,4.9/5,22948,+91 9257499070,Charminar,Fine Dining,Mutton Biryani,Chinese,1000,"[('Rated 3.8','Good food and service')]",Pizza,Desserts,Hyderabad
https://www.zomato.com/hyderabad/64,"Road 84, Hitech City, Hyderabad",Hitech Restaurant 64,No,Yes,4.7/5,10443,+91 9166271533,Hitech City,Bakery,Masala Dosa,"Bakery, Desserts",1500,"[('Rated 3.6','Good food and service')]",Paneer Butter Masala,Desserts,Hyderabad
https://www.zomato.com/hyderabad/65,"Road 98, Begumpet, Hyderabad",Begumpet Restaurant 65,Yes,Yes,4.7/5,1099,+91 9255119210,Begumpet,Fine Dining,Masala Dosa,Chinese,300,"[('Rated 3.2','Good food and service')]",Masala Dosa,Delivery,Hyderabad
https://www.zomato.com/hyderabad/66,"Road 91, Banjara Hills, Hyderabad",Banjara Restaurant 66,Yes,No,3.4/5,23418,+91 9505838084,Banjara Hills,Buffet,Masala Dosa,"Mughlai, Biryani",300,"[('Rated 3.4','Good food and service')]",Coffee,Desserts,Hyderabad
https://www.zomato.com/hyderabad/67,"Road 9, Madhapur, Hyderabad",Madhapur Restaurant 67,No,Yes,3.6/5,3098,+91 9658362110,Madhapur,Quick Bites,Masala Dosa,South Indian,800,"[('Rated 4.6','Good food and service')]",Haleem,Dine-out,Hyderabad
https://www.zomato.com/hyderabad/68,"Road 76, Ameerpet, Hyderabad",Ameerpet Restaurant 68,Yes,No,3.9/5,24001,+91 9059282189,Ameerpet,Cafe,Coffee,Chinese,1500,"[('Rated 4.1','Good food and service')]",Chicken Biryani,Cafes,Hyderabad
https://www.zomato.com/hyderabad/69,"Road 23, LB Nagar, Hyderabad",LB Restaurant 69,No,No,4.4/5,11643,+91 9009758059,LB Nagar,Quick Bites,Haleem,South Indian,500,"[('Rated 4.1','Good food and service')]",Masala Dosa,Delivery,Hyderabad
https://www.zomato.com/hyderabad/70,"Road 23, Tolichowki, Hyderabad",Tolichowki Restaurant 70,Yes,Yes,4.8/5,7636,+91 9341584886,Tolichowki,Fine Dining,Paneer Butter Masala,Chinese,300,"[('Rated 4.6','Good food and service')]",Burger,Cafes,Hyderabad
https://www.zomato.com/hyderabad/71,"Road 23, Jubilee Hills, Hyderabad",Jubilee Restaurant 71,Yes,No,4.2/5,11429,+91 9369173198,Jubilee Hills,Cafe,Chicken Biryani,"Biryani, North Indian",600,"[('Rated 3.6','Good food and service')]",Paneer Butter Masala,Cafes,Hyderabad
https://www.zomato.com/hyderabad/72,"Road 2, Begumpet, Hyderabad",Begumpet Restaurant 72,No,No,4.6/5,10306,+91 9048367021,Begumpet,Bakery,Haleem,"Cafe, Beverages",1000,"[('Rated 3.6','Good food and service')]",Haleem,Dine-out,Hyderabad
https://www.zomato.com/hyderabad/73,"Road 5, Hitech City, Hyderabad",Hitech Restaurant 73,No,No,3.9/5,18162,+91 9927216214,Hitech City,Cafe,Masala Dosa,Chinese,300,"[('Rated 3.3','Good food and service')]",Masala Dosa,Dine-out,Hyderabad
https://www.zomato.com/hyderabad/74,"Road 2, LB Nagar, Hyderabad",LB Restaurant 74,No,Yes,3.4/5,22759,+91 9922025855,LB Nagar,Quick Bites,Pizza,South Indian,300,"[('Rated 4.5','Good food and service')]",Paneer Butter Masala,Desserts,Hyderabad
https://www.zomato.com/hyderabad/75,"Road 43, Tolichowki, Hyderabad",Tolichowki Restaurant 75,Yes,Yes,4.4/5,4526,+91 9463344814,Tolichowki,Cafe,Chicken Biryani,"Mughlai, Biryani",300,"[('Rated 3.2','Good food and service')]",Masala Dosa,Cafes,Hyderabad
https://www.zomato.com/hyderabad/76,"Road 73, Hitech City, Hyderabad",Hitech Restaurant 76,Yes,No,3.8/5,22758,+91 9189589229,Hitech City,Buffet,Pizza,Chinese,300,"[('Rated 4.9','Good food and service')]",Burger,Buffet,Hyderabad
https://www.zomato.com/hyderabad/77,"Road 6, Ameerpet, Hyderabad",Ameerpet Restaurant 77,No,No,4.2/5,5750,+91 9994680773,Ameerpet,Buffet,Burger,Fast Food,300,"[('Rated 3.5','Good food and service')]",Paneer Butter Masala,Dine-out,Hyderabad
https://www.zomato.com/hyderabad/78,"Road 15, Banjara Hills, Hyderabad",Banjara Restaurant 78,Yes,Yes,3.2/5,21832,+91 9220176799,Banjara Hills,Buffet,Burger,"Biryani, North Indian",300,"[('Rated 4.6','Good food and service')]",Burger,Delivery,Hyderabad
https://www.zomato.com/hyderabad/79,"Road 89, Kondapur, Hyderabad",Kondapur Restaurant 79,No,No,4.0/5,23431,+91 9791344154,Kondapur,Quick Bites,Mutton Biryani,Chinese,800,"[('Rated 4.2','Good food and service')]",Burger,Cafes,Hyderabad
https://www.zomato.com/hyderabad/80,"Road 1, Secunderabad, Hyderabad",Secunderabad Restaurant 80,No,Yes,3.7/5,13293,+91 9524447182,Secunderabad,Fine Dining,Coffee,"Biryani, North Indian",1200,"[('Rated 4.9','Good food and service')]",Coffee,Desserts,Hyderabad
https://www.zomato.com/hyderabad/81,"Road 8, LB Nagar, Hyderabad",LB Restaurant 81,Yes,No,4.2/5,5921,+91 9650094139,LB Nagar,Fine Dining,Burger,"Bakery, Desserts",1200,"[('Rated 3.9','Good food and service')]",Coffee,Dine-out,Hyderabad
https://www.zomato.com/hyderabad/82,"Road 5, Jubilee Hills, Hyderabad",Jubilee Restaurant 82,Yes,No,4.7/5,2619,+91 9093166008,Jubilee Hills,Fine Dining,Haleem,Chinese,600,"[('Rated 4.6','Good food and service')]",Mutton Biryani,Delivery,Hyderabad
https://www.zomato.com/hyderabad/83,"Road 25, Ameerpet, Hyderabad",Ameerpet Restaurant 83,Yes,No,4.6/5,3991,+91 9555198205,Ameerpet,Quick Bites,Mutton Biryani,Fast Food,300,"[('Rated 4.9','Good food and service')]",Mutton Biryani,Delivery,Hyderabad
https://www.zomato.com/hyderabad/84,"Road 40, Charminar, Hyderabad",Charminar Restaurant 84,Yes,Yes,3.9/5,3424,+91 9830635649,Charminar,Quick Bites,Chicken Biryani,Chinese,500,"[('Rated 3.8','Good food and service')]",Masala Dosa,Dine-out,Hyderabad
https://www.zomato.com/hyderabad/85,"Road 7, Madhapur, Hyderabad",Madhapur Restaurant 85,Yes,No,4.2/5,16505,+91 9923217123,Madhapur,Bakery,Haleem,"Bakery, Desserts",300,"[('Rated 4.9','Good food and service')]",Masala Dosa,Cafes,Hyderabad
https://www.zomato.com/hyderabad/86,"Road 6, Charminar, Hyderabad",Charminar Restaurant 86,Yes,Yes,3.6/5,9264,+91 9695878066,Charminar,Buffet,Burger,"Cafe, Beverages",1200,"[('Rated 4.9','Good food and service')]",Burger,Desserts,Hyderabad
https://www.zomato.com/hyderabad/87,"Road 7, Charminar, Hyderabad",Charminar Restaurant 87,No,No,3.9/5,23239,+91 9982208531,Charminar,Fine Dining,Pizza,"Cafe, Beverages",400,"[('Rated 4.5','Good food and service')]",Coffee,Buffet,Hyderabad
https://www.zomato.com/hyderabad/88,"Road 100, Miyapur, Hyderabad",Miyapur Restaurant 88,Yes,No,4.1/5,13817,+91 9126570422,Miyapur,Bakery,Chicken Biryani,Fast Food,1000,"[('Rated 4.8','Good food and service')]",Coffee,Dine-out,Hyderabad
https://www.zomato.com/hyderabad/89,"Road 43, Madhapur, Hyderabad",Madhapur Restaurant 89,No,No,4.7/5,16773,+91 9119596706,Madhapur,Casual Dining,Mutton Biryani,"Biryani, North Indian",300,"[('Rated 3.4','Good food and service')]",Paneer Butter Masala,Cafes,Hyderabad
https://www.zomato.com/hyderabad/90,"Road 7, Charminar, Hyderabad",Charminar Restaurant 90,No,Yes,4.0/5,13078,+91 9863233594,Charminar,Casual Dining,Chicken Biryani,"Bakery, Desserts",1000,"[('Rated 4.1','Good food and service')]",Coffee,Cafes,Hyderabad
https://www.zomato.com/hyderabad/91,"Road 8, Charminar, Hyderabad",Charminar Restaurant 91,No,No,4.5/5,22954,+91 9944775194,Charminar,Bakery,Haleem,"Mughlai, Biryani",1500,"[('Rated 3.3','Good food and service')]",Haleem,Buffet,Hyderabad
https://www.zomato.com/hyderabad/92,"Road 100, LB Nagar, Hyderabad",LB Restaurant 92,No,Yes,3.6/5,16258,+91 9532054187,LB Nagar,Fine Dining,Coffee,"Biryani, North Indian",1500,"[('Rated 4.3','Good food and service')]",Paneer Butter Masala,Desserts,Hyderabad
https://www.zomato.com/hyderabad/93,"Road 100, Secunderabad, Hyderabad",Secunderabad Restaurant 93,Yes,Yes,3.8/5,14991,+91 9078297667,Secunderabad,Fine Dining,Mutton Biryani,"Biryani, North Indian",800,"[('Rated 3.7','Good food and service')]",Pizza,Desserts,Hyderabad
https://www.zomato.com/hyderabad/94,"Road 23, Tolichowki, Hyderabad",Tolichowki Restaurant 94,No,Yes,4.9/5,9414,+91 9990516642,Tolichowki,Bakery,Paneer Butter Masala,"Mughlai, Biryani",1500,"[('Rated 3.9','Good food and service')]",Chicken Biryani,Cafes,Hyderabad
https://www.zomato.com/hyderabad/95,"Road 7, Begumpet, Hyderabad",Begumpet Restaurant 95,No,Yes,4.1/5,8738,+91 9749300385,Begumpet,Cafe,Paneer Butter Masala,Chinese,300,"[('Rated 3.5','Good food and service')]",Paneer Butter Masala,Delivery,Hyderabad
https://www.zomato.com/hyderabad/96,"Road 96, LB Nagar, Hyderabad",LB Restaurant 96,No,Yes,3.4/5,17682,+91 9598087763,LB Nagar,Fine Dining,Mutton Biryani,"Biryani, North Indian",1000,"[('Rated 3.1','Good food and service')]",Paneer Butter Masala,Buffet,Hyderabad
https://www.zomato.com/hyderabad/97,"Road 74, Kukatpally, Hyderabad",Kukatpally Restaurant 97,Yes,No,3.9/5,15004,+91 9009507695,Kukatpally,Cafe,Burger,South Indian,1200,"[('Rated 4.3','Good food and service')]",Burger,Dine-out,Hyderabad
https://www.zomato.com/hyderabad/98,"Road 87, Dilsukhnagar, Hyderabad",Dilsukhnagar Restaurant 98,Yes,Yes,4.7/5,739,+91 9023041440,Dilsukhnagar,Fine Dining,Haleem,Fast Food,300,"[('Rated 3.5','Good food and service')]",Coffee,Buffet,Hyderabad
https://www.zomato.com/hyderabad/99,"Road 40, Banjara Hills, Hyderabad",Banjara Restaurant 99,No,No,3.3/5,10007,+91 9362508262,Banjara Hills,Casual Dining,Burger,"Mughlai, Biryani",500,"[('Rated 3.8','Good food and service')]",Haleem,Desserts,Hyderabad
https://www.zomato.com/hyderabad/100,"Road 87, Dilsukhnagar, Hyderabad",Dilsukhnagar Restaurant 100,Yes,No,4.1/5,4397,+91 9862046196,Dilsukhnagar,Bakery,Chicken Biryani,Fast Food,600,"[('Rated 3.9','Good food and service')]",Haleem,Buffet,Hyderabad
https://www.zomato.com/hyderabad/101,"Road 60, Ameerpet, Hyderabad",Ameerpet Restaurant 101,No,Yes,3.9/5,12925,+91 9995168343,Ameerpet,Cafe,Masala Dosa,"Mughlai, Biryani",600,"[('Rated 4.6','Good food and service')]",Chicken Biryani,Dine-out,Hyderabad
https://www.zomato.com/hyderabad/102,"Road 7, Hitech City, Hyderabad",Hitech Restaurant 102,Yes,No,3.8/5,5013,+91 9912855566,Hitech City,Fine Dining,Coffee,"Biryani, North Indian",1500,"[('Rated 3.5','Good food and service')]",Haleem,Buffet,Hyderabad
https://www.zomato.com/hyderabad/103,"Road 86, Tolichowki, Hyderabad",Tolichowki Restaurant 103,No,Yes,4.4/5,12448,+91 9830334194,Tolichowki,Buffet,Haleem,Chinese,1000,"[('Rated 4.1','Good food and service')]",Pizza,Desserts,Hyderabad
https://www.zomato.com/hyderabad/104,"Road 62, Kukatpally, Hyderabad",Kukatpally Restaurant 104,Yes,Yes,3.8/5,2404,+91 9383557946,Kukatpally,Cafe,Coffee,South Indian,1500,"[('Rated 4.2','Good food and service')]",Mutton Biryani,Cafes,Hyderabad
https://www.zomato.com/hyderabad/105,"Road 81, Begumpet, Hyderabad",Begumpet Restaurant 105,No,Yes,4.7/5,11105,+91 9173764015,Begumpet,Fine Dining,Chicken Biryani,"Cafe, Beverages",600,"[('Rated 3.3','Good food and service')]",Haleem,Buffet,Hyderabad
https://www.zomato.com/hyderabad/106,"Road 99, Madhapur, Hyderabad",Madhapur Restaurant 106,No,Yes,3.5/5,4032,+91 9563010508,Madhapur,Cafe,Pizza,"Biryani, North Indian",400,"[('Rated 3.3','Good food and service')]",Coffee,Dine-out,Hyderabad
https://www.zomato.com/hyderabad/107,"Road 88, Jubilee Hills, Hyderabad",Jubilee Restaurant 107,Yes,No,4.8/5,12080,+91 9168730440,Jubilee Hills,Quick Bites,Chicken Biryani,"Bakery, Desserts",800,"[('Rated 4.9','Good food and service')]",Mutton Biryani,Buffet,Hyderabad
https://www.zomato.com/hyderabad/108,"Road 11, Gachibowli, Hyderabad",Gachibowli Restaurant 108,No,No,4.8/5,17179,+91 9211627683,Gachibowli,Quick Bites,Haleem,"Mughlai, Biryani",1200,"[('Rated 3.9','Good food and service')]",Coffee,Cafes,Hyderabad
https://www.zomato.com/hyderabad/109,"Road 60, Hitech City, Hyderabad",Hitech Restaurant 109,Yes,No,3.8/5,21389,+91 9939612642,Hitech City,Quick Bites,Pizza,"Mughlai, Biryani",400,"[('Rated 4.1','Good food and service')]",Masala Dosa,Dine-out,Hyderabad
https://www.zomato.com/hyderabad/110,"Road 71, Kondapur, Hyderabad",Kondapur Restaurant 110,No,No,3.8/5,19899,+91 9182042192,Kondapur,Cafe,Masala Dosa,"Bakery, Desserts",400,"[('Rated 5.0','Good food and service')]",Paneer Butter Masala,Buffet,Hyderabad
https://www.zomato.com/hyderabad/111,"Road 51, Kondapur, Hyderabad",Kondapur Restaurant 111,Yes,No,4.0/5,13634,+91 9585544026,Kondapur,Bakery,Masala Dosa,South Indian,500,"[('Rated 4.7','Good food and service')]",Masala Dosa,Dine-out,Hyderabad
https://www.zomato.com/hyderabad/112,"Road 65, Kukatpally, Hyderabad",Kukatpally Restaurant 112,No,No,4.0/5,3192,+91 9758952399,Kukatpally,Fine Dining,Pizza,South Indian,500,"[('Rated 3.5','Good food and service')]",Mutton Biryani,Cafes,Hyderabad
https://www.zomato.com/hyderabad/113,"Road 4, Tolichowki, Hyderabad",Tolichowki Restaurant 113,No,Yes,4.6/5,1778,+91 9218316110,Tolichowki,Cafe,Paneer Butter Masala,Chinese,300,"[('Rated 3.6','Good food and service')]",Coffee,Dine-out,Hyderabad
https://www.zomato.com/hyderabad/114,"Road 58, Tolichowki, Hyderabad",Tolichowki Restaurant 114,Yes,No,4.2/5,13443,+91 9276734148,Tolichowki,Cafe,Burger,"Mughlai, Biryani",1000,"[('Rated 3.1','Good food and service')]",Chicken Biryani,Delivery,Hyderabad
https://www.zomato.com/hyderabad/115,"Road 16, Miyapur, Hyderabad",Miyapur Restaurant 115,Yes,Yes,3.4/5,19342,+91 9468980151,Miyapur,Bakery,Haleem,"Bakery, Desserts",400,"[('Rated 4.3','Good food and service')]",Masala Dosa,Cafes,Hyderabad
https://www.zomato.com/hyderabad/116,"Road 47, Hitech City, Hyderabad",Hitech Restaurant 116,No,No,4.4/5,4597,+91 9878048620,Hitech City,Casual Dining,Paneer Butter Masala,"Biryani, North Indian",1500,"[('Rated 3.6','Good food and service')]",Chicken Biryani,Dine-out,Hyderabad
https://www.zomato.com/hyderabad/117,"Road 10, Gachibowli, Hyderabad",Gachibowli Restaurant 117,Yes,No,3.5/5,17631,+91 9827926981,Gachibowli,Fine Dining,Paneer Butter Masala,"Mughlai, Biryani",800,"[('Rated 4.7','Good food and service')]",Chicken Biryani,Buffet,Hyderabad
https://www.zomato.com/hyderabad/118,"Road 68, Banjara Hills, Hyderabad",Banjara Restaurant 118,No,Yes,3.8/5,23428,+91 9543572615,Banjara Hills,Buffet,Burger,South Indian,1200,"[('Rated 3.0','Good food and service')]",Burger,Cafes,Hyderabad
https://www.zomato.com/hyderabad/119,"Road 55, Kondapur, Hyderabad",Kondapur Restaurant 119,No,Yes,3.9/5,24033,+91 9815439904,Kondapur,Buffet,Coffee,"Bakery, Desserts",1500,"[('Rated 3.2','Good food and service')]",Coffee,Cafes,Hyderabad
https://www.zomato.com/hyderabad/120,"Road 95, Dilsukhnagar, Hyderabad",Dilsukhnagar Restaurant 120,Yes,Yes,4.1/5,5427,+91 9946149373,Dilsukhnagar,Bakery,Chicken Biryani,"Biryani, North Indian",400,"[('Rated 4.1','Good food and service')]",Masala Dosa,Dine-out,Hyderabad
https://www.zomato.com/hyderabad/121,"Road 24, Miyapur, Hyderabad",Miyapur Restaurant 121,No,Yes,3.4/5,7183,+91 9309042947,Miyapur,Casual Dining,Pizza,Fast Food,1000,"[('Rated 4.8','Good food and service')]",Haleem,Delivery,Hyderabad
https://www.zomato.com/hyderabad/122,"Road 43, Secunderabad, Hyderabad",Secunderabad Restaurant 122,Yes,Yes,4.4/5,5539,+91 9191917077,Secunderabad,Cafe,Paneer Butter Masala,Fast Food,800,"[('Rated 3.8','Good food and service')]",Burger,Delivery,Hyderabad
https://www.zomato.com/hyderabad/123,"Road 37, Miyapur, Hyderabad",Miyapur Restaurant 123,No,No,3.7/5,3518,+91 9013350681,Miyapur,Bakery,Chicken Biryani,South Indian,800,"[('Rated 3.9','Good food and service')]",Coffee,Desserts,Hyderabad
https://www.zomato.com/hyderabad/124,"Road 87, Banjara Hills, Hyderabad",Banjara Restaurant 124,No,Yes,4.8/5,82,+91 9736592044,Banjara Hills,Cafe,Burger,"Bakery, Desserts",1500,"[('Rated 4.4','Good food and service')]",Burger,Desserts,Hyderabad
https://www.zomato.com/hyderabad/125,"Road 49, Ameerpet, Hyderabad",Ameerpet Restaurant 125,Yes,No,4.8/5,20702,+91 9421098610,Ameerpet,Bakery,Chicken Biryani,"Biryani, North Indian",600,"[('Rated 3.3','Good food and service')]",Paneer Butter Masala,Buffet,Hyderabad
https://www.zomato.com/hyderabad/126,"Road 50, Miyapur, Hyderabad",Miyapur Restaurant 126,Yes,No,4.8/5,9976,+91 9307886579,Miyapur,Quick Bites,Haleem,Fast Food,500,"[('Rated 3.2','Good food and service')]",Paneer Butter Masala,Delivery,Hyderabad
https://www.zomato.com/hyderabad/127,"Road 42, LB Nagar, Hyderabad",LB Restaurant 127,Yes,Yes,3.6/5,23481,+91 9042999417,LB Nagar,Quick Bites,Paneer Butter Masala,Chinese,600,"[('Rated 4.6','Good food and service')]",Pizza,Dine-out,Hyderabad
https://www.zomato.com/hyderabad/128,"Road 62, Madhapur, Hyderabad",Madhapur Restaurant 128,Yes,No,3.7/5,10648,+91 9943278229,Madhapur,Bakery,Haleem,"Bakery, Desserts",500,"[('Rated 3.1','Good food and service')]",Masala Dosa,Delivery,Hyderabad
https://www.zomato.com/hyderabad/129,"Road 61, Ameerpet, Hyderabad",Ameerpet Restaurant 129,No,Yes,3.4/5,11757,+91 9488427997,Ameerpet,Casual Dining,Paneer Butter Masala,"Bakery, Desserts",800,"[('Rated 3.2','Good food and service')]",Pizza,Dine-out,Hyderabad
https://www.zomato.com/hyderabad/130,"Road 49, Begumpet, Hyderabad",Begumpet Restaurant 130,Yes,Yes,3.4/5,1139,+91 9787505741,Begumpet,Fine Dining,Mutton Biryani,Fast Food,300,"[('Rated 3.2','Good food and service')]",Chicken Biryani,Desserts,Hyderabad
https://www.zomato.com/hyderabad/131,"Road 79, Kondapur, Hyderabad",Kondapur Restaurant 131,No,Yes,3.7/5,19723,+91 9171497398,Kondapur,Bakery,Chicken Biryani,"Bakery, Desserts",1500,"[('Rated 3.6','Good food and service')]",Chicken Biryani,Dine-out,Hyderabad
https://www.zomato.com/hyderabad/132,"Road 33, Kondapur, Hyderabad",Kondapur Restaurant 132,Yes,No,4.0/5,2761,+91 9960183429,Kondapur,Quick Bites,Paneer Butter Masala,"Bakery, Desserts",1500,"[('Rated 3.0','Good food and service')]",Chicken Biryani,Dine-out,Hyderabad
https://www.zomato.com/hyderabad/133,"Road 69, Secunderabad, Hyderabad",Secunderabad Restaurant 133,No,Yes,4.3/5,24986,+91 9736529119,Secunderabad,Bakery,Masala Dosa,"Bakery, Desserts",800,"[('Rated 4.0','Good food and service')]",Mutton Biryani,Desserts,Hyderabad
https://www.zomato.com/hyderabad/134,"Road 66, Gachibowli, Hyderabad",Gachibowli Restaurant 134,No,No,3.2/5,7158,+91 9057427844,Gachibowli,Fine Dining,Chicken Biryani,Fast Food,800,"[('Rated 4.2','Good food and service')]",Coffee,Dine-out,Hyderabad
https://www.zomato.com/hyderabad/135,"Road 30, Banjara Hills, Hyderabad",Banjara Restaurant 135,No,No,3.7/5,3705,+91 9964377555,Banjara Hills,Bakery,Burger,South Indian,1000,"[('Rated 3.3','Good food and service')]",Mutton Biryani,Delivery,Hyderabad
https://www.zomato.com/hyderabad/136,"Road 28, Tolichowki, Hyderabad",Tolichowki Restaurant 136,Yes,No,3.9/5,1774,+91 9006421228,Tolichowki,Quick Bites,Mutton Biryani,Fast Food,1500,"[('Rated 3.0','Good food and service')]",Coffee,Dine-out,Hyderabad
https://www.zomato.com/hyderabad/137,"Road 85, Madhapur, Hyderabad",Madhapur Restaurant 137,No,No,4.3/5,13944,+91 9546714468,Madhapur,Casual Dining,Masala Dosa,"Mughlai, Biryani",300,"[('Rated 3.3','Good food and service')]",Haleem,Cafes,Hyderabad
https://www.zomato.com/hyderabad/138,"Road 70, Dilsukhnagar, Hyderabad",Dilsukhnagar Restaurant 138,No,Yes,3.6/5,9238,+91 9260819049,Dilsukhnagar,Cafe,Chicken Biryani,Chinese,500,"[('Rated 3.8','Good food and service')]",Mutton Biryani,Cafes,Hyderabad
https://www.zomato.com/hyderabad/139,"Road 25, Secunderabad, Hyderabad",Secunderabad Restaurant 139,Yes,No,3.3/5,9289,+91 9398590224,Secunderabad,Cafe,Haleem,"Bakery, Desserts",1200,"[('Rated 4.4','Good food and service')]",Haleem,Dine-out,Hyderabad
https://www.zomato.com/hyderabad/140,"Road 31, Banjara Hills, Hyderabad",Banjara Restaurant 140,Yes,Yes,4.5/5,11081,+91 9425777022,Banjara Hills,Fine Dining,Masala Dosa,South Indian,400,"[('Rated 4.6','Good food and service')]",Paneer Butter Masala,Cafes,Hyderabad
https://www.zomato.com/hyderabad/141,"Road 91, Secunderabad, Hyderabad",Secunderabad Restaurant 141,Yes,Yes,3.4/5,16176,+91 9170840966,Secunderabad,Cafe,Coffee,"Biryani, North Indian",1200,"[('Rated 3.4','Good food and service')]",Coffee,Cafes,Hyderabad
https://www.zomato.com/hyderabad/142,"Road 50, Jubilee Hills, Hyderabad",Jubilee Restaurant 142,No,No,3.2/5,16886,+91 9132129401,Jubilee Hills,Casual Dining,Paneer Butter Masala,"Bakery, Desserts",300,"[('Rated 3.7','Good food and service')]",Pizza,Dine-out,Hyderabad
https://www.zomato.com/hyderabad/143,"Road 28, Begumpet, Hyderabad",Begumpet Restaurant 143,Yes,Yes,4.2/5,1985,+91 9899330207,Begumpet,Casual Dining,Chicken Biryani,"Biryani, North Indian",300,"[('Rated 4.8','Good food and service')]",Haleem,Delivery,Hyderabad
https://www.zomato.com/hyderabad/144,"Road 44, Begumpet, Hyderabad",Begumpet Restaurant 144,Yes,No,4.3/5,19817,+91 9875946612,Begumpet,Buffet,Mutton Biryani,"Cafe, Beverages",1000,"[('Rated 3.7','Good food and service')]",Coffee,Buffet,Hyderabad
https://www.zomato.com/hyderabad/145,"Road 21, Miyapur, Hyderabad",Miyapur Restaurant 145,No,No,4.1/5,8222,+91 9702623939,Miyapur,Cafe,Haleem,South Indian,1500,"[('Rated 4.8','Good food and service')]",Haleem,Dine-out,Hyderabad
https://www.zomato.com/hyderabad/146,"Road 15, Hitech City, Hyderabad",Hitech Restaurant 146,Yes,Yes,3.9/5,17246,+91 9009311027,Hitech City,Quick Bites,Pizza,"Cafe, Beverages",800,"[('Rated 4.2','Good food and service')]",Haleem,Buffet,Hyderabad
https://www.zomato.com/hyderabad/147,"Road 88, Madhapur, Hyderabad",Madhapur Restaurant 147,No,Yes,3.3/5,11738,+91 9969496346,Madhapur,Cafe,Burger,"Bakery, Desserts",600,"[('Rated 3.9','Good food and service')]",Haleem,Desserts,Hyderabad
https://www.zomato.com/hyderabad/148,"Road 84, Jubilee Hills, Hyderabad",Jubilee Restaurant 148,No,Yes,4.3/5,13958,+91 9915521023,Jubilee Hills,Cafe,Paneer Butter Masala,"Biryani, North Indian",800,"[('Rated 3.4','Good food and service')]",Coffee,Desserts,Hyderabad
https://www.zomato.com/hyderabad/149,"Road 89, Miyapur, Hyderabad",Miyapur Restaurant 149,Yes,No,3.9/5,18537,+91 9708036424,Miyapur,Cafe,Coffee,Fast Food,500,"[('Rated 4.1','Good food and service')]",Burger,Desserts,Hyderabad
https://www.zomato.com/hyderabad/150,"Road 50, Miyapur, Hyderabad",Miyapur Restaurant 150,No,No,4.8/5,9628,+91 9458577447,Miyapur,Quick Bites,Mutton Biryani,"Mughlai, Biryani",600,"[('Rated 3.3','Good food and service')]",Burger,Desserts,Hyderabad
https://www.zomato.com/hyderabad/151,"Road 67, Kukatpally, Hyderabad",Kukatpally Restaurant 151,No,Yes,3.5/5,15917,+91 9105088087,Kukatpally,Buffet,Haleem,"Biryani, North Indian",800,"[('Rated 3.0','Good food and service')]",Masala Dosa,Buffet,Hyderabad
https://www.zomato.com/hyderabad/152,"Road 95, Gachibowli, Hyderabad",Gachibowli Restaurant 152,Yes,No,3.8/5,16782,+91 9087989582,Gachibowli,Cafe,Pizza,South Indian,1200,"[('Rated 4.3','Good food and service')]",Haleem,Dine-out,Hyderabad
https://www.zomato.com/hyderabad/153,"Road 54, Jubilee Hills, Hyderabad",Jubilee Restaurant 153,Yes,No,3.8/5,23853,+91 9928864030,Jubilee Hills,Casual Dining,Paneer Butter Masala,"Mughlai, Biryani",800,"[('Rated 3.1','Good food and service')]",Pizza,Cafes,Hyderabad
https://www.zomato.com/hyderabad/154,"Road 62, Charminar, Hyderabad",Charminar Restaurant 154,No,Yes,4.9/5,13445,+91 9098728611,Charminar,Bakery,Pizza,"Mughlai, Biryani",800,"[('Rated 4.2','Good food and service')]",Pizza,Cafes,Hyderabad
https://www.zomato.com/hyderabad/155,"Road 55, Tolichowki, Hyderabad",Tolichowki Restaurant 155,Yes,Yes,3.9/5,13801,+91 9634151234,Tolichowki,Buffet,Paneer Butter Masala,"Biryani, North Indian",1200,"[('Rated 4.9','Good food and service')]",Paneer Butter Masala,Delivery,Hyderabad
https://www.zomato.com/hyderabad/156,"Road 64, LB Nagar, Hyderabad",LB Restaurant 156,Yes,No,4.9/5,6516,+91 9037354182,LB Nagar,Quick Bites,Haleem,"Cafe, Beverages",500,"[('Rated 4.8','Good food and service')]",Haleem,Dine-out,Hyderabad
https://www.zomato.com/hyderabad/157,"Road 92, Kondapur, Hyderabad",Kondapur Restaurant 157,Yes,No,3.3/5,16684,+91 9402606671,Kondapur,Quick Bites,Pizza,Chinese,1000,"[('Rated 3.2','Good food and service')]",Pizza,Buffet,Hyderabad
https://www.zomato.com/hyderabad/158,"Road 29, Dilsukhnagar, Hyderabad",Dilsukhnagar Restaurant 158,No,No,3.2/5,2327,+91 9522325675,Dilsukhnagar,Quick Bites,Pizza,South Indian,800,"[('Rated 4.1','Good food and service')]",Haleem,Cafes,Hyderabad
https://www.zomato.com/hyderabad/159,"Road 54, Hitech City, Hyderabad",Hitech Restaurant 159,No,Yes,4.9/5,21809,+91 9865494938,Hitech City,Cafe,Burger,"Biryani, North Indian",500,"[('Rated 3.1','Good food and service')]",Chicken Biryani,Buffet,Hyderabad
https://www.zomato.com/hyderabad/160,"Road 29, Gachibowli, Hyderabad",Gachibowli Restaurant 160,Yes,No,3.9/5,5976,+91 9976729645,Gachibowli,Bakery,Chicken Biryani,South Indian,1000,"[('Rated 4.8','Good food and service')]",Chicken Biryani,Delivery,Hyderabad
https://www.zomato.com/hyderabad/161,"Road 71, Hitech City, Hyderabad",Hitech Restaurant 161,No,Yes,3.7/5,9818,+91 9455733378,Hitech City,Casual Dining,Haleem,Chinese,1000,"[('Rated 4.6','Good food and service')]",Coffee,Desserts,Hyderabad
https://www.zomato.com/hyderabad/162,"Road 14, Hitech City, Hyderabad",Hitech Restaurant 162,No,No,4.0/5,9247,+91 9681686651,Hitech City,Casual Dining,Mutton Biryani,South Indian,300,"[('Rated 3.7','Good food and service')]",Mutton Biryani,Desserts,Hyderabad
https://www.zomato.com/hyderabad/163,"Road 11, Gachibowli, Hyderabad",Gachibowli Restaurant 163,Yes,Yes,3.6/5,17320,+91 9583145231,Gachibowli,Bakery,Pizza,Chinese,400,"[('Rated 3.4','Good food and service')]",Mutton Biryani,Desserts,Hyderabad
https://www.zomato.com/hyderabad/164,"Road 59, Ameerpet, Hyderabad",Ameerpet Restaurant 164,No,No,3.4/5,11864,+91 9065660178,Ameerpet,Buffet,Chicken Biryani,Chinese,1500,"[('Rated 3.6','Good food and service')]",Pizza,Delivery,Hyderabad
https://www.zomato.com/hyderabad/165,"Road 76, Jubilee Hills, Hyderabad",Jubilee Restaurant 165,Yes,Yes,3.5/5,10012,+91 9612198809,Jubilee Hills,Cafe,Mutton Biryani,"Cafe, Beverages",1200,"[('Rated 3.8','Good food and service')]",Mutton Biryani,Dine-out,Hyderabad
https://www.zomato.com/hyderabad/166,"Road 42, Tolichowki, Hyderabad",Tolichowki Restaurant 166,Yes,No,4.2/5,3345,+91 9648414253,Tolichowki,Fine Dining,Haleem,"Bakery, Desserts",500,"[('Rated 3.5','Good food and service')]",Mutton Biryani,Buffet,Hyderabad
https://www.zomato.com/hyderabad/167,"Road 66, Begumpet, Hyderabad",Begumpet Restaurant 167,Yes,No,3.9/5,3133,+91 9387754817,Begumpet,Quick Bites,Masala Dosa,"Biryani, North Indian",1500,"[('Rated 3.4','Good food and service')]",Pizza,Desserts,Hyderabad
https://www.zomato.com/hyderabad/168,"Road 94, Kukatpally, Hyderabad",Kukatpally Restaurant 168,No,No,3.4/5,23290,+91 9452160043,Kukatpally,Casual Dining,Paneer Butter Masala,Chinese,800,"[('Rated 3.7','Good food and service')]",Burger,Desserts,Hyderabad
https://www.zomato.com/hyderabad/169,"Road 72, Kondapur, Hyderabad",Kondapur Restaurant 169,No,Yes,3.9/5,12784,+91 9651293165,Kondapur,Fine Dining,Coffee,"Mughlai, Biryani",500,"[('Rated 4.7','Good food and service')]",Haleem,Cafes,Hyderabad
https://www.zomato.com/hyderabad/170,"Road 28, Jubilee Hills, Hyderabad",Jubilee Restaurant 170,Yes,No,3.5/5,2130,+91 9039306245,Jubilee Hills,Casual Dining,Mutton Biryani,Chinese,1200,"[('Rated 3.3','Good food and service')]",Haleem,Desserts,Hyderabad
https://www.zomato.com/hyderabad/171,"Road 79, Begumpet, Hyderabad",Begumpet Restaurant 171,No,Yes,4.4/5,22270,+91 9965035876,Begumpet,Quick Bites,Chicken Biryani,"Bakery, Desserts",800,"[('Rated 4.4','Good food and service')]",Pizza,Buffet,Hyderabad
https://www.zomato.com/hyderabad/172,"Road 89, Banjara Hills, Hyderabad",Banjara Restaurant 172,Yes,Yes,3.6/5,10292,+91 9751123058,Banjara Hills,Bakery,Mutton Biryani,"Cafe, Beverages",800,"[('Rated 3.1','Good food and service')]",Haleem,Buffet,Hyderabad
https://www.zomato.com/hyderabad/173,"Road 67, Kukatpally, Hyderabad",Kukatpally Restaurant 173,Yes,No,4.1/5,23991,+91 9318549264,Kukatpally,Buffet,Paneer Butter Masala,"Mughlai, Biryani",1200,"[('Rated 4.1','Good food and service')]",Burger,Dine-out,Hyderabad
https://www.zomato.com/hyderabad/174,"Road 44, LB Nagar, Hyderabad",LB Restaurant 174,No,No,3.9/5,11266,+91 9734829341,LB Nagar,Cafe,Burger,"Bakery, Desserts",600,"[('Rated 3.2','Good food and service')]",Chicken Biryani,Cafes,Hyderabad
https://www.zomato.com/hyderabad/175,"Road 15, Kondapur, Hyderabad",Kondapur Restaurant 175,No,No,3.9/5,18561,+91 9557756292,Kondapur,Cafe,Masala Dosa,Chinese,1200,"[('Rated 4.9','Good food and service')]",Paneer Butter Masala,Dine-out,Hyderabad
https://www.zomato.com/hyderabad/176,"Road 28, Miyapur, Hyderabad",Miyapur Restaurant 176,No,No,4.6/5,16805,+91 9320707775,Miyapur,Quick Bites,Haleem,South Indian,1200,"[('Rated 4.2','Good food and service')]",Burger,Buffet,Hyderabad
https://www.zomato.com/hyderabad/177,"Road 50, Kondapur, Hyderabad",Kondapur Restaurant 177,Yes,No,3.6/5,9836,+91 9787142842,Kondapur,Quick Bites,Mutton Biryani,"Bakery, Desserts",500,"[('Rated 3.8','Good food and service')]",Haleem,Cafes,Hyderabad
https://www.zomato.com/hyderabad/178,"Road 80, Gachibowli, Hyderabad",Gachibowli Restaurant 178,No,No,4.6/5,17769,+91 9641501754,Gachibowli,Cafe,Chicken Biryani,Chinese,1200,"[('Rated 4.1','Good food and service')]",Haleem,Cafes,Hyderabad
https://www.zomato.com/hyderabad/179,"Road 74, Hitech City, Hyderabad",Hitech Restaurant 179,Yes,No,4.6/5,11730,+91 9693266609,Hitech City,Buffet,Pizza,South Indian,300,"[('Rated 3.6','Good food and service')]",Burger,Dine-out,Hyderabad
https://www.zomato.com/hyderabad/180,"Road 9, Begumpet, Hyderabad",Begumpet Restaurant 180,Yes,No,3.4/5,10339,+91 9601267575,Begumpet,Buffet,Paneer Butter Masala,"Mughlai, Biryani",1500,"[('Rated 4.7','Good food and service')]",Pizza,Desserts,Hyderabad
https://www.zomato.com/hyderabad/181,"Road 64, Charminar, Hyderabad",Charminar Restaurant 181,No,Yes,4.4/5,22772,+91 9755164967,Charminar,Quick Bites,Pizza,"Bakery, Desserts",500,"[('Rated 3.1','Good food and service')]",Masala Dosa,Buffet,Hyderabad
https://www.zomato.com/hyderabad/182,"Road 84, Hitech City, Hyderabad",Hitech Restaurant 182,Yes,No,4.6/5,21574,+91 9891530588,Hitech City,Fine Dining,Coffee,Fast Food,300,"[('Rated 3.0','Good food and service')]",Burger,Desserts,Hyderabad
https://www.zomato.com/hyderabad/183,"Road 76, Kukatpally, Hyderabad",Kukatpally Restaurant 183,Yes,Yes,4.3/5,23729,+91 9072519270,Kukatpally,Fine Dining,Coffee,"Cafe, Beverages",1200,"[('Rated 3.3','Good food and service')]",Mutton Biryani,Buffet,Hyderabad
https://www.zomato.com/hyderabad/184,"Road 37, Tolichowki, Hyderabad",Tolichowki Restaurant 184,Yes,No,4.0/5,68,+91 9638991289,Tolichowki,Casual Dining,Mutton Biryani,Chinese,1500,"[('Rated 4.7','Good food and service')]",Pizza,Dine-out,Hyderabad
https://www.zomato.com/hyderabad/185,"Road 2, Hitech City, Hyderabad",Hitech Restaurant 185,No,Yes,4.2/5,5095,+91 9866416717,Hitech City,Casual Dining,Burger,"Biryani, North Indian",600,"[('Rated 4.7','Good food and service')]",Chicken Biryani,Dine-out,Hyderabad
https://www.zomato.com/hyderabad/186,"Road 54, Kukatpally, Hyderabad",Kukatpally Restaurant 186,No,Yes,4.6/5,13621,+91 9867344799,Kukatpally,Cafe,Chicken Biryani,"Bakery, Desserts",400,"[('Rated 4.6','Good food and service')]",Burger,Buffet,Hyderabad
https://www.zomato.com/hyderabad/187,"Road 44, Kukatpally, Hyderabad",Kukatpally Restaurant 187,Yes,Yes,3.8/5,16377,+91 9985324830,Kukatpally,Casual Dining,Paneer Butter Masala,"Biryani, North Indian",800,"[('Rated 5.0','Good food and service')]",Paneer Butter Masala,Delivery,Hyderabad
https://www.zomato.com/hyderabad/188,"Road 69, Miyapur, Hyderabad",Miyapur Restaurant 188,No,Yes,4.6/5,6579,+91 9668914989,Miyapur,Buffet,Burger,"Cafe, Beverages",1200,"[('Rated 4.3','Good food and service')]",Haleem,Delivery,Hyderabad
https://www.zomato.com/hyderabad/189,"Road 19, Banjara Hills, Hyderabad",Banjara Restaurant 189,Yes,Yes,4.2/5,11304,+91 9331197293,Banjara Hills,Fine Dining,Paneer Butter Masala,"Mughlai, Biryani",1000,"[('Rated 4.2','Good food and service')]",Coffee,Desserts,Hyderabad
https://www.zomato.com/hyderabad/190,"Road 5, Madhapur, Hyderabad",Madhapur Restaurant 190,No,No,3.8/5,25000,+91 9497888623,Madhapur,Quick Bites,Burger,Fast Food,1200,"[('Rated 4.4','Good food and service')]",Haleem,Desserts,Hyderabad
https://www.zomato.com/hyderabad/191,"Road 94, Ameerpet, Hyderabad",Ameerpet Restaurant 191,No,No,4.8/5,8291,+91 9949660765,Ameerpet,Quick Bites,Chicken Biryani,"Mughlai, Biryani",300,"[('Rated 4.8','Good food and service')]",Burger,Cafes,Hyderabad
https://www.zomato.com/hyderabad/192,"Road 40, Kondapur, Hyderabad",Kondapur Restaurant 192,No,No,3.3/5,2018,+91 9083961730,Kondapur,Buffet,Burger,"Cafe, Beverages",1500,"[('Rated 4.1','Good food and service')]",Coffee,Dine-out,Hyderabad
https://www.zomato.com/hyderabad/193,"Road 6, LB Nagar, Hyderabad",LB Restaurant 193,Yes,No,4.7/5,565,+91 9807188980,LB Nagar,Cafe,Chicken Biryani,South Indian,800,"[('Rated 3.4','Good food and service')]",Paneer Butter Masala,Cafes,Hyderabad
https://www.zomato.com/hyderabad/194,"Road 24, LB Nagar, Hyderabad",LB Restaurant 194,No,Yes,4.8/5,3078,+91 9458550952,LB Nagar,Fine Dining,Burger,"Cafe, Beverages",500,"[('Rated 4.6','Good food and service')]",Chicken Biryani,Dine-out,Hyderabad
https://www.zomato.com/hyderabad/195,"Road 75, Jubilee Hills, Hyderabad",Jubilee Restaurant 195,No,Yes,4.9/5,2112,+91 9978778946,Jubilee Hills,Cafe,Coffee,Chinese,500,"[('Rated 4.0','Good food and service')]",Pizza,Delivery,Hyderabad
https://www.zomato.com/hyderabad/196,"Road 69, Charminar, Hyderabad",Charminar Restaurant 196,No,Yes,4.3/5,24174,+91 9983949654,Charminar,Cafe,Burger,"Mughlai, Biryani",1500,"[('Rated 4.2','Good food and service')]",Burger,Cafes,Hyderabad
https://www.zomato.com/hyderabad/197,"Road 7, Banjara Hills, Hyderabad",Banjara Restaurant 197,No,Yes,4.5/5,7349,+91 9143363925,Banjara Hills,Quick Bites,Paneer Butter Masala,Fast Food,400,"[('Rated 4.5','Good food and service')]",Pizza,Cafes,Hyderabad
https://www.zomato.com/hyderabad/198,"Road 85, Madhapur, Hyderabad",Madhapur Restaurant 198,No,No,3.6/5,4304,+91 9626502323,Madhapur,Fine Dining,Pizza,South Indian,500,"[('Rated 4.3','Good food and service')]",Coffee,Dine-out,Hyderabad
https://www.zomato.com/hyderabad/199,"Road 55, Banjara Hills, Hyderabad",Banjara Restaurant 199,Yes,No,4.7/5,7905,+91 9204051302,Banjara Hills,Fine Dining,Paneer Butter Masala,"Biryani, North Indian",800,"[('Rated 3.8','Good food and service')]",Haleem,Buffet,Hyderabad
https://www.zomato.com/hyderabad/200,"Road 86, Miyapur, Hyderabad",Miyapur Restaurant 200,No,No,4.1/5,7176,+91 9123404713,Miyapur,Buffet,Pizza,Chinese,1500,"[('Rated 4.0','Good food and service')]",Coffee,Delivery,Hyderabad
https://www.zomato.com/hyderabad/201,"Road 56, Dilsukhnagar, Hyderabad",Dilsukhnagar Restaurant 201,No,Yes,3.2/5,19775,+91 9096463270,Dilsukhnagar,Fine Dining,Paneer Butter Masala,Chinese,800,"[('Rated 3.0','Good food and service')]",Masala Dosa,Desserts,Hyderabad
https://www.zomato.com/hyderabad/202,"Road 65, Jubilee Hills, Hyderabad",Jubilee Restaurant 202,Yes,Yes,3.5/5,14888,+91 9759053502,Jubilee Hills,Fine Dining,Burger,South Indian,800,"[('Rated 4.9','Good food and service')]",Masala Dosa,Dine-out,Hyderabad
https://www.zomato.com/hyderabad/203,"Road 62, Hitech City, Hyderabad",Hitech Restaurant 203,Yes,No,3.7/5,7275,+91 9673299212,Hitech City,Buffet,Coffee,"Bakery, Desserts",1500,"[('Rated 4.2','Good food and service')]",Chicken Biryani,Cafes,Hyderabad
https://www.zomato.com/hyderabad/204,"Road 25, Banjara Hills, Hyderabad",Banjara Restaurant 204,Yes,No,3.6/5,8147,+91 9887864735,Banjara Hills,Buffet,Masala Dosa,"Cafe, Beverages",300,"[('Rated 4.2','Good food and service')]",Chicken Biryani,Desserts,Hyderabad
https://www.zomato.com/hyderabad/205,"Road 35, Jubilee Hills, Hyderabad",Jubilee Restaurant 205,No,Yes,3.8/5,11062,+91 9451804727,Jubilee Hills,Cafe,Pizza,Fast Food,800,"[('Rated 4.1','Good food and service')]",Pizza,Desserts,Hyderabad
https://www.zomato.com/hyderabad/206,"Road 7, Madhapur, Hyderabad",Madhapur Restaurant 206,No,Yes,3.6/5,1411,+91 9108362248,Madhapur,Quick Bites,Burger,"Mughlai, Biryani",1000,"[('Rated 3.5','Good food and service')]",Pizza,Dine-out,Hyderabad
https://www.zomato.com/hyderabad/207,"Road 4, LB Nagar, Hyderabad",LB Restaurant 207,No,No,4.4/5,9269,+91 9209679947,LB Nagar,Fine Dining,Mutton Biryani,Chinese,1500,"[('Rated 4.7','Good food and service')]",Coffee,Desserts,Hyderabad
https://www.zomato.com/hyderabad/208,"Road 57, Madhapur, Hyderabad",Madhapur Restaurant 208,No,Yes,3.3/5,24430,+91 9792899142,Madhapur,Casual Dining,Pizza,Fast Food,500,"[('Rated 3.1','Good food and service')]",Paneer Butter Masala,Dine-out,Hyderabad
https://www.zomato.com/hyderabad/209,"Road 48, Kukatpally, Hyderabad",Kukatpally Restaurant 209,Yes,Yes,3.6/5,9340,+91 9638543435,Kukatpally,Casual Dining,Pizza,Chinese,500,"[('Rated 3.2','Good food and service')]",Pizza,Buffet,Hyderabad
https://www.zomato.com/hyderabad/210,"Road 64, Begumpet, Hyderabad",Begumpet Restaurant 210,Yes,Yes,4.5/5,2219,+91 9058905997,Begumpet,Buffet,Mutton Biryani,"Biryani, North Indian",1500,"[('Rated 3.1','Good food and service')]",Mutton Biryani,Dine-out,Hyderabad
https://www.zomato.com/hyderabad/211,"Road 91, Banjara Hills, Hyderabad",Banjara Restaurant 211,No,Yes,3.5/5,23682,+91 9387343350,Banjara Hills,Cafe,Burger,"Cafe, Beverages",800,"[('Rated 4.3','Good food and service')]",Masala Dosa,Buffet,Hyderabad
https://www.zomato.com/hyderabad/212,"Road 93, Charminar, Hyderabad",Charminar Restaurant 212,No,No,3.5/5,19160,+91 9913643610,Charminar,Buffet,Haleem,"Mughlai, Biryani",1500,"[('Rated 3.1','Good food and service')]",Burger,Dine-out,Hyderabad
https://www.zomato.com/hyderabad/213,"Road 13, Dilsukhnagar, Hyderabad",Dilsukhnagar Restaurant 213,Yes,No,4.6/5,2768,+91 9213959978,Dilsukhnagar,Casual Dining,Paneer Butter Masala,"Biryani, North Indian",1200,"[('Rated 4.3','Good food and service')]",Haleem,Desserts,Hyderabad
https://www.zomato.com/hyderabad/214,"Road 53, Charminar, Hyderabad",Charminar Restaurant 214,Yes,Yes,4.0/5,16497,+91 9678544518,Charminar,Cafe,Chicken Biryani,"Biryani, North Indian",1500,"[('Rated 3.6','Good food and service')]",Coffee,Delivery,Hyderabad
https://www.zomato.com/hyderabad/215,"Road 49, Ameerpet, Hyderabad",Ameerpet Restaurant 215,No,No,3.3/5,626,+91 9156889081,Ameerpet,Fine Dining,Pizza,Fast Food,500,"[('Rated 4.9','Good food and service')]",Paneer Butter Masala,Desserts,Hyderabad
https://www.zomato.com/hyderabad/216,"Road 3, Madhapur, Hyderabad",Madhapur Restaurant 216,No,Yes,3.4/5,16001,+91 9044007191,Madhapur,Fine Dining,Haleem,South Indian,1000,"[('Rated 3.3','Good food and service')]",Burger,Desserts,Hyderabad
https://www.zomato.com/hyderabad/217,"Road 39, Secunderabad, Hyderabad",Secunderabad Restaurant 217,No,No,3.5/5,23618,+91 9489901394,Secunderabad,Bakery,Pizza,South Indian,600,"[('Rated 3.2','Good food and service')]",Pizza,Desserts,Hyderabad
https://www.zomato.com/hyderabad/218,"Road 57, Dilsukhnagar, Hyderabad",Dilsukhnagar Restaurant 218,Yes,No,4.5/5,12287,+91 9144072270,Dilsukhnagar,Fine Dining,Haleem,"Mughlai, Biryani",300,"[('Rated 3.0','Good food and service')]",Coffee,Buffet,Hyderabad
https://www.zomato.com/hyderabad/219,"Road 74, Dilsukhnagar, Hyderabad",Dilsukhnagar Restaurant 219,No,No,4.3/5,20162,+91 9637066855,Dilsukhnagar,Cafe,Haleem,"Mughlai, Biryani",300,"[('Rated 3.8','Good food and service')]",Masala Dosa,Cafes,Hyderabad
https://www.zomato.com/hyderabad/220,"Road 82, Madhapur, Hyderabad",Madhapur Restaurant 220,No,Yes,3.3/5,17364,+91 9903027388,Madhapur,Casual Dining,Pizza,Chinese,400,"[('Rated 3.8','Good food and service')]",Paneer Butter Masala,Desserts,Hyderabad
https://www.zomato.com/hyderabad/221,"Road 21, Kukatpally, Hyderabad",Kukatpally Restaurant 221,No,No,3.7/5,5635,+91 9294366728,Kukatpally,Casual Dining,Pizza,Chinese,1200,"[('Rated 4.0','Good food and service')]",Coffee,Buffet,Hyderabad
https://www.zomato.com/hyderabad/222,"Road 61, Banjara Hills, Hyderabad",Banjara Restaurant 222,No,No,4.5/5,4686,+91 9779004458,Banjara Hills,Casual Dining,Coffee,"Biryani, North Indian",1000,"[('Rated 4.3','Good food and service')]",Paneer Butter Masala,Delivery,Hyderabad
https://www.zomato.com/hyderabad/223,"Road 61, Ameerpet, Hyderabad",Ameerpet Restaurant 223,Yes,Yes,4.3/5,14001,+91 9647851104,Ameerpet,Quick Bites,Burger,"Mughlai, Biryani",1500,"[('Rated 5.0','Good food and service')]",Masala Dosa,Delivery,Hyderabad
https://www.zomato.com/hyderabad/224,"Road 86, Ameerpet, Hyderabad",Ameerpet Restaurant 224,No,Yes,3.7/5,16843,+91 9186781398,Ameerpet,Casual Dining,Masala Dosa,South Indian,800,"[('Rated 3.7','Good food and service')]",Mutton Biryani,Cafes,Hyderabad
https://www.zomato.com/hyderabad/225,"Road 99, Jubilee Hills, Hyderabad",Jubilee Restaurant 225,Yes,No,4.0/5,23412,+91 9306481983,Jubilee Hills,Quick Bites,Chicken Biryani,South Indian,300,"[('Rated 4.0','Good food and service')]",Chicken Biryani,Dine-out,Hyderabad
https://www.zomato.com/hyderabad/226,"Road 21, Kukatpally, Hyderabad",Kukatpally Restaurant 226,No,No,3.2/5,14740,+91 9003356035,Kukatpally,Quick Bites,Mutton Biryani,"Cafe, Beverages",1000,"[('Rated 4.6','Good food and service')]",Mutton Biryani,Buffet,Hyderabad
https://www.zomato.com/hyderabad/227,"Road 49, Secunderabad, Hyderabad",Secunderabad Restaurant 227,No,Yes,4.4/5,20557,+91 9516689999,Secunderabad,Quick Bites,Chicken Biryani,"Mughlai, Biryani",600,"[('Rated 3.6','Good food and service')]",Masala Dosa,Delivery,Hyderabad
https://www.zomato.com/hyderabad/228,"Road 42, Dilsukhnagar, Hyderabad",Dilsukhnagar Restaurant 228,No,No,3.6/5,9667,+91 9624759310,Dilsukhnagar,Casual Dining,Haleem,"Cafe, Beverages",1200,"[('Rated 3.1','Good food and service')]",Pizza,Delivery,Hyderabad
https://www.zomato.com/hyderabad/229,"Road 17, Gachibowli, Hyderabad",Gachibowli Restaurant 229,No,Yes,4.6/5,15715,+91 9301363703,Gachibowli,Casual Dining,Burger,South Indian,1500,"[('Rated 3.9','Good food and service')]",Haleem,Buffet,Hyderabad
https://www.zomato.com/hyderabad/230,"Road 83, Ameerpet, Hyderabad",Ameerpet Restaurant 230,Yes,No,4.3/5,8893,+91 9832023655,Ameerpet,Bakery,Coffee,Fast Food,1500,"[('Rated 3.9','Good food and service')]",Pizza,Delivery,Hyderabad
https://www.zomato.com/hyderabad/231,"Road 76, Miyapur, Hyderabad",Miyapur Restaurant 231,No,No,4.1/5,14117,+91 9532328775,Miyapur,Bakery,Burger,"Bakery, Desserts",400,"[('Rated 3.5','Good food and service')]",Chicken Biryani,Cafes,Hyderabad
https://www.zomato.com/hyderabad/232,"Road 77, Charminar, Hyderabad",Charminar Restaurant 232,No,Yes,4.9/5,1057,+91 9901425058,Charminar,Quick Bites,Burger,Chinese,600,"[('Rated 3.7','Good food and service')]",Burger,Dine-out,Hyderabad
https://www.zomato.com/hyderabad/233,"Road 48, Tolichowki, Hyderabad",Tolichowki Restaurant 233,No,Yes,3.8/5,22924,+91 9782096958,Tolichowki,Casual Dining,Haleem,South Indian,1500,"[('Rated 4.5','Good food and service')]",Haleem,Desserts,Hyderabad
https://www.zomato.com/hyderabad/234,"Road 69, Jubilee Hills, Hyderabad",Jubilee Restaurant 234,No,No,3.3/5,23529,+91 9049542713,Jubilee Hills,Buffet,Chicken Biryani,"Biryani, North Indian",600,"[('Rated 4.0','Good food and service')]",Mutton Biryani,Desserts,Hyderabad
https://www.zomato.com/hyderabad/235,"Road 18, Begumpet, Hyderabad",Begumpet Restaurant 235,No,No,3.5/5,702,+91 9026392188,Begumpet,Bakery,Coffee,"Biryani, North Indian",800,"[('Rated 5.0','Good food and service')]",Burger,Cafes,Hyderabad
https://www.zomato.com/hyderabad/236,"Road 63, Ameerpet, Hyderabad",Ameerpet Restaurant 236,No,Yes,4.2/5,2673,+91 9361940769,Ameerpet,Buffet,Coffee,"Bakery, Desserts",300,"[('Rated 3.6','Good food and service')]",Chicken Biryani,Cafes,Hyderabad
https://www.zomato.com/hyderabad/237,"Road 95, Hitech City, Hyderabad",Hitech Restaurant 237,No,Yes,3.9/5,10550,+91 9630425583,Hitech City,Bakery,Pizza,"Mughlai, Biryani",1200,"[('Rated 4.7','Good food and service')]",Coffee,Delivery,Hyderabad
https://www.zomato.com/hyderabad/238,"Road 13, Madhapur, Hyderabad",Madhapur Restaurant 238,Yes,No,4.2/5,589,+91 9254961289,Madhapur,Cafe,Mutton Biryani,Fast Food,1200,"[('Rated 3.5','Good food and service')]",Mutton Biryani,Buffet,Hyderabad
https://www.zomato.com/hyderabad/239,"Road 68, Secunderabad, Hyderabad",Secunderabad Restaurant 239,Yes,No,3.5/5,116,+91 9414408959,Secunderabad,Casual Dining,Paneer Butter Masala,"Biryani, North Indian",300,"[('Rated 4.9','Good food and service')]",Coffee,Cafes,Hyderabad
https://www.zomato.com/hyderabad/240,"Road 99, Banjara Hills, Hyderabad",Banjara Restaurant 240,No,No,4.7/5,23263,+91 9946484866,Banjara Hills,Buffet,Mutton Biryani,Chinese,300,"[('Rated 4.7','Good food and service')]",Chicken Biryani,Dine-out,Hyderabad
https://www.zomato.com/hyderabad/241,"Road 41, Miyapur, Hyderabad",Miyapur Restaurant 241,No,Yes,4.2/5,586,+91 9008600035,Miyapur,Buffet,Haleem,"Cafe, Beverages",300,"[('Rated 3.4','Good food and service')]",Chicken Biryani,Dine-out,Hyderabad
https://www.zomato.com/hyderabad/242,"Road 31, Madhapur, Hyderabad",Madhapur Restaurant 242,Yes,No,3.3/5,16730,+91 9705820226,Madhapur,Fine Dining,Masala Dosa,Chinese,1200,"[('Rated 3.6','Good food and service')]",Mutton Biryani,Cafes,Hyderabad
https://www.zomato.com/hyderabad/243,"Road 45, Charminar, Hyderabad",Charminar Restaurant 243,Yes,No,4.1/5,21180,+91 9926178278,Charminar,Casual Dining,Mutton Biryani,"Mughlai, Biryani",300,"[('Rated 4.3','Good food and service')]",Chicken Biryani,Delivery,Hyderabad
https://www.zomato.com/hyderabad/244,"Road 50, Begumpet, Hyderabad",Begumpet Restaurant 244,No,Yes,3.7/5,4381,+91 9774367220,Begumpet,Buffet,Paneer Butter Masala,Fast Food,400,"[('Rated 3.4','Good food and service')]",Burger,Desserts,Hyderabad
https://www.zomato.com/hyderabad/245,"Road 78, Banjara Hills, Hyderabad",Banjara Restaurant 245,Yes,No,3.9/5,2130,+91 9142319145,Banjara Hills,Casual Dining,Paneer Butter Masala,Fast Food,1500,"[('Rated 4.2','Good food and service')]",Paneer Butter Masala,Desserts,Hyderabad
https://www.zomato.com/hyderabad/246,"Road 90, Miyapur, Hyderabad",Miyapur Restaurant 246,No,Yes,3.8/5,2470,+91 9879489246,Miyapur,Cafe,Coffee,"Mughlai, Biryani",500,"[('Rated 4.8','Good food and service')]",Pizza,Dine-out,Hyderabad
https://www.zomato.com/hyderabad/247,"Road 45, Hitech City, Hyderabad",Hitech Restaurant 247,No,No,4.4/5,8895,+91 9844628697,Hitech City,Bakery,Paneer Butter Masala,Fast Food,800,"[('Rated 3.1','Good food and service')]",Burger,Cafes,Hyderabad
https://www.zomato.com/hyderabad/248,"Road 29, Hitech City, Hyderabad",Hitech Restaurant 248,No,No,3.6/5,7790,+91 9578597863,Hitech City,Bakery,Mutton Biryani,Chinese,300,"[('Rated 3.2','Good food and service')]",Burger,Delivery,Hyderabad
https://www.zomato.com/hyderabad/249,"Road 51, Kondapur, Hyderabad",Kondapur Restaurant 249,Yes,No,3.9/5,4738,+91 9464841888,Kondapur,Cafe,Coffee,"Biryani, North Indian",400,"[('Rated 3.8','Good food and service')]",Burger,Cafes,Hyderabad
https://www.zomato.com/hyderabad/250,"Road 22, Banjara Hills, Hyderabad",Banjara Restaurant 250,Yes,No,4.1/5,15436,+91 9417664825,Banjara Hills,Fine Dining,Coffee,"Biryani, North Indian",600,"[('Rated 3.4','Good food and service')]",Paneer Butter Masala,Cafes,Hyderabad
https://www.zomato.com/hyderabad/251,"Road 56, Ameerpet, Hyderabad",Ameerpet Restaurant 251,No,No,3.5/5,3077,+91 9640575116,Ameerpet,Quick Bites,Paneer Butter Masala,Fast Food,400,"[('Rated 3.1','Good food and service')]",Coffee,Buffet,Hyderabad
https://www.zomato.com/hyderabad/252,"Road 42, Kukatpally, Hyderabad",Kukatpally Restaurant 252,No,Yes,4.9/5,2759,+91 9350109823,Kukatpally,Buffet,Mutton Biryani,"Mughlai, Biryani",1000,"[('Rated 4.4','Good food and service')]",Mutton Biryani,Delivery,Hyderabad
https://www.zomato.com/hyderabad/253,"Road 15, Secunderabad, Hyderabad",Secunderabad Restaurant 253,Yes,No,3.7/5,7081,+91 9984161757,Secunderabad,Casual Dining,Paneer Butter Masala,"Biryani, North Indian",800,"[('Rated 3.6','Good food and service')]",Pizza,Desserts,Hyderabad
https://www.zomato.com/hyderabad/254,"Road 61, Gachibowli, Hyderabad",Gachibowli Restaurant 254,No,Yes,3.9/5,14574,+91 9338004357,Gachibowli,Bakery,Mutton Biryani,South Indian,300,"[('Rated 4.3','Good food and service')]",Coffee,Desserts,Hyderabad
https://www.zomato.com/hyderabad/255,"Road 8, Tolichowki, Hyderabad",Tolichowki Restaurant 255,No,Yes,4.6/5,24697,+91 9789162385,Tolichowki,Casual Dining,Burger,"Mughlai, Biryani",400,"[('Rated 3.2','Good food and service')]",Haleem,Delivery,Hyderabad
https://www.zomato.com/hyderabad/256,"Road 28, Begumpet, Hyderabad",Begumpet Restaurant 256,Yes,No,4.2/5,9387,+91 9311133725,Begumpet,Cafe,Masala Dosa,"Biryani, North Indian",1000,"[('Rated 4.4','Good food and service')]",Mutton Biryani,Desserts,Hyderabad
https://www.zomato.com/hyderabad/257,"Road 9, Madhapur, Hyderabad",Madhapur Restaurant 257,No,Yes,3.9/5,7175,+91 9145563359,Madhapur,Bakery,Chicken Biryani,"Bakery, Desserts",600,"[('Rated 3.8','Good food and service')]",Burger,Buffet,Hyderabad
https://www.zomato.com/hyderabad/258,"Road 34, Banjara Hills, Hyderabad",Banjara Restaurant 258,Yes,No,4.5/5,5356,+91 9962086008,Banjara Hills,Bakery,Masala Dosa,"Biryani, North Indian",800,"[('Rated 4.5','Good food and service')]",Mutton Biryani,Buffet,Hyderabad
https://www.zomato.com/hyderabad/259,"Road 34, Madhapur, Hyderabad",Madhapur Restaurant 259,Yes,Yes,3.8/5,18627,+91 9447170084,Madhapur,Buffet,Coffee,"Cafe, Beverages",1000,"[('Rated 3.4','Good food and service')]",Burger,Buffet,Hyderabad
https://www.zomato.com/hyderabad/260,"Road 88, Kukatpally, Hyderabad",Kukatpally Restaurant 260,Yes,Yes,4.2/5,23195,+91 9156160232,Kukatpally,Quick Bites,Chicken Biryani,Fast Food,300,"[('Rated 3.2','Good food and service')]",Pizza,Delivery,Hyderabad
https://www.zomato.com/hyderabad/261,"Road 75, Charminar, Hyderabad",Charminar Restaurant 261,No,No,3.4/5,3818,+91 9867369645,Charminar,Cafe,Burger,"Cafe, Beverages",1200,"[('Rated 3.5','Good food and service')]",Masala Dosa,Dine-out,Hyderabad
https://www.zomato.com/hyderabad/262,"Road 63, Jubilee Hills, Hyderabad",Jubilee Restaurant 262,No,Yes,4.5/5,794,+91 9734458935,Jubilee Hills,Casual Dining,Masala Dosa,"Biryani, North Indian",1500,"[('Rated 3.5','Good food and service')]",Masala Dosa,Delivery,Hyderabad
https://www.zomato.com/hyderabad/263,"Road 85, Charminar, Hyderabad",Charminar Restaurant 263,Yes,Yes,4.5/5,24935,+91 9672333286,Charminar,Cafe,Paneer Butter Masala,Fast Food,500,"[('Rated 4.9','Good food and service')]",Pizza,Dine-out,Hyderabad
https://www.zomato.com/hyderabad/264,"Road 11, Ameerpet, Hyderabad",Ameerpet Restaurant 264,Yes,No,3.6/5,16549,+91 9575803489,Ameerpet,Bakery,Haleem,"Biryani, North Indian",300,"[('Rated 3.5','Good food and service')]",Pizza,Buffet,Hyderabad
https://www.zomato.com/hyderabad/265,"Road 78, Madhapur, Hyderabad",Madhapur Restaurant 265,Yes,Yes,4.5/5,1349,+91 9577528644,Madhapur,Bakery,Coffee,"Biryani, North Indian",1000,"[('Rated 4.3','Good food and service')]",Chicken Biryani,Dine-out,Hyderabad
https://www.zomato.com/hyderabad/266,"Road 62, Hitech City, Hyderabad",Hitech Restaurant 266,No,Yes,3.3/5,9061,+91 9340703874,Hitech City,Bakery,Paneer Butter Masala,"Bakery, Desserts",500,"[('Rated 3.6','Good food and service')]",Pizza,Desserts,Hyderabad
https://www.zomato.com/hyderabad/267,"Road 25, Tolichowki, Hyderabad",Tolichowki Restaurant 267,Yes,Yes,3.5/5,10495,+91 9406585155,Tolichowki,Quick Bites,Haleem,"Bakery, Desserts",300,"[('Rated 4.2','Good food and service')]",Paneer Butter Masala,Cafes,Hyderabad
https://www.zomato.com/hyderabad/268,"Road 1, Miyapur, Hyderabad",Miyapur Restaurant 268,No,Yes,4.3/5,6378,+91 9808314261,Miyapur,Cafe,Mutton Biryani,"Bakery, Desserts",1200,"[('Rated 3.1','Good food and service')]",Masala Dosa,Cafes,Hyderabad
https://www.zomato.com/hyderabad/269,"Road 23, Madhapur, Hyderabad",Madhapur Restaurant 269,Yes,No,3.7/5,3994,+91 9596153460,Madhapur,Bakery,Coffee,Fast Food,300,"[('Rated 3.4','Good food and service')]",Pizza,Cafes,Hyderabad
https://www.zomato.com/hyderabad/270,"Road 16, Begumpet, Hyderabad",Begumpet Restaurant 270,No,Yes,4.9/5,12739,+91 9728902371,Begumpet,Cafe,Haleem,"Cafe, Beverages",1200,"[('Rated 3.2','Good food and service')]",Haleem,Cafes,Hyderabad
https://www.zomato.com/hyderabad/271,"Road 64, Ameerpet, Hyderabad",Ameerpet Restaurant 271,No,Yes,3.4/5,5824,+91 9471016397,Ameerpet,Quick Bites,Burger,"Bakery, Desserts",800,"[('Rated 3.1','Good food and service')]",Chicken Biryani,Delivery,Hyderabad
https://www.zomato.com/hyderabad/272,"Road 71, Ameerpet, Hyderabad",Ameerpet Restaurant 272,No,Yes,3.2/5,9618,+91 9976959373,Ameerpet,Cafe,Haleem,"Bakery, Desserts",1500,"[('Rated 4.0','Good food and service')]",Haleem,Dine-out,Hyderabad
https://www.zomato.com/hyderabad/273,"Road 60, Banjara Hills, Hyderabad",Banjara Restaurant 273,No,Yes,4.2/5,19587,+91 9922125712,Banjara Hills,Bakery,Burger,"Mughlai, Biryani",300,"[('Rated 4.4','Good food and service')]",Masala Dosa,Dine-out,Hyderabad
https://www.zomato.com/hyderabad/274,"Road 18, Madhapur, Hyderabad",Madhapur Restaurant 274,Yes,No,4.8/5,21317,+91 9824649438,Madhapur,Quick Bites,Pizza,"Cafe, Beverages",400,"[('Rated 3.3','Good food and service')]",Coffee,Cafes,Hyderabad
https://www.zomato.com/hyderabad/275,"Road 81, Hitech City, Hyderabad",Hitech Restaurant 275,Yes,No,4.0/5,1762,+91 9135169166,Hitech City,Casual Dining,Masala Dosa,Chinese,300,"[('Rated 4.4','Good food and service')]",Mutton Biryani,Desserts,Hyderabad
https://www.zomato.com/hyderabad/276,"Road 8, Dilsukhnagar, Hyderabad",Dilsukhnagar Restaurant 276,No,No,4.6/5,20499,+91 9302296604,Dilsukhnagar,Fine Dining,Haleem,Fast Food,400,"[('Rated 4.7','Good food and service')]",Chicken Biryani,Desserts,Hyderabad
https://www.zomato.com/hyderabad/277,"Road 88, Madhapur, Hyderabad",Madhapur Restaurant 277,Yes,Yes,4.2/5,8889,+91 9666713647,Madhapur,Bakery,Burger,Fast Food,600,"[('Rated 3.6','Good food and service')]",Pizza,Cafes,Hyderabad
https://www.zomato.com/hyderabad/278,"Road 59, Gachibowli, Hyderabad",Gachibowli Restaurant 278,Yes,No,3.9/5,6548,+91 9842210997,Gachibowli,Buffet,Pizza,"Mughlai, Biryani",1200,"[('Rated 4.0','Good food and service')]",Mutton Biryani,Buffet,Hyderabad
https://www.zomato.com/hyderabad/279,"Road 23, Tolichowki, Hyderabad",Tolichowki Restaurant 279,Yes,Yes,3.6/5,17008,+91 9335770079,Tolichowki,Quick Bites,Masala Dosa,"Biryani, North Indian",600,"[('Rated 4.4','Good food and service')]",Paneer Butter Masala,Delivery,Hyderabad
https://www.zomato.com/hyderabad/280,"Road 81, Kondapur, Hyderabad",Kondapur Restaurant 280,No,Yes,4.6/5,24601,+91 9740087073,Kondapur,Fine Dining,Masala Dosa,Fast Food,800,"[('Rated 3.6','Good food and service')]",Masala Dosa,Cafes,Hyderabad
https://www.zomato.com/hyderabad/281,"Road 77, Miyapur, Hyderabad",Miyapur Restaurant 281,No,Yes,4.3/5,4054,+91 9005896107,Miyapur,Bakery,Chicken Biryani,"Cafe, Beverages",1000,"[('Rated 4.7','Good food and service')]",Burger,Cafes,Hyderabad
https://www.zomato.com/hyderabad/282,"Road 85, Banjara Hills, Hyderabad",Banjara Restaurant 282,Yes,Yes,3.3/5,18222,+91 9240375039,Banjara Hills,Quick Bites,Chicken Biryani,Chinese,500,"[('Rated 3.6','Good food and service')]",Mutton Biryani,Buffet,Hyderabad
https://www.zomato.com/hyderabad/283,"Road 63, Gachibowli, Hyderabad",Gachibowli Restaurant 283,Yes,Yes,3.3/5,23516,+91 9252770500,Gachibowli,Quick Bites,Masala Dosa,"Biryani, North Indian",1000,"[('Rated 4.7','Good food and service')]",Mutton Biryani,Dine-out,Hyderabad
https://www.zomato.com/hyderabad/284,"Road 38, Gachibowli, Hyderabad",Gachibowli Restaurant 284,No,No,4.8/5,23754,+91 9180976443,Gachibowli,Quick Bites,Coffee,"Cafe, Beverages",800,"[('Rated 3.9','Good food and service')]",Haleem,Buffet,Hyderabad
https://www.zomato.com/hyderabad/285,"Road 38, Madhapur, Hyderabad",Madhapur Restaurant 285,Yes,Yes,4.3/5,14533,+91 9728200622,Madhapur,Cafe,Haleem,"Mughlai, Biryani",300,"[('Rated 4.5','Good food and service')]",Pizza,Buffet,Hyderabad
https://www.zomato.com/hyderabad/286,"Road 30, Hitech City, Hyderabad",Hitech Restaurant 286,Yes,No,3.5/5,10390,+91 9729639394,Hitech City,Bakery,Coffee,Chinese,1500,"[('Rated 3.6','Good food and service')]",Mutton Biryani,Dine-out,Hyderabad
https://www.zomato.com/hyderabad/287,"Road 19, LB Nagar, Hyderabad",LB Restaurant 287,Yes,No,3.9/5,10142,+91 9555479097,LB Nagar,Cafe,Pizza,Chinese,500,"[('Rated 4.2','Good food and service')]",Mutton Biryani,Dine-out,Hyderabad
https://www.zomato.com/hyderabad/288,"Road 61, Begumpet, Hyderabad",Begumpet Restaurant 288,No,Yes,3.4/5,22002,+91 9086529912,Begumpet,Cafe,Masala Dosa,Fast Food,800,"[('Rated 3.6','Good food and service')]",Masala Dosa,Delivery,Hyderabad
https://www.zomato.com/hyderabad/289,"Road 97, Tolichowki, Hyderabad",Tolichowki Restaurant 289,No,Yes,4.4/5,13383,+91 9886892515,Tolichowki,Casual Dining,Paneer Butter Masala,Chinese,800,"[('Rated 3.8','Good food and service')]",Burger,Delivery,Hyderabad
https://www.zomato.com/hyderabad/290,"Road 74, Miyapur, Hyderabad",Miyapur Restaurant 290,No,No,4.7/5,16221,+91 9576880064,Miyapur,Cafe,Mutton Biryani,South Indian,1200,"[('Rated 4.7','Good food and service')]",Pizza,Buffet,Hyderabad
https://www.zomato.com/hyderabad/291,"Road 97, Ameerpet, Hyderabad",Ameerpet Restaurant 291,Yes,No,4.7/5,10305,+91 9614841266,Ameerpet,Quick Bites,Coffee,"Cafe, Beverages",600,"[('Rated 4.3','Good food and service')]",Haleem,Desserts,Hyderabad
https://www.zomato.com/hyderabad/292,"Road 26, Secunderabad, Hyderabad",Secunderabad Restaurant 292,Yes,No,3.8/5,12470,+91 9399572932,Secunderabad,Cafe,Burger,South Indian,1000,"[('Rated 3.8','Good food and service')]",Paneer Butter Masala,Delivery,Hyderabad
https://www.zomato.com/hyderabad/293,"Road 80, Madhapur, Hyderabad",Madhapur Restaurant 293,No,Yes,4.9/5,18053,+91 9352746793,Madhapur,Buffet,Paneer Butter Masala,"Mughlai, Biryani",1500,"[('Rated 4.1','Good food and service')]",Chicken Biryani,Desserts,Hyderabad
https://www.zomato.com/hyderabad/294,"Road 74, Dilsukhnagar, Hyderabad",Dilsukhnagar Restaurant 294,No,No,4.7/5,20166,+91 9481393640,Dilsukhnagar,Quick Bites,Mutton Biryani,"Mughlai, Biryani",1000,"[('Rated 5.0','Good food and service')]",Coffee,Delivery,Hyderabad
https://www.zomato.com/hyderabad/295,"Road 22, Miyapur, Hyderabad",Miyapur Restaurant 295,No,Yes,4.1/5,3607,+91 9981950796,Miyapur,Bakery,Haleem,"Cafe, Beverages",1200,"[('Rated 4.9','Good food and service')]",Masala Dosa,Dine-out,Hyderabad
https://www.zomato.com/hyderabad/296,"Road 54, Kukatpally, Hyderabad",Kukatpally Restaurant 296,Yes,No,4.9/5,8720,+91 9567238331,Kukatpally,Fine Dining,Haleem,"Mughlai, Biryani",1200,"[('Rated 3.2','Good food and service')]",Masala Dosa,Dine-out,Hyderabad
https://www.zomato.com/hyderabad/297,"Road 12, Gachibowli, Hyderabad",Gachibowli Restaurant 297,No,Yes,4.3/5,12308,+91 9517013074,Gachibowli,Buffet,Burger,"Cafe, Beverages",300,"[('Rated 4.5','Good food and service')]",Chicken Biryani,Buffet,Hyderabad
https://www.zomato.com/hyderabad/298,"Road 65, Gachibowli, Hyderabad",Gachibowli Restaurant 298,Yes,No,3.2/5,15907,+91 9437524757,Gachibowli,Cafe,Masala Dosa,South Indian,300,"[('Rated 4.0','Good food and service')]",Masala Dosa,Cafes,Hyderabad
https://www.zomato.com/hyderabad/299,"Road 24, Tolichowki, Hyderabad",Tolichowki Restaurant 299,No,No,4.4/5,3302,+91 9795917970,Tolichowki,Bakery,Chicken Biryani,"Biryani, North Indian",400,"[('Rated 4.4','Good food and service')]",Paneer Butter Masala,Cafes,Hyderabad
https://www.zomato.com/hyderabad/300,"Road 83, Tolichowki, Hyderabad",Tolichowki Restaurant 300,No,No,4.8/5,15960,+91 9052832892,Tolichowki,Quick Bites,Chicken Biryani,"Cafe, Beverages",1500,"[('Rated 3.6','Good food and service')]",Pizza,Buffet,Hyderabad
https://www.zomato.com/hyderabad/301,"Road 57, Tolichowki, Hyderabad",Tolichowki Restaurant 301,No,No,3.4/5,21037,+91 9174236236,Tolichowki,Fine Dining,Masala Dosa,"Cafe, Beverages",1000,"[('Rated 4.0','Good food and service')]",Mutton Biryani,Cafes,Hyderabad
https://www.zomato.com/hyderabad/302,"Road 78, Kukatpally, Hyderabad",Kukatpally Restaurant 302,Yes,No,3.4/5,13561,+91 9140225746,Kukatpally,Quick Bites,Paneer Butter Masala,"Cafe, Beverages",1500,"[('Rated 3.6','Good food and service')]",Mutton Biryani,Buffet,Hyderabad
https://www.zomato.com/hyderabad/303,"Road 54, Begumpet, Hyderabad",Begumpet Restaurant 303,No,No,3.7/5,6835,+91 9902434443,Begumpet,Cafe,Coffee,"Mughlai, Biryani",1500,"[('Rated 4.3','Good food and service')]",Haleem,Desserts,Hyderabad
https://www.zomato.com/hyderabad/304,"Road 89, LB Nagar, Hyderabad",LB Restaurant 304,Yes,Yes,4.8/5,13856,+91 9690878983,LB Nagar,Casual Dining,Chicken Biryani,Fast Food,1200,"[('Rated 3.3','Good food and service')]",Coffee,Dine-out,Hyderabad
https://www.zomato.com/hyderabad/305,"Road 95, Kondapur, Hyderabad",Kondapur Restaurant 305,Yes,Yes,3.9/5,6031,+91 9485355708,Kondapur,Buffet,Chicken Biryani,Fast Food,1000,"[('Rated 3.2','Good food and service')]",Coffee,Delivery,Hyderabad
https://www.zomato.com/hyderabad/306,"Road 39, Ameerpet, Hyderabad",Ameerpet Restaurant 306,No,No,4.6/5,23017,+91 9159829592,Ameerpet,Casual Dining,Masala Dosa,South Indian,1200,"[('Rated 3.6','Good food and service')]",Paneer Butter Masala,Cafes,Hyderabad
https://www.zomato.com/hyderabad/307,"Road 74, Secunderabad, Hyderabad",Secunderabad Restaurant 307,No,No,4.3/5,14782,+91 9447339696,Secunderabad,Bakery,Burger,"Cafe, Beverages",400,"[('Rated 4.9','Good food and service')]",Paneer Butter Masala,Delivery,Hyderabad
https://www.zomato.com/hyderabad/308,"Road 49, Jubilee Hills, Hyderabad",Jubilee Restaurant 308,Yes,No,3.9/5,21271,+91 9185041553,Jubilee Hills,Bakery,Masala Dosa,"Bakery, Desserts",1200,"[('Rated 4.1','Good food and service')]",Pizza,Delivery,Hyderabad
https://www.zomato.com/hyderabad/309,"Road 13, Madhapur, Hyderabad",Madhapur Restaurant 309,No,No,4.8/5,15510,+91 9102064872,Madhapur,Buffet,Chicken Biryani,Fast Food,600,"[('Rated 3.4','Good food and service')]",Haleem,Delivery,Hyderabad
https://www.zomato.com/hyderabad/310,"Road 51, Gachibowli, Hyderabad",Gachibowli Restaurant 310,Yes,Yes,3.4/5,9480,+91 9255941583,Gachibowli,Quick Bites,Mutton Biryani,"Cafe, Beverages",1200,"[('Rated 3.7','Good food and service')]",Chicken Biryani,Desserts,Hyderabad
https://www.zomato.com/hyderabad/311,"Road 16, Jubilee Hills, Hyderabad",Jubilee Restaurant 311,Yes,Yes,4.5/5,15780,+91 9480525705,Jubilee Hills,Bakery,Coffee,Chinese,1000,"[('Rated 4.4','Good food and service')]",Haleem,Dine-out,Hyderabad
https://www.zomato.com/hyderabad/312,"Road 91, Charminar, Hyderabad",Charminar Restaurant 312,No,Yes,4.5/5,10868,+91 9747805554,Charminar,Quick Bites,Burger,Chinese,300,"[('Rated 3.6','Good food and service')]",Coffee,Delivery,Hyderabad
https://www.zomato.com/hyderabad/313,"Road 39, LB Nagar, Hyderabad",LB Restaurant 313,Yes,Yes,4.7/5,8707,+91 9193564297,LB Nagar,Fine Dining,Masala Dosa,Chinese,800,"[('Rated 4.5','Good food and service')]",Pizza,Buffet,Hyderabad
https://www.zomato.com/hyderabad/314,"Road 14, Charminar, Hyderabad",Charminar Restaurant 314,No,No,4.9/5,24547,+91 9274479351,Charminar,Fine Dining,Haleem,"Bakery, Desserts",1000,"[('Rated 4.7','Good food and service')]",Masala Dosa,Cafes,Hyderabad
https://www.zomato.com/hyderabad/315,"Road 84, Dilsukhnagar, Hyderabad",Dilsukhnagar Restaurant 315,Yes,Yes,3.6/5,16658,+91 9928783805,Dilsukhnagar,Quick Bites,Pizza,Fast Food,1200,"[('Rated 3.3','Good food and service')]",Chicken Biryani,Cafes,Hyderabad
https://www.zomato.com/hyderabad/316,"Road 83, Gachibowli, Hyderabad",Gachibowli Restaurant 316,No,Yes,3.2/5,2487,+91 9831339884,Gachibowli,Casual Dining,Coffee,Chinese,300,"[('Rated 4.3','Good food and service')]",Haleem,Cafes,Hyderabad
https://www.zomato.com/hyderabad/317,"Road 6, Miyapur, Hyderabad",Miyapur Restaurant 317,Yes,Yes,3.8/5,1908,+91 9332467803,Miyapur,Quick Bites,Haleem,"Cafe, Beverages",1500,"[('Rated 3.1','Good food and service')]",Chicken Biryani,Delivery,Hyderabad
https://www.zomato.com/hyderabad/318,"Road 44, Gachibowli, Hyderabad",Gachibowli Restaurant 318,No,Yes,3.4/5,309,+91 9911923220,Gachibowli,Quick Bites,Coffee,"Mughlai, Biryani",500,"[('Rated 3.8','Good food and service')]",Masala Dosa,Desserts,Hyderabad
https://www.zomato.com/hyderabad/319,"Road 92, Gachibowli, Hyderabad",Gachibowli Restaurant 319,No,Yes,4.2/5,23442,+91 9937871023,Gachibowli,Quick Bites,Chicken Biryani,"Mughlai, Biryani",1000,"[('Rated 3.1','Good food and service')]",Mutton Biryani,Dine-out,Hyderabad
https://www.zomato.com/hyderabad/320,"Road 83, Secunderabad, Hyderabad",Secunderabad Restaurant 320,Yes,Yes,3.4/5,8618,+91 9639712981,Secunderabad,Quick Bites,Masala Dosa,"Biryani, North Indian",1500,"[('Rated 3.1','Good food and service')]",Haleem,Desserts,Hyderabad
https://www.zomato.com/hyderabad/321,"Road 79, Kondapur, Hyderabad",Kondapur Restaurant 321,No,No,4.6/5,6131,+91 9763467445,Kondapur,Cafe,Haleem,South Indian,600,"[('Rated 3.3','Good food and service')]",Pizza,Desserts,Hyderabad
https://www.zomato.com/hyderabad/322,"Road 93, Charminar, Hyderabad",Charminar Restaurant 322,No,Yes,4.2/5,11920,+91 9311021005,Charminar,Casual Dining,Coffee,"Mughlai, Biryani",500,"[('Rated 3.6','Good food and service')]",Mutton Biryani,Delivery,Hyderabad
https://www.zomato.com/hyderabad/323,"Road 99, Banjara Hills, Hyderabad",Banjara Restaurant 323,Yes,No,4.6/5,6258,+91 9288577668,Banjara Hills,Buffet,Masala Dosa,Chinese,300,"[('Rated 5.0','Good food and service')]",Burger,Desserts,Hyderabad
https://www.zomato.com/hyderabad/324,"Road 13, Secunderabad, Hyderabad",Secunderabad Restaurant 324,No,Yes,3.8/5,7899,+91 9909552314,Secunderabad,Bakery,Coffee,Fast Food,800,"[('Rated 3.7','Good food and service')]",Chicken Biryani,Cafes,Hyderabad
https://www.zomato.com/hyderabad/325,"Road 12, Kondapur, Hyderabad",Kondapur Restaurant 325,No,Yes,4.4/5,5507,+91 9539037849,Kondapur,Cafe,Haleem,Fast Food,800,"[('Rated 4.9','Good food and service')]",Coffee,Buffet,Hyderabad
https://www.zomato.com/hyderabad/326,"Road 8, Ameerpet, Hyderabad",Ameerpet Restaurant 326,Yes,No,4.8/5,10450,+91 9652822983,Ameerpet,Quick Bites,Masala Dosa,South Indian,500,"[('Rated 3.1','Good food and service')]",Chicken Biryani,Delivery,Hyderabad
https://www.zomato.com/hyderabad/327,"Road 54, Miyapur, Hyderabad",Miyapur Restaurant 327,No,No,4.3/5,16715,+91 9966109526,Miyapur,Buffet,Masala Dosa,"Mughlai, Biryani",400,"[('Rated 4.4','Good food and service')]",Haleem,Dine-out,Hyderabad
https://www.zomato.com/hyderabad/328,"Road 23, Madhapur, Hyderabad",Madhapur Restaurant 328,Yes,No,4.7/5,14306,+91 9677721571,Madhapur,Buffet,Burger,South Indian,400,"[('Rated 3.5','Good food and service')]",Chicken Biryani,Delivery,Hyderabad
https://www.zomato.com/hyderabad/329,"Road 12, Charminar, Hyderabad",Charminar Restaurant 329,No,No,4.5/5,18740,+91 9148486126,Charminar,Cafe,Masala Dosa,"Mughlai, Biryani",500,"[('Rated 4.2','Good food and service')]",Chicken Biryani,Buffet,Hyderabad
https://www.zomato.com/hyderabad/330,"Road 49, Gachibowli, Hyderabad",Gachibowli Restaurant 330,Yes,Yes,4.9/5,3162,+91 9049335435,Gachibowli,Quick Bites,Chicken Biryani,"Mughlai, Biryani",300,"[('Rated 3.6','Good food and service')]",Burger,Buffet,Hyderabad
https://www.zomato.com/hyderabad/331,"Road 44, Kukatpally, Hyderabad",Kukatpally Restaurant 331,No,Yes,3.6/5,11070,+91 9634927317,Kukatpally,Quick Bites,Chicken Biryani,"Biryani, North Indian",400,"[('Rated 3.2','Good food and service')]",Masala Dosa,Dine-out,Hyderabad
https://www.zomato.com/hyderabad/332,"Road 85, Miyapur, Hyderabad",Miyapur Restaurant 332,No,No,3.8/5,15479,+91 9382495521,Miyapur,Quick Bites,Burger,"Bakery, Desserts",1200,"[('Rated 3.6','Good food and service')]",Burger,Dine-out,Hyderabad
https://www.zomato.com/hyderabad/333,"Road 62, Dilsukhnagar, Hyderabad",Dilsukhnagar Restaurant 333,Yes,No,3.9/5,24335,+91 9210788973,Dilsukhnagar,Cafe,Masala Dosa,Chinese,800,"[('Rated 3.4','Good food and service')]",Pizza,Buffet,Hyderabad
https://www.zomato.com/hyderabad/334,"Road 63, Kondapur, Hyderabad",Kondapur Restaurant 334,No,No,3.2/5,7478,+91 9549776759,Kondapur,Bakery,Paneer Butter Masala,South Indian,1200,"[('Rated 3.7','Good food and service')]",Pizza,Buffet,Hyderabad
https://www.zomato.com/hyderabad/335,"Road 64, Gachibowli, Hyderabad",Gachibowli Restaurant 335,Yes,Yes,4.8/5,20699,+91 9400080577,Gachibowli,Cafe,Paneer Butter Masala,South Indian,1200,"[('Rated 4.1','Good food and service')]",Mutton Biryani,Buffet,Hyderabad
https://www.zomato.com/hyderabad/336,"Road 63, Tolichowki, Hyderabad",Tolichowki Restaurant 336,No,No,4.0/5,23170,+91 9353762802,Tolichowki,Bakery,Masala Dosa,"Mughlai, Biryani",1500,"[('Rated 4.3','Good food and service')]",Burger,Buffet,Hyderabad
https://www.zomato.com/hyderabad/337,"Road 69, Hitech City, Hyderabad",Hitech Restaurant 337,No,No,3.2/5,10158,+91 9912282352,Hitech City,Buffet,Coffee,South Indian,1000,"[('Rated 3.0','Good food and service')]",Haleem,Buffet,Hyderabad
https://www.zomato.com/hyderabad/338,"Road 27, Secunderabad, Hyderabad",Secunderabad Restaurant 338,Yes,Yes,3.8/5,2730,+91 9361729612,Secunderabad,Cafe,Haleem,"Cafe, Beverages",1500,"[('Rated 3.3','Good food and service')]",Coffee,Dine-out,Hyderabad
https://www.zomato.com/hyderabad/339,"Road 64, Gachibowli, Hyderabad",Gachibowli Restaurant 339,No,Yes,4.2/5,15652,+91 9961802693,Gachibowli,Quick Bites,Pizza,Chinese,400,"[('Rated 3.9','Good food and service')]",Paneer Butter Masala,Dine-out,Hyderabad
https://www.zomato.com/hyderabad/340,"Road 17, Begumpet, Hyderabad",Begumpet Restaurant 340,Yes,No,3.3/5,5007,+91 9451075298,Begumpet,Fine Dining,Mutton Biryani,Fast Food,1000,"[('Rated 3.7','Good food and service')]",Pizza,Desserts,Hyderabad
https://www.zomato.com/hyderabad/341,"Road 6, Hitech City, Hyderabad",Hitech Restaurant 341,Yes,Yes,3.6/5,8654,+91 9548885897,Hitech City,Bakery,Haleem,"Bakery, Desserts",300,"[('Rated 4.1','Good food and service')]",Masala Dosa,Buffet,Hyderabad
https://www.zomato.com/hyderabad/342,"Road 38, Dilsukhnagar, Hyderabad",Dilsukhnagar Restaurant 342,Yes,Yes,3.5/5,17077,+91 9821377127,Dilsukhnagar,Fine Dining,Pizza,"Cafe, Beverages",1000,"[('Rated 4.0','Good food and service')]",Coffee,Buffet,Hyderabad
https://www.zomato.com/hyderabad/343,"Road 58, Begumpet, Hyderabad",Begumpet Restaurant 343,No,Yes,4.4/5,18455,+91 9511997368,Begumpet,Fine Dining,Haleem,Chinese,1200,"[('Rated 3.4','Good food and service')]",Mutton Biryani,Desserts,Hyderabad
https://www.zomato.com/hyderabad/344,"Road 10, Begumpet, Hyderabad",Begumpet Restaurant 344,Yes,Yes,3.5/5,9512,+91 9548175176,Begumpet,Cafe,Coffee,Chinese,1500,"[('Rated 5.0','Good food and service')]",Chicken Biryani,Cafes,Hyderabad
https://www.zomato.com/hyderabad/345,"Road 89, Dilsukhnagar, Hyderabad",Dilsukhnagar Restaurant 345,No,No,3.4/5,22595,+91 9075577277,Dilsukhnagar,Cafe,Chicken Biryani,"Bakery, Desserts",400,"[('Rated 4.2','Good food and service')]",Coffee,Buffet,Hyderabad
https://www.zomato.com/hyderabad/346,"Road 48, Miyapur, Hyderabad",Miyapur Restaurant 346,No,No,3.8/5,6571,+91 9221840957,Miyapur,Buffet,Paneer Butter Masala,Chinese,500,"[('Rated 4.2','Good food and service')]",Haleem,Desserts,Hyderabad
https://www.zomato.com/hyderabad/347,"Road 33, Jubilee Hills, Hyderabad",Jubilee Restaurant 347,No,Yes,4.5/5,14113,+91 9335170466,Jubilee Hills,Bakery,Chicken Biryani,Fast Food,400,"[('Rated 4.8','Good food and service')]",Haleem,Dine-out,Hyderabad
https://www.zomato.com/hyderabad/348,"Road 92, Tolichowki, Hyderabad",Tolichowki Restaurant 348,No,No,4.7/5,22805,+91 9223353470,Tolichowki,Buffet,Haleem,South Indian,1500,"[('Rated 3.7','Good food and service')]",Burger,Delivery,Hyderabad
https://www.zomato.com/hyderabad/349,"Road 75, Jubilee Hills, Hyderabad",Jubilee Restaurant 349,Yes,Yes,3.6/5,21033,+91 9082521353,Jubilee Hills,Quick Bites,Paneer Butter Masala,Chinese,1500,"[('Rated 4.3','Good food and service')]",Chicken Biryani,Dine-out,Hyderabad
https://www.zomato.com/hyderabad/350,"Road 44, Kondapur, Hyderabad",Kondapur Restaurant 350,No,No,4.6/5,2987,+91 9734873572,Kondapur,Buffet,Coffee,"Cafe, Beverages",1500,"[('Rated 4.9','Good food and service')]",Burger,Desserts,Hyderabad
https://www.zomato.com/hyderabad/351,"Road 79, LB Nagar, Hyderabad",LB Restaurant 351,Yes,No,3.6/5,9265,+91 9322608593,LB Nagar,Cafe,Burger,Chinese,800,"[('Rated 3.3','Good food and service')]",Paneer Butter Masala,Dine-out,Hyderabad
https://www.zomato.com/hyderabad/352,"Road 4, Begumpet, Hyderabad",Begumpet Restaurant 352,No,Yes,4.4/5,15039,+91 9756401022,Begumpet,Fine Dining,Chicken Biryani,"Bakery, Desserts",300,"[('Rated 4.0','Good food and service')]",Pizza,Cafes,Hyderabad
https://www.zomato.com/hyderabad/353,"Road 78, LB Nagar, Hyderabad",LB Restaurant 353,No,No,4.6/5,8053,+91 9270084623,LB Nagar,Quick Bites,Masala Dosa,Fast Food,1200,"[('Rated 4.5','Good food and service')]",Coffee,Delivery,Hyderabad
https://www.zomato.com/hyderabad/354,"Road 51, Banjara Hills, Hyderabad",Banjara Restaurant 354,Yes,Yes,4.3/5,12222,+91 9857196327,Banjara Hills,Quick Bites,Mutton Biryani,Chinese,400,"[('Rated 4.9','Good food and service')]",Coffee,Cafes,Hyderabad
https://www.zomato.com/hyderabad/355,"Road 81, LB Nagar, Hyderabad",LB Restaurant 355,No,No,3.5/5,5909,+91 9050702838,LB Nagar,Buffet,Pizza,"Biryani, North Indian",800,"[('Rated 4.1','Good food and service')]",Mutton Biryani,Cafes,Hyderabad
https://www.zomato.com/hyderabad/356,"Road 42, Begumpet, Hyderabad",Begumpet Restaurant 356,No,No,3.8/5,4015,+91 9607142681,Begumpet,Bakery,Coffee,South Indian,1200,"[('Rated 3.9','Good food and service')]",Coffee,Buffet,Hyderabad
https://www.zomato.com/hyderabad/357,"Road 46, Kukatpally, Hyderabad",Kukatpally Restaurant 357,Yes,No,4.6/5,16559,+91 9105823941,Kukatpally,Buffet,Masala Dosa,Fast Food,1500,"[('Rated 3.3','Good food and service')]",Burger,Dine-out,Hyderabad
https://www.zomato.com/hyderabad/358,"Road 69, Jubilee Hills, Hyderabad",Jubilee Restaurant 358,Yes,Yes,4.1/5,17932,+91 9470645658,Jubilee Hills,Cafe,Burger,"Mughlai, Biryani",1500,"[('Rated 4.3','Good food and service')]",Mutton Biryani,Buffet,Hyderabad
https://www.zomato.com/hyderabad/359,"Road 71, Miyapur, Hyderabad",Miyapur Restaurant 359,Yes,Yes,4.3/5,15977,+91 9724659113,Miyapur,Cafe,Masala Dosa,"Biryani, North Indian",500,"[('Rated 4.4','Good food and service')]",Haleem,Buffet,Hyderabad
https://www.zomato.com/hyderabad/360,"Road 43, Banjara Hills, Hyderabad",Banjara Restaurant 360,Yes,No,4.3/5,21207,+91 9631222644,Banjara Hills,Buffet,Chicken Biryani,"Bakery, Desserts",1200,"[('Rated 3.4','Good food and service')]",Masala Dosa,Desserts,Hyderabad
https://www.zomato.com/hyderabad/361,"Road 90, Secunderabad, Hyderabad",Secunderabad Restaurant 361,No,Yes,4.6/5,17614,+91 9663206140,Secunderabad,Quick Bites,Mutton Biryani,"Biryani, North Indian",600,"[('Rated 4.0','Good food and service')]",Chicken Biryani,Buffet,Hyderabad
https://www.zomato.com/hyderabad/362,"Road 67, Hitech City, Hyderabad",Hitech Restaurant 362,No,Yes,4.2/5,12688,+91 9265928499,Hitech City,Casual Dining,Chicken Biryani,South Indian,1000,"[('Rated 4.3','Good food and service')]",Pizza,Dine-out,Hyderabad
https://www.zomato.com/hyderabad/363,"Road 96, Tolichowki, Hyderabad",Tolichowki Restaurant 363,No,Yes,4.9/5,21715,+91 9305376983,Tolichowki,Cafe,Chicken Biryani,"Bakery, Desserts",500,"[('Rated 4.9','Good food and service')]",Pizza,Delivery,Hyderabad
https://www.zomato.com/hyderabad/364,"Road 55, Begumpet, Hyderabad",Begumpet Restaurant 364,Yes,Yes,3.9/5,11673,+91 9057360123,Begumpet,Fine Dining,Mutton Biryani,"Biryani, North Indian",500,"[('Rated 3.3','Good food and service')]",Masala Dosa,Dine-out,Hyderabad
https://www.zomato.com/hyderabad/365,"Road 75, Tolichowki, Hyderabad",Tolichowki Restaurant 365,No,Yes,4.6/5,8133,+91 9091822148,Tolichowki,Cafe,Pizza,Fast Food,600,"[('Rated 3.4','Good food and service')]",Burger,Delivery,Hyderabad
https://www.zomato.com/hyderabad/366,"Road 91, Secunderabad, Hyderabad",Secunderabad Restaurant 366,No,No,3.7/5,3457,+91 9609991657,Secunderabad,Buffet,Haleem,Fast Food,1200,"[('Rated 3.8','Good food and service')]",Haleem,Desserts,Hyderabad
https://www.zomato.com/hyderabad/367,"Road 2, Hitech City, Hyderabad",Hitech Restaurant 367,Yes,Yes,4.5/5,22417,+91 9500795114,Hitech City,Fine Dining,Mutton Biryani,"Mughlai, Biryani",1200,"[('Rated 4.4','Good food and service')]",Haleem,Cafes,Hyderabad
https://www.zomato.com/hyderabad/368,"Road 82, Jubilee Hills, Hyderabad",Jubilee Restaurant 368,No,Yes,4.0/5,19620,+91 9138770319,Jubilee Hills,Fine Dining,Coffee,"Biryani, North Indian",1000,"[('Rated 4.3','Good food and service')]",Burger,Desserts,Hyderabad
https://www.zomato.com/hyderabad/369,"Road 18, LB Nagar, Hyderabad",LB Restaurant 369,No,Yes,3.5/5,1937,+91 9183339754,LB Nagar,Cafe,Paneer Butter Masala,Chinese,1000,"[('Rated 4.6','Good food and service')]",Masala Dosa,Delivery,Hyderabad
https://www.zomato.com/hyderabad/370,"Road 19, Charminar, Hyderabad",Charminar Restaurant 370,No,No,3.6/5,22289,+91 9586871858,Charminar,Buffet,Chicken Biryani,"Biryani, North Indian",300,"[('Rated 3.5','Good food and service')]",Pizza,Delivery,Hyderabad
https://www.zomato.com/hyderabad/371,"Road 52, Jubilee Hills, Hyderabad",Jubilee Restaurant 371,No,No,4.3/5,18614,+91 9920495159,Jubilee Hills,Casual Dining,Haleem,"Cafe, Beverages",500,"[('Rated 3.9','Good food and service')]",Masala Dosa,Delivery,Hyderabad
https://www.zomato.com/hyderabad/372,"Road 98, Madhapur, Hyderabad",Madhapur Restaurant 372,No,Yes,3.4/5,13989,+91 9794260027,Madhapur,Buffet,Mutton Biryani,"Bakery, Desserts",1200,"[('Rated 3.2','Good food and service')]",Masala Dosa,Desserts,Hyderabad
https://www.zomato.com/hyderabad/373,"Road 4, Kukatpally, Hyderabad",Kukatpally Restaurant 373,Yes,Yes,3.7/5,15673,+91 9505407631,Kukatpally,Cafe,Pizza,Chinese,400,"[('Rated 5.0','Good food and service')]",Paneer Butter Masala,Desserts,Hyderabad
https://www.zomato.com/hyderabad/374,"Road 79, LB Nagar, Hyderabad",LB Restaurant 374,No,Yes,4.5/5,9843,+91 9678247334,LB Nagar,Cafe,Mutton Biryani,Fast Food,600,"[('Rated 3.1','Good food and service')]",Paneer Butter Masala,Delivery,Hyderabad
https://www.zomato.com/hyderabad/375,"Road 64, Banjara Hills, Hyderabad",Banjara Restaurant 375,No,No,3.8/5,21952,+91 9859074052,Banjara Hills,Bakery,Paneer Butter Masala,Fast Food,300,"[('Rated 3.2','Good food and service')]",Masala Dosa,Desserts,Hyderabad
https://www.zomato.com/hyderabad/376,"Road 5, Banjara Hills, Hyderabad",Banjara Restaurant 376,No,Yes,4.6/5,6565,+91 9906758212,Banjara Hills,Cafe,Coffee,South Indian,1200,"[('Rated 3.6','Good food and service')]",Paneer Butter Masala,Buffet,Hyderabad
https://www.zomato.com/hyderabad/377,"Road 62, Madhapur, Hyderabad",Madhapur Restaurant 377,No,No,4.8/5,12324,+91 9052962001,Madhapur,Casual Dining,Burger,South Indian,600,"[('Rated 4.9','Good food and service')]",Haleem,Desserts,Hyderabad
https://www.zomato.com/hyderabad/378,"Road 42, Miyapur, Hyderabad",Miyapur Restaurant 378,No,No,3.5/5,14179,+91 9639411493,Miyapur,Fine Dining,Masala Dosa,"Mughlai, Biryani",800,"[('Rated 3.7','Good food and service')]",Burger,Delivery,Hyderabad
https://www.zomato.com/hyderabad/379,"Road 87, Madhapur, Hyderabad",Madhapur Restaurant 379,Yes,Yes,4.1/5,2104,+91 9874377727,Madhapur,Casual Dining,Burger,"Mughlai, Biryani",600,"[('Rated 4.1','Good food and service')]",Masala Dosa,Cafes,Hyderabad
https://www.zomato.com/hyderabad/380,"Road 98, Dilsukhnagar, Hyderabad",Dilsukhnagar Restaurant 380,No,No,3.9/5,24351,+91 9939734635,Dilsukhnagar,Cafe,Coffee,Chinese,1500,"[('Rated 4.8','Good food and service')]",Coffee,Dine-out,Hyderabad
https://www.zomato.com/hyderabad/381,"Road 24, Ameerpet, Hyderabad",Ameerpet Restaurant 381,No,No,4.0/5,7948,+91 9253714657,Ameerpet,Cafe,Coffee,Fast Food,1200,"[('Rated 4.3','Good food and service')]",Masala Dosa,Delivery,Hyderabad
https://www.zomato.com/hyderabad/382,"Road 24, Madhapur, Hyderabad",Madhapur Restaurant 382,No,No,4.6/5,15228,+91 9724082489,Madhapur,Fine Dining,Pizza,"Cafe, Beverages",800,"[('Rated 4.0','Good food and service')]",Haleem,Cafes,Hyderabad
https://www.zomato.com/hyderabad/383,"Road 92, Ameerpet, Hyderabad",Ameerpet Restaurant 383,Yes,Yes,4.8/5,17326,+91 9574674301,Ameerpet,Cafe,Coffee,"Mughlai, Biryani",1500,"[('Rated 4.7','Good food and service')]",Coffee,Buffet,Hyderabad
https://www.zomato.com/hyderabad/384,"Road 26, LB Nagar, Hyderabad",LB Restaurant 384,Yes,No,3.4/5,6048,+91 9331078162,LB Nagar,Fine Dining,Paneer Butter Masala,Chinese,300,"[('Rated 3.7','Good food and service')]",Burger,Buffet,Hyderabad
https://www.zomato.com/hyderabad/385,"Road 2, Banjara Hills, Hyderabad",Banjara Restaurant 385,Yes,No,4.8/5,8952,+91 9984034727,Banjara Hills,Bakery,Paneer Butter Masala,Chinese,600,"[('Rated 4.5','Good food and service')]",Chicken Biryani,Buffet,Hyderabad
https://www.zomato.com/hyderabad/386,"Road 9, Secunderabad, Hyderabad",Secunderabad Restaurant 386,Yes,No,3.4/5,6127,+91 9852447757,Secunderabad,Casual Dining,Masala Dosa,"Biryani, North Indian",400,"[('Rated 3.0','Good food and service')]",Mutton Biryani,Buffet,Hyderabad
https://www.zomato.com/hyderabad/387,"Road 88, Kukatpally, Hyderabad",Kukatpally Restaurant 387,Yes,Yes,4.1/5,21198,+91 9375129298,Kukatpally,Cafe,Haleem,"Mughlai, Biryani",500,"[('Rated 4.9','Good food and service')]",Pizza,Buffet,Hyderabad
https://www.zomato.com/hyderabad/388,"Road 64, LB Nagar, Hyderabad",LB Restaurant 388,No,Yes,3.5/5,3342,+91 9049410182,LB Nagar,Quick Bites,Pizza,"Mughlai, Biryani",1200,"[('Rated 3.7','Good food and service')]",Burger,Cafes,Hyderabad
https://www.zomato.com/hyderabad/389,"Road 78, Banjara Hills, Hyderabad",Banjara Restaurant 389,No,Yes,3.8/5,11270,+91 9230939716,Banjara Hills,Bakery,Chicken Biryani,"Biryani, North Indian",400,"[('Rated 4.4','Good food and service')]",Masala Dosa,Dine-out,Hyderabad
https://www.zomato.com/hyderabad/390,"Road 73, Hitech City, Hyderabad",Hitech Restaurant 390,Yes,Yes,4.1/5,4323,+91 9117181007,Hitech City,Quick Bites,Chicken Biryani,"Biryani, North Indian",400,"[('Rated 4.1','Good food and service')]",Chicken Biryani,Desserts,Hyderabad
https://www.zomato.com/hyderabad/391,"Road 92, Gachibowli, Hyderabad",Gachibowli Restaurant 391,No,Yes,4.3/5,395,+91 9284311801,Gachibowli,Bakery,Paneer Butter Masala,"Biryani, North Indian",1200,"[('Rated 3.1','Good food and service')]",Pizza,Buffet,Hyderabad
https://www.zomato.com/hyderabad/392,"Road 56, LB Nagar, Hyderabad",LB Restaurant 392,No,No,4.4/5,24920,+91 9231736491,LB Nagar,Quick Bites,Mutton Biryani,Chinese,800,"[('Rated 3.6','Good food and service')]",Masala Dosa,Dine-out,Hyderabad
https://www.zomato.com/hyderabad/393,"Road 58, Banjara Hills, Hyderabad",Banjara Restaurant 393,No,Yes,3.9/5,7405,+91 9478380514,Banjara Hills,Bakery,Coffee,Fast Food,400,"[('Rated 3.7','Good food and service')]",Masala Dosa,Delivery,Hyderabad
https://www.zomato.com/hyderabad/394,"Road 9, Kukatpally, Hyderabad",Kukatpally Restaurant 394,No,Yes,3.3/5,4367,+91 9366833144,Kukatpally,Bakery,Mutton Biryani,South Indian,800,"[('Rated 3.8','Good food and service')]",Burger,Cafes,Hyderabad
https://www.zomato.com/hyderabad/395,"Road 62, Ameerpet, Hyderabad",Ameerpet Restaurant 395,No,No,4.4/5,4499,+91 9863408132,Ameerpet,Fine Dining,Paneer Butter Masala,Chinese,500,"[('Rated 4.0','Good food and service')]",Haleem,Desserts,Hyderabad
https://www.zomato.com/hyderabad/396,"Road 52, Secunderabad, Hyderabad",Secunderabad Restaurant 396,No,No,4.4/5,8023,+91 9037349683,Secunderabad,Cafe,Mutton Biryani,Chinese,600,"[('Rated 3.7','Good food and service')]",Coffee,Desserts,Hyderabad
https://www.zomato.com/hyderabad/397,"Road 60, Gachibowli, Hyderabad",Gachibowli Restaurant 397,Yes,No,3.6/5,1993,+91 9336430498,Gachibowli,Fine Dining,Haleem,Chinese,600,"[('Rated 3.6','Good food and service')]",Mutton Biryani,Delivery,Hyderabad
https://www.zomato.com/hyderabad/398,"Road 63, Banjara Hills, Hyderabad",Banjara Restaurant 398,Yes,No,4.1/5,15200,+91 9479098788,Banjara Hills,Casual Dining,Burger,Chinese,500,"[('Rated 3.6','Good food and service')]",Coffee,Buffet,Hyderabad
https://www.zomato.com/hyderabad/399,"Road 44, Gachibowli, Hyderabad",Gachibowli Restaurant 399,Yes,Yes,4.4/5,6861,+91 9321092928,Gachibowli,Fine Dining,Burger,South Indian,1200,"[('Rated 4.9','Good food and service')]",Chicken Biryani,Delivery,Hyderabad
https://www.zomato.com/hyderabad/400,"Road 84, Charminar, Hyderabad",Charminar Restaurant 400,Yes,No,3.3/5,16112,+91 9667600304,Charminar,Bakery,Burger,"Bakery, Desserts",500,"[('Rated 4.1','Good food and service')]",Burger,Desserts,Hyderabad
https://www.zomato.com/hyderabad/401,"Road 52, Tolichowki, Hyderabad",Tolichowki Restaurant 401,No,Yes,4.5/5,16918,+91 9645312924,Tolichowki,Casual Dining,Haleem,Chinese,1500,"[('Rated 3.1','Good food and service')]",Masala Dosa,Cafes,Hyderabad
https://www.zomato.com/hyderabad/402,"Road 68, Gachibowli, Hyderabad",Gachibowli Restaurant 402,Yes,Yes,4.6/5,20049,+91 9114222086,Gachibowli,Quick Bites,Pizza,"Cafe, Beverages",300,"[('Rated 4.4','Good food and service')]",Haleem,Dine-out,Hyderabad
https://www.zomato.com/hyderabad/403,"Road 35, Jubilee Hills, Hyderabad",Jubilee Restaurant 403,Yes,Yes,3.2/5,24527,+91 9242926264,Jubilee Hills,Bakery,Coffee,"Biryani, North Indian",400,"[('Rated 5.0','Good food and service')]",Paneer Butter Masala,Buffet,Hyderabad
https://www.zomato.com/hyderabad/404,"Road 37, Banjara Hills, Hyderabad",Banjara Restaurant 404,Yes,Yes,3.3/5,571,+91 9132356986,Banjara Hills,Quick Bites,Paneer Butter Masala,South Indian,1000,"[('Rated 3.5','Good food and service')]",Paneer Butter Masala,Cafes,Hyderabad
https://www.zomato.com/hyderabad/405,"Road 5, Charminar, Hyderabad",Charminar Restaurant 405,No,Yes,3.3/5,23454,+91 9372664332,Charminar,Bakery,Haleem,South Indian,500,"[('Rated 3.8','Good food and service')]",Burger,Desserts,Hyderabad
https://www.zomato.com/hyderabad/406,"Road 14, Jubilee Hills, Hyderabad",Jubilee Restaurant 406,Yes,No,3.4/5,7084,+91 9526165211,Jubilee Hills,Buffet,Chicken Biryani,Chinese,600,"[('Rated 3.3','Good food and service')]",Haleem,Desserts,Hyderabad
https://www.zomato.com/hyderabad/407,"Road 36, Gachibowli, Hyderabad",Gachibowli Restaurant 407,Yes,No,4.8/5,11173,+91 9016788448,Gachibowli,Fine Dining,Burger,"Biryani, North Indian",1000,"[('Rated 4.3','Good food and service')]",Haleem,Delivery,Hyderabad
https://www.zomato.com/hyderabad/408,"Road 61, Tolichowki, Hyderabad",Tolichowki Restaurant 408,Yes,Yes,4.1/5,8750,+91 9256073174,Tolichowki,Quick Bites,Masala Dosa,"Mughlai, Biryani",600,"[('Rated 3.9','Good food and service')]",Chicken Biryani,Delivery,Hyderabad
https://www.zomato.com/hyderabad/409,"Road 87, Begumpet, Hyderabad",Begumpet Restaurant 409,No,No,4.7/5,7640,+91 9185794831,Begumpet,Cafe,Masala Dosa,Fast Food,300,"[('Rated 3.1','Good food and service')]",Mutton Biryani,Delivery,Hyderabad
https://www.zomato.com/hyderabad/410,"Road 29, Charminar, Hyderabad",Charminar Restaurant 410,No,Yes,3.9/5,21946,+91 9926998822,Charminar,Cafe,Mutton Biryani,Fast Food,500,"[('Rated 3.7','Good food and service')]",Mutton Biryani,Desserts,Hyderabad
https://www.zomato.com/hyderabad/411,"Road 46, Gachibowli, Hyderabad",Gachibowli Restaurant 411,No,Yes,4.7/5,16100,+91 9960200669,Gachibowli,Fine Dining,Mutton Biryani,Chinese,1000,"[('Rated 3.5','Good food and service')]",Burger,Cafes,Hyderabad
https://www.zomato.com/hyderabad/412,"Road 36, Madhapur, Hyderabad",Madhapur Restaurant 412,Yes,Yes,4.2/5,6280,+91 9935885315,Madhapur,Casual Dining,Pizza,"Mughlai, Biryani",1500,"[('Rated 3.9','Good food and service')]",Masala Dosa,Cafes,Hyderabad
https://www.zomato.com/hyderabad/413,"Road 95, Banjara Hills, Hyderabad",Banjara Restaurant 413,No,Yes,3.3/5,4998,+91 9893481343,Banjara Hills,Fine Dining,Masala Dosa,Chinese,300,"[('Rated 3.2','Good food and service')]",Masala Dosa,Buffet,Hyderabad
https://www.zomato.com/hyderabad/414,"Road 45, Kukatpally, Hyderabad",Kukatpally Restaurant 414,No,No,4.3/5,21031,+91 9188851250,Kukatpally,Casual Dining,Paneer Butter Masala,Fast Food,400,"[('Rated 4.1','Good food and service')]",Masala Dosa,Dine-out,Hyderabad
https://www.zomato.com/hyderabad/415,"Road 97, Dilsukhnagar, Hyderabad",Dilsukhnagar Restaurant 415,Yes,No,3.6/5,20108,+91 9922355725,Dilsukhnagar,Casual Dining,Burger,South Indian,600,"[('Rated 5.0','Good food and service')]",Burger,Delivery,Hyderabad
https://www.zomato.com/hyderabad/416,"Road 84, Gachibowli, Hyderabad",Gachibowli Restaurant 416,Yes,No,4.1/5,23618,+91 9016341826,Gachibowli,Casual Dining,Paneer Butter Masala,South Indian,600,"[('Rated 4.2','Good food and service')]",Chicken Biryani,Cafes,Hyderabad
https://www.zomato.com/hyderabad/417,"Road 9, Tolichowki, Hyderabad",Tolichowki Restaurant 417,No,No,3.7/5,5364,+91 9429228925,Tolichowki,Buffet,Burger,"Cafe, Beverages",400,"[('Rated 4.6','Good food and service')]",Burger,Dine-out,Hyderabad
https://www.zomato.com/hyderabad/418,"Road 6, Charminar, Hyderabad",Charminar Restaurant 418,No,Yes,4.6/5,10807,+91 9123322879,Charminar,Cafe,Burger,Chinese,400,"[('Rated 3.2','Good food and service')]",Chicken Biryani,Dine-out,Hyderabad
https://www.zomato.com/hyderabad/419,"Road 14, LB Nagar, Hyderabad",LB Restaurant 419,Yes,Yes,3.5/5,24457,+91 9264135483,LB Nagar,Quick Bites,Burger,"Bakery, Desserts",800,"[('Rated 4.1','Good food and service')]",Mutton Biryani,Delivery,Hyderabad
https://www.zomato.com/hyderabad/420,"Road 12, Kondapur, Hyderabad",Kondapur Restaurant 420,No,Yes,3.6/5,12895,+91 9483709898,Kondapur,Quick Bites,Paneer Butter Masala,"Cafe, Beverages",1000,"[('Rated 4.5','Good food and service')]",Chicken Biryani,Buffet,Hyderabad
https://www.zomato.com/hyderabad/421,"Road 95, LB Nagar, Hyderabad",LB Restaurant 421,Yes,Yes,4.2/5,8251,+91 9749221996,LB Nagar,Quick Bites,Chicken Biryani,"Biryani, North Indian",1200,"[('Rated 4.5','Good food and service')]",Pizza,Dine-out,Hyderabad
https://www.zomato.com/hyderabad/422,"Road 14, Tolichowki, Hyderabad",Tolichowki Restaurant 422,Yes,Yes,3.3/5,18812,+91 9728142199,Tolichowki,Cafe,Chicken Biryani,South Indian,300,"[('Rated 3.4','Good food and service')]",Haleem,Desserts,Hyderabad
https://www.zomato.com/hyderabad/423,"Road 96, Madhapur, Hyderabad",Madhapur Restaurant 423,No,Yes,3.6/5,2290,+91 9173593737,Madhapur,Quick Bites,Pizza,South Indian,1500,"[('Rated 5.0','Good food and service')]",Haleem,Cafes,Hyderabad
https://www.zomato.com/hyderabad/424,"Road 75, Hitech City, Hyderabad",Hitech Restaurant 424,Yes,No,4.8/5,9947,+91 9292977688,Hitech City,Buffet,Pizza,South Indian,600,"[('Rated 3.2','Good food and service')]",Masala Dosa,Delivery,Hyderabad
https://www.zomato.com/hyderabad/425,"Road 1, Jubilee Hills, Hyderabad",Jubilee Restaurant 425,No,No,4.9/5,3208,+91 9963377827,Jubilee Hills,Bakery,Pizza,"Mughlai, Biryani",500,"[('Rated 3.3','Good food and service')]",Mutton Biryani,Buffet,Hyderabad
https://www.zomato.com/hyderabad/426,"Road 82, Kukatpally, Hyderabad",Kukatpally Restaurant 426,Yes,No,4.7/5,6186,+91 9831216620,Kukatpally,Buffet,Haleem,"Biryani, North Indian",500,"[('Rated 4.7','Good food and service')]",Coffee,Dine-out,Hyderabad
https://www.zomato.com/hyderabad/427,"Road 91, Secunderabad, Hyderabad",Secunderabad Restaurant 427,No,Yes,4.2/5,15554,+91 9323042796,Secunderabad,Cafe,Pizza,"Mughlai, Biryani",1000,"[('Rated 3.3','Good food and service')]",Pizza,Desserts,Hyderabad
https://www.zomato.com/hyderabad/428,"Road 52, Charminar, Hyderabad",Charminar Restaurant 428,Yes,No,4.2/5,20786,+91 9827796463,Charminar,Bakery,Paneer Butter Masala,"Bakery, Desserts",600,"[('Rated 4.0','Good food and service')]",Coffee,Cafes,Hyderabad
https://www.zomato.com/hyderabad/429,"Road 53, Ameerpet, Hyderabad",Ameerpet Restaurant 429,No,No,3.9/5,15468,+91 9614064923,Ameerpet,Fine Dining,Coffee,"Mughlai, Biryani",300,"[('Rated 4.2','Good food and service')]",Burger,Desserts,Hyderabad
https://www.zomato.com/hyderabad/430,"Road 41, Secunderabad, Hyderabad",Secunderabad Restaurant 430,No,Yes,4.6/5,93,+91 9306757781,Secunderabad,Cafe,Pizza,"Cafe, Beverages",300,"[('Rated 4.4','Good food and service')]",Chicken Biryani,Cafes,Hyderabad
https://www.zomato.com/hyderabad/431,"Road 81, LB Nagar, Hyderabad",LB Restaurant 431,Yes,No,3.5/5,20487,+91 9903510723,LB Nagar,Casual Dining,Chicken Biryani,"Biryani, North Indian",1500,"[('Rated 3.5','Good food and service')]",Pizza,Delivery,Hyderabad
https://www.zomato.com/hyderabad/432,"Road 14, Tolichowki, Hyderabad",Tolichowki Restaurant 432,No,Yes,3.6/5,24267,+91 9975603665,Tolichowki,Casual Dining,Coffee,Chinese,400,"[('Rated 4.6','Good food and service')]",Masala Dosa,Buffet,Hyderabad
https://www.zomato.com/hyderabad/433,"Road 33, Dilsukhnagar, Hyderabad",Dilsukhnagar Restaurant 433,No,No,4.4/5,13357,+91 9837491369,Dilsukhnagar,Casual Dining,Chicken Biryani,Chinese,500,"[('Rated 3.9','Good food and service')]",Mutton Biryani,Cafes,Hyderabad
https://www.zomato.com/hyderabad/434,"Road 33, Tolichowki, Hyderabad",Tolichowki Restaurant 434,Yes,Yes,3.5/5,10259,+91 9027707149,Tolichowki,Buffet,Coffee,South Indian,800,"[('Rated 4.0','Good food and service')]",Paneer Butter Masala,Buffet,Hyderabad
https://www.zomato.com/hyderabad/435,"Road 19, Banjara Hills, Hyderabad",Banjara Restaurant 435,No,Yes,3.5/5,22098,+91 9832325274,Banjara Hills,Cafe,Paneer Butter Masala,Fast Food,500,"[('Rated 3.1','Good food and service')]",Paneer Butter Masala,Cafes,Hyderabad
https://www.zomato.com/hyderabad/436,"Road 70, Tolichowki, Hyderabad",Tolichowki Restaurant 436,Yes,No,3.9/5,6006,+91 9229829246,Tolichowki,Quick Bites,Paneer Butter Masala,"Cafe, Beverages",600,"[('Rated 4.6','Good food and service')]",Coffee,Buffet,Hyderabad
https://www.zomato.com/hyderabad/437,"Road 18, LB Nagar, Hyderabad",LB Restaurant 437,Yes,No,3.9/5,15121,+91 9348036608,LB Nagar,Casual Dining,Paneer Butter Masala,Chinese,300,"[('Rated 3.7','Good food and service')]",Pizza,Buffet,Hyderabad
https://www.zomato.com/hyderabad/438,"Road 85, Tolichowki, Hyderabad",Tolichowki Restaurant 438,Yes,Yes,3.5/5,22857,+91 9280098115,Tolichowki,Cafe,Burger,"Biryani, North Indian",1200,"[('Rated 3.1','Good food and service')]",Masala Dosa,Dine-out,Hyderabad
https://www.zomato.com/hyderabad/439,"Road 77, Jubilee Hills, Hyderabad",Jubilee Restaurant 439,No,Yes,3.3/5,3137,+91 9783657721,Jubilee Hills,Fine Dining,Burger,South Indian,1000,"[('Rated 4.7','Good food and service')]",Mutton Biryani,Desserts,Hyderabad
https://www.zomato.com/hyderabad/440,"Road 2, Hitech City, Hyderabad",Hitech Restaurant 440,Yes,No,3.4/5,6881,+91 9187128689,Hitech City,Casual Dining,Mutton Biryani,South Indian,1500,"[('Rated 4.7','Good food and service')]",Burger,Dine-out,Hyderabad
https://www.zomato.com/hyderabad/441,"Road 72, Tolichowki, Hyderabad",Tolichowki Restaurant 441,No,Yes,3.5/5,24192,+91 9663389613,Tolichowki,Quick Bites,Masala Dosa,"Biryani, North Indian",600,"[('Rated 3.5','Good food and service')]",Mutton Biryani,Dine-out,Hyderabad
https://www.zomato.com/hyderabad/442,"Road 38, LB Nagar, Hyderabad",LB Restaurant 442,No,Yes,4.7/5,23486,+91 9500022070,LB Nagar,Casual Dining,Chicken Biryani,Fast Food,1000,"[('Rated 4.5','Good food and service')]",Burger,Delivery,Hyderabad
https://www.zomato.com/hyderabad/443,"Road 39, Secunderabad, Hyderabad",Secunderabad Restaurant 443,Yes,No,4.5/5,20433,+91 9497124346,Secunderabad,Fine Dining,Coffee,"Cafe, Beverages",600,"[('Rated 4.7','Good food and service')]",Paneer Butter Masala,Delivery,Hyderabad
https://www.zomato.com/hyderabad/444,"Road 86, LB Nagar, Hyderabad",LB Restaurant 444,No,No,4.8/5,5592,+91 9163949434,LB Nagar,Casual Dining,Paneer Butter Masala,"Cafe, Beverages",1500,"[('Rated 4.9','Good food and service')]",Mutton Biryani,Cafes,Hyderabad
https://www.zomato.com/hyderabad/445,"Road 44, Gachibowli, Hyderabad",Gachibowli Restaurant 445,Yes,No,3.9/5,21658,+91 9685597490,Gachibowli,Cafe,Chicken Biryani,Chinese,1200,"[('Rated 3.6','Good food and service')]",Paneer Butter Masala,Dine-out,Hyderabad
https://www.zomato.com/hyderabad/446,"Road 43, Tolichowki, Hyderabad",Tolichowki Restaurant 446,Yes,No,3.6/5,289,+91 9901793681,Tolichowki,Cafe,Masala Dosa,"Bakery, Desserts",1200,"[('Rated 3.7','Good food and service')]",Haleem,Desserts,Hyderabad
https://www.zomato.com/hyderabad/447,"Road 12, Charminar, Hyderabad",Charminar Restaurant 447,Yes,No,3.6/5,782,+91 9830393140,Charminar,Fine Dining,Burger,"Cafe, Beverages",500,"[('Rated 3.3','Good food and service')]",Chicken Biryani,Buffet,Hyderabad
https://www.zomato.com/hyderabad/448,"Road 94, Jubilee Hills, Hyderabad",Jubilee Restaurant 448,No,No,3.2/5,21655,+91 9587458716,Jubilee Hills,Buffet,Mutton Biryani,Fast Food,1200,"[('Rated 4.9','Good food and service')]",Paneer Butter Masala,Buffet,Hyderabad
https://www.zomato.com/hyderabad/449,"Road 49, Madhapur, Hyderabad",Madhapur Restaurant 449,No,No,4.6/5,22160,+91 9148382774,Madhapur,Quick Bites,Masala Dosa,"Biryani, North Indian",1500,"[('Rated 4.7','Good food and service')]",Masala Dosa,Delivery,Hyderabad
https://www.zomato.com/hyderabad/450,"Road 45, Kukatpally, Hyderabad",Kukatpally Restaurant 450,No,Yes,3.3/5,19890,+91 9466440508,Kukatpally,Cafe,Paneer Butter Masala,"Mughlai, Biryani",1500,"[('Rated 3.4','Good food and service')]",Masala Dosa,Dine-out,Hyderabad
https://www.zomato.com/hyderabad/451,"Road 68, Kukatpally, Hyderabad",Kukatpally Restaurant 451,No,No,4.8/5,1619,+91 9732698915,Kukatpally,Fine Dining,Masala Dosa,Chinese,800,"[('Rated 4.1','Good food and service')]",Masala Dosa,Dine-out,Hyderabad
https://www.zomato.com/hyderabad/452,"Road 93, Madhapur, Hyderabad",Madhapur Restaurant 452,Yes,No,3.4/5,23829,+91 9487963844,Madhapur,Bakery,Chicken Biryani,South Indian,1200,"[('Rated 4.6','Good food and service')]",Pizza,Buffet,Hyderabad
https://www.zomato.com/hyderabad/453,"Road 69, Gachibowli, Hyderabad",Gachibowli Restaurant 453,Yes,Yes,3.5/5,12124,+91 9833093739,Gachibowli,Buffet,Chicken Biryani,Fast Food,1200,"[('Rated 4.1','Good food and service')]",Chicken Biryani,Delivery,Hyderabad
https://www.zomato.com/hyderabad/454,"Road 3, Kukatpally, Hyderabad",Kukatpally Restaurant 454,Yes,Yes,3.5/5,4557,+91 9811520068,Kukatpally,Bakery,Chicken Biryani,Fast Food,500,"[('Rated 4.4','Good food and service')]",Chicken Biryani,Cafes,Hyderabad
https://www.zomato.com/hyderabad/455,"Road 73, Gachibowli, Hyderabad",Gachibowli Restaurant 455,Yes,No,4.7/5,15675,+91 9477572531,Gachibowli,Fine Dining,Mutton Biryani,Chinese,1200,"[('Rated 4.6','Good food and service')]",Pizza,Desserts,Hyderabad
https://www.zomato.com/hyderabad/456,"Road 88, Kukatpally, Hyderabad",Kukatpally Restaurant 456,Yes,No,3.7/5,10994,+91 9123332147,Kukatpally,Quick Bites,Mutton Biryani,"Mughlai, Biryani",500,"[('Rated 4.8','Good food and service')]",Burger,Cafes,Hyderabad
https://www.zomato.com/hyderabad/457,"Road 71, Kondapur, Hyderabad",Kondapur Restaurant 457,Yes,Yes,3.9/5,15536,+91 9198892584,Kondapur,Casual Dining,Haleem,"Bakery, Desserts",1500,"[('Rated 3.5','Good food and service')]",Paneer Butter Masala,Dine-out,Hyderabad
https://www.zomato.com/hyderabad/458,"Road 53, LB Nagar, Hyderabad",LB Restaurant 458,No,No,3.6/5,11305,+91 9301667696,LB Nagar,Casual Dining,Burger,"Mughlai, Biryani",300,"[('Rated 3.4','Good food and service')]",Chicken Biryani,Delivery,Hyderabad
https://www.zomato.com/hyderabad/459,"Road 6, Jubilee Hills, Hyderabad",Jubilee Restaurant 459,No,No,4.8/5,4277,+91 9060259761,Jubilee Hills,Casual Dining,Pizza,"Biryani, North Indian",1500,"[('Rated 3.8','Good food and service')]",Masala Dosa,Buffet,Hyderabad
https://www.zomato.com/hyderabad/460,"Road 67, Miyapur, Hyderabad",Miyapur Restaurant 460,Yes,No,4.7/5,13161,+91 9852546556,Miyapur,Casual Dining,Masala Dosa,"Bakery, Desserts",500,"[('Rated 3.7','Good food and service')]",Mutton Biryani,Desserts,Hyderabad
https://www.zomato.com/hyderabad/461,"Road 19, Miyapur, Hyderabad",Miyapur Restaurant 461,Yes,No,3.9/5,1062,+91 9171535819,Miyapur,Quick Bites,Mutton Biryani,"Mughlai, Biryani",300,"[('Rated 4.8','Good food and service')]",Burger,Desserts,Hyderabad
https://www.zomato.com/hyderabad/462,"Road 14, Jubilee Hills, Hyderabad",Jubilee Restaurant 462,Yes,No,4.7/5,10942,+91 9571405028,Jubilee Hills,Cafe,Burger,"Biryani, North Indian",500,"[('Rated 4.7','Good food and service')]",Pizza,Desserts,Hyderabad
https://www.zomato.com/hyderabad/463,"Road 12, Kondapur, Hyderabad",Kondapur Restaurant 463,Yes,No,4.0/5,7575,+91 9934094139,Kondapur,Buffet,Paneer Butter Masala,"Bakery, Desserts",800,"[('Rated 3.0','Good food and service')]",Pizza,Cafes,Hyderabad
https://www.zomato.com/hyderabad/464,"Road 31, Kukatpally, Hyderabad",Kukatpally Restaurant 464,No,Yes,4.1/5,20017,+91 9003700320,Kukatpally,Buffet,Burger,Fast Food,1500,"[('Rated 3.4','Good food and service')]",Coffee,Dine-out,Hyderabad
https://www.zomato.com/hyderabad/465,"Road 53, Banjara Hills, Hyderabad",Banjara Restaurant 465,Yes,Yes,4.3/5,24471,+91 9679008525,Banjara Hills,Bakery,Masala Dosa,"Mughlai, Biryani",1000,"[('Rated 3.7','Good food and service')]",Coffee,Buffet,Hyderabad
https://www.zomato.com/hyderabad/466,"Road 58, Ameerpet, Hyderabad",Ameerpet Restaurant 466,No,No,3.9/5,7079,+91 9800084291,Ameerpet,Casual Dining,Haleem,"Biryani, North Indian",800,"[('Rated 3.8','Good food and service')]",Mutton Biryani,Dine-out,Hyderabad
https://www.zomato.com/hyderabad/467,"Road 30, Kondapur, Hyderabad",Kondapur Restaurant 467,Yes,Yes,4.5/5,12075,+91 9722454316,Kondapur,Quick Bites,Mutton Biryani,South Indian,400,"[('Rated 3.8','Good food and service')]",Mutton Biryani,Dine-out,Hyderabad
https://www.zomato.com/hyderabad/468,"Road 33, Miyapur, Hyderabad",Miyapur Restaurant 468,No,Yes,4.8/5,14790,+91 9154359250,Miyapur,Bakery,Haleem,"Bakery, Desserts",800,"[('Rated 5.0','Good food and service')]",Pizza,Cafes,Hyderabad
https://www.zomato.com/hyderabad/469,"Road 4, Dilsukhnagar, Hyderabad",Dilsukhnagar Restaurant 469,No,Yes,3.5/5,3787,+91 9704980699,Dilsukhnagar,Fine Dining,Chicken Biryani,"Mughlai, Biryani",1000,"[('Rated 3.1','Good food and service')]",Chicken Biryani,Cafes,Hyderabad
https://www.zomato.com/hyderabad/470,"Road 47, Madhapur, Hyderabad",Madhapur Restaurant 470,No,Yes,3.5/5,1825,+91 9253154899,Madhapur,Casual Dining,Haleem,"Cafe, Beverages",500,"[('Rated 3.0','Good food and service')]",Paneer Butter Masala,Desserts,Hyderabad
https://www.zomato.com/hyderabad/471,"Road 83, Ameerpet, Hyderabad",Ameerpet Restaurant 471,Yes,No,3.7/5,13449,+91 9831898794,Ameerpet,Bakery,Mutton Biryani,"Mughlai, Biryani",800,"[('Rated 4.8','Good food and service')]",Paneer Butter Masala,Dine-out,Hyderabad
https://www.zomato.com/hyderabad/472,"Road 73, Kukatpally, Hyderabad",Kukatpally Restaurant 472,Yes,Yes,3.3/5,17761,+91 9987813939,Kukatpally,Buffet,Masala Dosa,South Indian,500,"[('Rated 4.5','Good food and service')]",Mutton Biryani,Buffet,Hyderabad
https://www.zomato.com/hyderabad/473,"Road 10, Ameerpet, Hyderabad",Ameerpet Restaurant 473,Yes,No,4.3/5,16060,+91 9834801599,Ameerpet,Fine Dining,Coffee,South Indian,600,"[('Rated 3.8','Good food and service')]",Masala Dosa,Delivery,Hyderabad
https://www.zomato.com/hyderabad/474,"Road 96, Ameerpet, Hyderabad",Ameerpet Restaurant 474,No,No,4.4/5,4477,+91 9932519352,Ameerpet,Fine Dining,Mutton Biryani,South Indian,800,"[('Rated 4.4','Good food and service')]",Paneer Butter Masala,Desserts,Hyderabad
https://www.zomato.com/hyderabad/475,"Road 89, Secunderabad, Hyderabad",Secunderabad Restaurant 475,Yes,Yes,3.5/5,9713,+91 9406817072,Secunderabad,Buffet,Chicken Biryani,"Biryani, North Indian",500,"[('Rated 3.7','Good food and service')]",Pizza,Cafes,Hyderabad
https://www.zomato.com/hyderabad/476,"Road 35, Gachibowli, Hyderabad",Gachibowli Restaurant 476,No,Yes,4.3/5,7724,+91 9793271823,Gachibowli,Casual Dining,Mutton Biryani,"Bakery, Desserts",1500,"[('Rated 3.5','Good food and service')]",Pizza,Dine-out,Hyderabad
https://www.zomato.com/hyderabad/477,"Road 14, Miyapur, Hyderabad",Miyapur Restaurant 477,No,No,4.0/5,4357,+91 9615084508,Miyapur,Quick Bites,Chicken Biryani,South Indian,1000,"[('Rated 4.1','Good food and service')]",Paneer Butter Masala,Dine-out,Hyderabad
https://www.zomato.com/hyderabad/478,"Road 54, Secunderabad, Hyderabad",Secunderabad Restaurant 478,No,Yes,4.0/5,14372,+91 9714982315,Secunderabad,Bakery,Burger,"Biryani, North Indian",500,"[('Rated 3.5','Good food and service')]",Burger,Dine-out,Hyderabad
https://www.zomato.com/hyderabad/479,"Road 48, Kukatpally, Hyderabad",Kukatpally Restaurant 479,Yes,Yes,4.4/5,5386,+91 9225221736,Kukatpally,Bakery,Paneer Butter Masala,"Bakery, Desserts",1000,"[('Rated 3.0','Good food and service')]",Haleem,Delivery,Hyderabad
https://www.zomato.com/hyderabad/480,"Road 91, Madhapur, Hyderabad",Madhapur Restaurant 480,No,Yes,4.6/5,1529,+91 9151458523,Madhapur,Cafe,Pizza,"Mughlai, Biryani",400,"[('Rated 4.1','Good food and service')]",Haleem,Cafes,Hyderabad
https://www.zomato.com/hyderabad/481,"Road 46, Kondapur, Hyderabad",Kondapur Restaurant 481,Yes,No,4.5/5,14639,+91 9007492523,Kondapur,Cafe,Haleem,Chinese,400,"[('Rated 3.7','Good food and service')]",Coffee,Cafes,Hyderabad
https://www.zomato.com/hyderabad/482,"Road 92, Ameerpet, Hyderabad",Ameerpet Restaurant 482,No,Yes,4.3/5,11572,+91 9495461606,Ameerpet,Cafe,Paneer Butter Masala,"Bakery, Desserts",400,"[('Rated 4.6','Good food and service')]",Chicken Biryani,Buffet,Hyderabad
https://www.zomato.com/hyderabad/483,"Road 4, Hitech City, Hyderabad",Hitech Restaurant 483,No,No,4.4/5,21907,+91 9606814566,Hitech City,Casual Dining,Burger,"Mughlai, Biryani",800,"[('Rated 3.3','Good food and service')]",Haleem,Desserts,Hyderabad
https://www.zomato.com/hyderabad/484,"Road 11, Ameerpet, Hyderabad",Ameerpet Restaurant 484,No,Yes,4.1/5,22159,+91 9473158707,Ameerpet,Buffet,Chicken Biryani,Chinese,1500,"[('Rated 4.6','Good food and service')]",Mutton Biryani,Cafes,Hyderabad
https://www.zomato.com/hyderabad/485,"Road 42, Banjara Hills, Hyderabad",Banjara Restaurant 485,Yes,Yes,3.3/5,428,+91 9871104733,Banjara Hills,Bakery,Coffee,"Bakery, Desserts",300,"[('Rated 3.5','Good food and service')]",Pizza,Cafes,Hyderabad
https://www.zomato.com/hyderabad/486,"Road 20, Banjara Hills, Hyderabad",Banjara Restaurant 486,Yes,No,3.3/5,20114,+91 9800126484,Banjara Hills,Fine Dining,Mutton Biryani,"Mughlai, Biryani",600,"[('Rated 3.4','Good food and service')]",Coffee,Buffet,Hyderabad
https://www.zomato.com/hyderabad/487,"Road 28, Hitech City, Hyderabad",Hitech Restaurant 487,No,No,4.6/5,2481,+91 9732677238,Hitech City,Casual Dining,Paneer Butter Masala,"Bakery, Desserts",300,"[('Rated 3.2','Good food and service')]",Coffee,Delivery,Hyderabad
https://www.zomato.com/hyderabad/488,"Road 70, LB Nagar, Hyderabad",LB Restaurant 488,Yes,No,4.8/5,9925,+91 9841635780,LB Nagar,Fine Dining,Mutton Biryani,"Biryani, North Indian",300,"[('Rated 3.3','Good food and service')]",Burger,Dine-out,Hyderabad
https://www.zomato.com/hyderabad/489,"Road 34, Ameerpet, Hyderabad",Ameerpet Restaurant 489,No,No,3.4/5,3013,+91 9259473801,Ameerpet,Fine Dining,Masala Dosa,"Cafe, Beverages",600,"[('Rated 4.9','Good food and service')]",Mutton Biryani,Buffet,Hyderabad
https://www.zomato.com/hyderabad/490,"Road 23, Dilsukhnagar, Hyderabad",Dilsukhnagar Restaurant 490,Yes,Yes,4.9/5,5639,+91 9871204858,Dilsukhnagar,Casual Dining,Masala Dosa,Fast Food,600,"[('Rated 3.3','Good food and service')]",Burger,Dine-out,Hyderabad
https://www.zomato.com/hyderabad/491,"Road 3, Begumpet, Hyderabad",Begumpet Restaurant 491,No,Yes,4.6/5,23783,+91 9284773427,Begumpet,Cafe,Paneer Butter Masala,"Mughlai, Biryani",600,"[('Rated 4.1','Good food and service')]",Paneer Butter Masala,Cafes,Hyderabad
https://www.zomato.com/hyderabad/492,"Road 70, Hitech City, Hyderabad",Hitech Restaurant 492,No,Yes,3.9/5,17711,+91 9659645550,Hitech City,Bakery,Pizza,South Indian,300,"[('Rated 4.6','Good food and service')]",Burger,Dine-out,Hyderabad
https://www.zomato.com/hyderabad/493,"Road 20, Miyapur, Hyderabad",Miyapur Restaurant 493,Yes,Yes,4.2/5,15198,+91 9078730815,Miyapur,Casual Dining,Mutton Biryani,Fast Food,500,"[('Rated 4.2','Good food and service')]",Chicken Biryani,Dine-out,Hyderabad
https://www.zomato.com/hyderabad/494,"Road 4, Hitech City, Hyderabad",Hitech Restaurant 494,No,No,4.3/5,9424,+91 9345405866,Hitech City,Casual Dining,Coffee,Chinese,400,"[('Rated 3.8','Good food and service')]",Mutton Biryani,Dine-out,Hyderabad
https://www.zomato.com/hyderabad/495,"Road 62, Charminar, Hyderabad",Charminar Restaurant 495,No,No,3.9/5,9381,+91 9244184609,Charminar,Cafe,Burger,"Mughlai, Biryani",800,"[('Rated 3.2','Good food and service')]",Pizza,Buffet,Hyderabad
https://www.zomato.com/hyderabad/496,"Road 55, Charminar, Hyderabad",Charminar Restaurant 496,Yes,Yes,4.8/5,9910,+91 9820163882,Charminar,Fine Dining,Burger,South Indian,400,"[('Rated 3.9','Good food and service')]",Masala Dosa,Dine-out,Hyderabad
https://www.zomato.com/hyderabad/497,"Road 34, Begumpet, Hyderabad",Begumpet Restaurant 497,No,No,3.8/5,3920,+91 9164485804,Begumpet,Casual Dining,Mutton Biryani,"Mughlai, Biryani",400,"[('Rated 3.3','Good food and service')]",Masala Dosa,Buffet,Hyderabad
https://www.zomato.com/hyderabad/498,"Road 21, Begumpet, Hyderabad",Begumpet Restaurant 498,Yes,Yes,4.7/5,1477,+91 9636964445,Begumpet,Bakery,Haleem,South Indian,400,"[('Rated 4.4','Good food and service')]",Coffee,Buffet,Hyderabad
https://www.zomato.com/hyderabad/499,"Road 6, Jubilee Hills, Hyderabad",Jubilee Restaurant 499,Yes,No,3.3/5,18910,+91 9582107985,Jubilee Hills,Fine Dining,Chicken Biryani,"Biryani, North Indian",600,"[('Rated 3.4','Good food and service')]",Paneer Butter Masala,Cafes,Hyderabad
https://www.zomato.com/hyderabad/500,"Road 68, Begumpet, Hyderabad",Begumpet Restaurant 500,Yes,No,4.1/5,2600,+91 9732579362,Begumpet,Cafe,Chicken Biryani,Chinese,300,"[('Rated 4.1','Good food and service')]",Burger,Buffet,Hyderabad
https://www.zomato.com/hyderabad/501,"Road 71, Gachibowli, Hyderabad",Gachibowli Restaurant 501,No,No,4.5/5,4410,+91 9561210604,Gachibowli,Fine Dining,Haleem,"Mughlai, Biryani",300,"[('Rated 4.6','Good food and service')]",Paneer Butter Masala,Dine-out,Hyderabad
https://www.zomato.com/hyderabad/502,"Road 46, Charminar, Hyderabad",Charminar Restaurant 502,Yes,No,4.2/5,8518,+91 9187272964,Charminar,Fine Dining,Masala Dosa,"Bakery, Desserts",1200,"[('Rated 4.0','Good food and service')]",Coffee,Dine-out,Hyderabad
https://www.zomato.com/hyderabad/503,"Road 18, Kondapur, Hyderabad",Kondapur Restaurant 503,No,Yes,3.5/5,8814,+91 9066195627,Kondapur,Cafe,Pizza,Fast Food,400,"[('Rated 3.3','Good food and service')]",Chicken Biryani,Desserts,Hyderabad
https://www.zomato.com/hyderabad/504,"Road 51, Banjara Hills, Hyderabad",Banjara Restaurant 504,No,Yes,4.2/5,1358,+91 9374519177,Banjara Hills,Casual Dining,Pizza,"Bakery, Desserts",600,"[('Rated 3.8','Good food and service')]",Chicken Biryani,Buffet,Hyderabad
https://www.zomato.com/hyderabad/505,"Road 97, Hitech City, Hyderabad",Hitech Restaurant 505,Yes,No,4.1/5,22296,+91 9117314535,Hitech City,Cafe,Haleem,"Cafe, Beverages",1000,"[('Rated 3.2','Good food and service')]",Paneer Butter Masala,Cafes,Hyderabad
https://www.zomato.com/hyderabad/506,"Road 29, Kukatpally, Hyderabad",Kukatpally Restaurant 506,No,No,3.3/5,10225,+91 9691562734,Kukatpally,Buffet,Pizza,"Biryani, North Indian",600,"[('Rated 4.4','Good food and service')]",Coffee,Delivery,Hyderabad
https://www.zomato.com/hyderabad/507,"Road 33, Hitech City, Hyderabad",Hitech Restaurant 507,No,Yes,4.7/5,744,+91 9276162595,Hitech City,Casual Dining,Haleem,"Cafe, Beverages",1000,"[('Rated 3.2','Good food and service')]",Chicken Biryani,Buffet,Hyderabad
https://www.zomato.com/hyderabad/508,"Road 43, Miyapur, Hyderabad",Miyapur Restaurant 508,Yes,No,3.4/5,21381,+91 9744308377,Miyapur,Cafe,Chicken Biryani,"Cafe, Beverages",400,"[('Rated 3.7','Good food and service')]",Paneer Butter Masala,Delivery,Hyderabad
https://www.zomato.com/hyderabad/509,"Road 52, Hitech City, Hyderabad",Hitech Restaurant 509,Yes,Yes,3.7/5,23521,+91 9902747962,Hitech City,Buffet,Mutton Biryani,Fast Food,1200,"[('Rated 3.3','Good food and service')]",Paneer Butter Masala,Desserts,Hyderabad
https://www.zomato.com/hyderabad/510,"Road 26, Gachibowli, Hyderabad",Gachibowli Restaurant 510,No,Yes,4.2/5,8011,+91 9768276705,Gachibowli,Cafe,Chicken Biryani,"Biryani, North Indian",1000,"[('Rated 4.8','Good food and service')]",Burger,Dine-out,Hyderabad
https://www.zomato.com/hyderabad/511,"Road 77, Gachibowli, Hyderabad",Gachibowli Restaurant 511,Yes,Yes,3.3/5,22138,+91 9617929393,Gachibowli,Fine Dining,Mutton Biryani,"Biryani, North Indian",1000,"[('Rated 4.7','Good food and service')]",Mutton Biryani,Cafes,Hyderabad
https://www.zomato.com/hyderabad/512,"Road 10, Secunderabad, Hyderabad",Secunderabad Restaurant 512,Yes,No,4.1/5,24491,+91 9925506263,Secunderabad,Quick Bites,Coffee,South Indian,1500,"[('Rated 3.6','Good food and service')]",Haleem,Desserts,Hyderabad
https://www.zomato.com/hyderabad/513,"Road 73, Jubilee Hills, Hyderabad",Jubilee Restaurant 513,Yes,Yes,3.6/5,2253,+91 9352164991,Jubilee Hills,Cafe,Haleem,Fast Food,1000,"[('Rated 3.2','Good food and service')]",Mutton Biryani,Cafes,Hyderabad
https://www.zomato.com/hyderabad/514,"Road 62, Gachibowli, Hyderabad",Gachibowli Restaurant 514,Yes,No,4.8/5,988,+91 9300955819,Gachibowli,Bakery,Paneer Butter Masala,"Biryani, North Indian",400,"[('Rated 3.0','Good food and service')]",Burger,Delivery,Hyderabad
https://www.zomato.com/hyderabad/515,"Road 9, Miyapur, Hyderabad",Miyapur Restaurant 515,No,Yes,3.5/5,10275,+91 9653420402,Miyapur,Quick Bites,Coffee,South Indian,1200,"[('Rated 4.4','Good food and service')]",Chicken Biryani,Delivery,Hyderabad
https://www.zomato.com/hyderabad/516,"Road 19, Begumpet, Hyderabad",Begumpet Restaurant 516,Yes,No,3.3/5,7615,+91 9226925964,Begumpet,Casual Dining,Mutton Biryani,"Biryani, North Indian",1000,"[('Rated 4.8','Good food and service')]",Masala Dosa,Delivery,Hyderabad
https://www.zomato.com/hyderabad/517,"Road 93, Jubilee Hills, Hyderabad",Jubilee Restaurant 517,Yes,No,3.8/5,3203,+91 9055519153,Jubilee Hills,Cafe,Haleem,"Mughlai, Biryani",600,"[('Rated 3.0','Good food and service')]",Mutton Biryani,Desserts,Hyderabad
https://www.zomato.com/hyderabad/518,"Road 31, Ameerpet, Hyderabad",Ameerpet Restaurant 518,Yes,Yes,4.1/5,12414,+91 9440569036,Ameerpet,Buffet,Chicken Biryani,"Mughlai, Biryani",500,"[('Rated 4.1','Good food and service')]",Coffee,Cafes,Hyderabad
https://www.zomato.com/hyderabad/519,"Road 19, Miyapur, Hyderabad",Miyapur Restaurant 519,No,No,4.7/5,17249,+91 9702042846,Miyapur,Bakery,Masala Dosa,"Cafe, Beverages",800,"[('Rated 3.3','Good food and service')]",Mutton Biryani,Desserts,Hyderabad
https://www.zomato.com/hyderabad/520,"Road 8, Gachibowli, Hyderabad",Gachibowli Restaurant 520,No,No,4.2/5,12784,+91 9999215065,Gachibowli,Fine Dining,Burger,Chinese,600,"[('Rated 4.8','Good food and service')]",Haleem,Desserts,Hyderabad
https://www.zomato.com/hyderabad/521,"Road 72, Tolichowki, Hyderabad",Tolichowki Restaurant 521,No,No,4.4/5,8171,+91 9096953894,Tolichowki,Bakery,Mutton Biryani,Fast Food,300,"[('Rated 3.7','Good food and service')]",Pizza,Dine-out,Hyderabad
https://www.zomato.com/hyderabad/522,"Road 14, LB Nagar, Hyderabad",LB Restaurant 522,No,No,4.0/5,18673,+91 9379683699,LB Nagar,Buffet,Masala Dosa,"Biryani, North Indian",300,"[('Rated 4.1','Good food and service')]",Mutton Biryani,Buffet,Hyderabad
https://www.zomato.com/hyderabad/523,"Road 78, Jubilee Hills, Hyderabad",Jubilee Restaurant 523,No,No,3.3/5,16752,+91 9443913972,Jubilee Hills,Bakery,Burger,"Biryani, North Indian",1000,"[('Rated 3.8','Good food and service')]",Pizza,Delivery,Hyderabad
https://www.zomato.com/hyderabad/524,"Road 54, Miyapur, Hyderabad",Miyapur Restaurant 524,No,No,3.5/5,17406,+91 9481858603,Miyapur,Cafe,Burger,Fast Food,1200,"[('Rated 4.9','Good food and service')]",Mutton Biryani,Dine-out,Hyderabad
https://www.zomato.com/hyderabad/525,"Road 6, Banjara Hills, Hyderabad",Banjara Restaurant 525,Yes,No,3.4/5,12776,+91 9759580905,Banjara Hills,Cafe,Masala Dosa,Chinese,500,"[('Rated 3.6','Good food and service')]",Burger,Cafes,Hyderabad
https://www.zomato.com/hyderabad/526,"Road 47, Dilsukhnagar, Hyderabad",Dilsukhnagar Restaurant 526,Yes,Yes,4.2/5,1359,+91 9169242381,Dilsukhnagar,Buffet,Pizza,Chinese,1500,"[('Rated 3.5','Good food and service')]",Chicken Biryani,Buffet,Hyderabad
https://www.zomato.com/hyderabad/527,"Road 31, Kondapur, Hyderabad",Kondapur Restaurant 527,Yes,Yes,3.7/5,5574,+91 9192320982,Kondapur,Quick Bites,Paneer Butter Masala,Chinese,500,"[('Rated 3.7','Good food and service')]",Masala Dosa,Delivery,Hyderabad
https://www.zomato.com/hyderabad/528,"Road 27, Gachibowli, Hyderabad",Gachibowli Restaurant 528,Yes,Yes,3.8/5,14602,+91 9846316524,Gachibowli,Quick Bites,Masala Dosa,Chinese,600,"[('Rated 4.1','Good food and service')]",Burger,Buffet,Hyderabad
https://www.zomato.com/hyderabad/529,"Road 89, Secunderabad, Hyderabad",Secunderabad Restaurant 529,Yes,Yes,4.7/5,14598,+91 9225121415,Secunderabad,Casual Dining,Paneer Butter Masala,"Bakery, Desserts",1500,"[('Rated 3.9','Good food and service')]",Mutton Biryani,Delivery,Hyderabad
https://www.zomato.com/hyderabad/530,"Road 6, Miyapur, Hyderabad",Miyapur Restaurant 530,No,Yes,4.4/5,21109,+91 9085371086,Miyapur,Fine Dining,Masala Dosa,"Mughlai, Biryani",1500,"[('Rated 3.4','Good food and service')]",Chicken Biryani,Desserts,Hyderabad
https://www.zomato.com/hyderabad/531,"Road 66, Madhapur, Hyderabad",Madhapur Restaurant 531,No,No,4.3/5,7838,+91 9889411257,Madhapur,Buffet,Pizza,Chinese,600,"[('Rated 3.4','Good food and service')]",Masala Dosa,Buffet,Hyderabad
https://www.zomato.com/hyderabad/532,"Road 20, Banjara Hills, Hyderabad",Banjara Restaurant 532,Yes,No,3.5/5,1737,+91 9444157466,Banjara Hills,Bakery,Coffee,"Cafe, Beverages",300,"[('Rated 3.1','Good food and service')]",Burger,Buffet,Hyderabad
https://www.zomato.com/hyderabad/533,"Road 72, Hitech City, Hyderabad",Hitech Restaurant 533,Yes,No,4.7/5,6730,+91 9595667807,Hitech City,Cafe,Coffee,Chinese,1500,"[('Rated 4.0','Good food and service')]",Pizza,Dine-out,Hyderabad
https://www.zomato.com/hyderabad/534,"Road 11, Charminar, Hyderabad",Charminar Restaurant 534,Yes,Yes,4.8/5,18092,+91 9231216831,Charminar,Quick Bites,Pizza,Fast Food,800,"[('Rated 4.3','Good food and service')]",Masala Dosa,Delivery,Hyderabad
https://www.zomato.com/hyderabad/535,"Road 1, Ameerpet, Hyderabad",Ameerpet Restaurant 535,No,Yes,3.9/5,13001,+91 9278946839,Ameerpet,Fine Dining,Coffee,South Indian,1500,"[('Rated 3.9','Good food and service')]",Mutton Biryani,Buffet,Hyderabad
https://www.zomato.com/hyderabad/536,"Road 88, Secunderabad, Hyderabad",Secunderabad Restaurant 536,No,Yes,4.7/5,24451,+91 9579682629,Secunderabad,Cafe,Haleem,South Indian,1000,"[('Rated 4.4','Good food and service')]",Haleem,Cafes,Hyderabad
https://www.zomato.com/hyderabad/537,"Road 96, Jubilee Hills, Hyderabad",Jubilee Restaurant 537,No,Yes,4.8/5,17900,+91 9499632235,Jubilee Hills,Quick Bites,Coffee,"Cafe, Beverages",300,"[('Rated 4.0','Good food and service')]",Pizza,Delivery,Hyderabad
https://www.zomato.com/hyderabad/538,"Road 9, Hitech City, Hyderabad",Hitech Restaurant 538,No,No,4.0/5,14643,+91 9036304699,Hitech City,Cafe,Coffee,"Biryani, North Indian",1500,"[('Rated 4.0','Good food and service')]",Masala Dosa,Dine-out,Hyderabad
https://www.zomato.com/hyderabad/539,"Road 3, Ameerpet, Hyderabad",Ameerpet Restaurant 539,Yes,Yes,3.2/5,19408,+91 9612932823,Ameerpet,Buffet,Masala Dosa,Fast Food,400,"[('Rated 4.2','Good food and service')]",Mutton Biryani,Delivery,Hyderabad
https://www.zomato.com/hyderabad/540,"Road 99, Hitech City, Hyderabad",Hitech Restaurant 540,Yes,No,4.3/5,4806,+91 9396012615,Hitech City,Quick Bites,Pizza,"Bakery, Desserts",300,"[('Rated 4.0','Good food and service')]",Pizza,Dine-out,Hyderabad
https://www.zomato.com/hyderabad/541,"Road 70, Banjara Hills, Hyderabad",Banjara Restaurant 541,Yes,Yes,3.6/5,14807,+91 9941813334,Banjara Hills,Cafe,Haleem,"Cafe, Beverages",400,"[('Rated 3.9','Good food and service')]",Chicken Biryani,Buffet,Hyderabad
https://www.zomato.com/hyderabad/542,"Road 8, Secunderabad, Hyderabad",Secunderabad Restaurant 542,No,No,4.3/5,14225,+91 9593864446,Secunderabad,Buffet,Mutton Biryani,South Indian,1000,"[('Rated 4.7','Good food and service')]",Coffee,Delivery,Hyderabad
https://www.zomato.com/hyderabad/543,"Road 8, Hitech City, Hyderabad",Hitech Restaurant 543,No,Yes,4.0/5,13939,+91 9949921915,Hitech City,Cafe,Burger,"Biryani, North Indian",500,"[('Rated 3.2','Good food and service')]",Coffee,Desserts,Hyderabad
https://www.zomato.com/hyderabad/544,"Road 59, Hitech City, Hyderabad",Hitech Restaurant 544,No,No,3.9/5,16439,+91 9028684979,Hitech City,Casual Dining,Haleem,Chinese,300,"[('Rated 3.4','Good food and service')]",Mutton Biryani,Cafes,Hyderabad
https://www.zomato.com/hyderabad/545,"Road 69, Begumpet, Hyderabad",Begumpet Restaurant 545,Yes,No,3.5/5,3002,+91 9800123077,Begumpet,Cafe,Masala Dosa,"Biryani, North Indian",800,"[('Rated 4.8','Good food and service')]",Coffee,Delivery,Hyderabad
https://www.zomato.com/hyderabad/546,"Road 49, Kondapur, Hyderabad",Kondapur Restaurant 546,No,No,4.0/5,24284,+91 9714029206,Kondapur,Cafe,Haleem,Chinese,400,"[('Rated 4.7','Good food and service')]",Mutton Biryani,Dine-out,Hyderabad
https://www.zomato.com/hyderabad/547,"Road 58, LB Nagar, Hyderabad",LB Restaurant 547,Yes,Yes,4.1/5,19808,+91 9916559628,LB Nagar,Bakery,Masala Dosa,Fast Food,1200,"[('Rated 3.3','Good food and service')]",Mutton Biryani,Desserts,Hyderabad
https://www.zomato.com/hyderabad/548,"Road 34, Charminar, Hyderabad",Charminar Restaurant 548,Yes,Yes,3.7/5,21273,+91 9765154384,Charminar,Fine Dining,Haleem,Chinese,400,"[('Rated 3.7','Good food and service')]",Chicken Biryani,Desserts,Hyderabad
https://www.zomato.com/hyderabad/549,"Road 30, Secunderabad, Hyderabad",Secunderabad Restaurant 549,Yes,Yes,3.6/5,14014,+91 9934058501,Secunderabad,Bakery,Burger,Chinese,600,"[('Rated 3.7','Good food and service')]",Burger,Dine-out,Hyderabad
https://www.zomato.com/hyderabad/550,"Road 94, Kondapur, Hyderabad",Kondapur Restaurant 550,No,No,3.5/5,12080,+91 9390124022,Kondapur,Cafe,Burger,"Mughlai, Biryani",300,"[('Rated 3.6','Good food and service')]",Paneer Butter Masala,Delivery,Hyderabad
https://www.zomato.com/hyderabad/551,"Road 48, Tolichowki, Hyderabad",Tolichowki Restaurant 551,Yes,Yes,3.8/5,13930,+91 9941085051,Tolichowki,Fine Dining,Haleem,"Cafe, Beverages",1500,"[('Rated 4.5','Good food and service')]",Masala Dosa,Dine-out,Hyderabad
https://www.zomato.com/hyderabad/552,"Road 52, Begumpet, Hyderabad",Begumpet Restaurant 552,No,Yes,3.9/5,15232,+91 9447663303,Begumpet,Buffet,Coffee,"Mughlai, Biryani",300,"[('Rated 5.0','Good food and service')]",Mutton Biryani,Cafes,Hyderabad
https://www.zomato.com/hyderabad/553,"Road 40, Dilsukhnagar, Hyderabad",Dilsukhnagar Restaurant 553,No,No,3.4/5,2687,+91 9275478001,Dilsukhnagar,Fine Dining,Mutton Biryani,"Biryani, North Indian",1200,"[('Rated 4.7','Good food and service')]",Paneer Butter Masala,Desserts,Hyderabad
https://www.zomato.com/hyderabad/554,"Road 15, Begumpet, Hyderabad",Begumpet Restaurant 554,No,Yes,3.5/5,983,+91 9152335386,Begumpet,Cafe,Pizza,Fast Food,800,"[('Rated 4.6','Good food and service')]",Burger,Delivery,Hyderabad
https://www.zomato.com/hyderabad/555,"Road 40, LB Nagar, Hyderabad",LB Restaurant 555,Yes,No,3.3/5,18094,+91 9148103862,LB Nagar,Bakery,Masala Dosa,"Bakery, Desserts",1000,"[('Rated 3.6','Good food and service')]",Pizza,Dine-out,Hyderabad
https://www.zomato.com/hyderabad/556,"Road 70, Kukatpally, Hyderabad",Kukatpally Restaurant 556,No,No,3.4/5,1445,+91 9975493270,Kukatpally,Cafe,Pizza,"Bakery, Desserts",600,"[('Rated 4.9','Good food and service')]",Masala Dosa,Dine-out,Hyderabad
https://www.zomato.com/hyderabad/557,"Road 37, Secunderabad, Hyderabad",Secunderabad Restaurant 557,Yes,No,4.7/5,19475,+91 9612854361,Secunderabad,Bakery,Masala Dosa,"Cafe, Beverages",800,"[('Rated 3.1','Good food and service')]",Haleem,Dine-out,Hyderabad
https://www.zomato.com/hyderabad/558,"Road 52, Begumpet, Hyderabad",Begumpet Restaurant 558,Yes,No,4.9/5,10516,+91 9424853556,Begumpet,Casual Dining,Paneer Butter Masala,Fast Food,800,"[('Rated 4.6','Good food and service')]",Haleem,Cafes,Hyderabad
https://www.zomato.com/hyderabad/559,"Road 43, Secunderabad, Hyderabad",Secunderabad Restaurant 559,Yes,No,3.2/5,3694,+91 9380448786,Secunderabad,Quick Bites,Coffee,Fast Food,800,"[('Rated 3.1','Good food and service')]",Chicken Biryani,Dine-out,Hyderabad
https://www.zomato.com/hyderabad/560,"Road 6, Dilsukhnagar, Hyderabad",Dilsukhnagar Restaurant 560,No,No,3.4/5,11056,+91 9718538919,Dilsukhnagar,Fine Dining,Masala Dosa,"Mughlai, Biryani",400,"[('Rated 3.1','Good food and service')]",Haleem,Delivery,Hyderabad
https://www.zomato.com/hyderabad/561,"Road 88, Charminar, Hyderabad",Charminar Restaurant 561,No,Yes,4.6/5,20469,+91 9378184477,Charminar,Buffet,Pizza,"Mughlai, Biryani",500,"[('Rated 4.5','Good food and service')]",Haleem,Buffet,Hyderabad
https://www.zomato.com/hyderabad/562,"Road 79, Secunderabad, Hyderabad",Secunderabad Restaurant 562,Yes,Yes,4.2/5,24307,+91 9474123084,Secunderabad,Quick Bites,Paneer Butter Masala,South Indian,400,"[('Rated 4.6','Good food and service')]",Paneer Butter Masala,Cafes,Hyderabad
https://www.zomato.com/hyderabad/563,"Road 7, Charminar, Hyderabad",Charminar Restaurant 563,No,Yes,3.6/5,14692,+91 9362503705,Charminar,Buffet,Burger,Fast Food,1500,"[('Rated 4.5','Good food and service')]",Burger,Cafes,Hyderabad
https://www.zomato.com/hyderabad/564,"Road 45, Banjara Hills, Hyderabad",Banjara Restaurant 564,No,No,3.7/5,7444,+91 9900530656,Banjara Hills,Casual Dining,Masala Dosa,Fast Food,1500,"[('Rated 4.6','Good food and service')]",Mutton Biryani,Desserts,Hyderabad
https://www.zomato.com/hyderabad/565,"Road 55, Ameerpet, Hyderabad",Ameerpet Restaurant 565,Yes,No,4.9/5,7739,+91 9893905385,Ameerpet,Fine Dining,Masala Dosa,"Cafe, Beverages",1500,"[('Rated 4.5','Good food and service')]",Masala Dosa,Delivery,Hyderabad
https://www.zomato.com/hyderabad/566,"Road 22, Dilsukhnagar, Hyderabad",Dilsukhnagar Restaurant 566,No,No,3.9/5,18686,+91 9289037517,Dilsukhnagar,Cafe,Masala Dosa,"Cafe, Beverages",500,"[('Rated 3.7','Good food and service')]",Burger,Delivery,Hyderabad
https://www.zomato.com/hyderabad/567,"Road 27, Begumpet, Hyderabad",Begumpet Restaurant 567,Yes,Yes,3.9/5,6878,+91 9089058725,Begumpet,Fine Dining,Haleem,South Indian,400,"[('Rated 4.5','Good food and service')]",Coffee,Delivery,Hyderabad
https://www.zomato.com/hyderabad/568,"Road 81, Hitech City, Hyderabad",Hitech Restaurant 568,No,No,4.5/5,3905,+91 9519193902,Hitech City,Fine Dining,Coffee,"Mughlai, Biryani",300,"[('Rated 4.7','Good food and service')]",Burger,Buffet,Hyderabad
https://www.zomato.com/hyderabad/569,"Road 67, Charminar, Hyderabad",Charminar Restaurant 569,Yes,Yes,4.0/5,16620,+91 9927522608,Charminar,Bakery,Paneer Butter Masala,"Biryani, North Indian",800,"[('Rated 3.5','Good food and service')]",Haleem,Dine-out,Hyderabad
https://www.zomato.com/hyderabad/570,"Road 58, Gachibowli, Hyderabad",Gachibowli Restaurant 570,Yes,Yes,4.8/5,8920,+91 9886548528,Gachibowli,Bakery,Mutton Biryani,"Cafe, Beverages",300,"[('Rated 4.4','Good food and service')]",Pizza,Buffet,Hyderabad
https://www.zomato.com/hyderabad/571,"Road 91, Gachibowli, Hyderabad",Gachibowli Restaurant 571,No,Yes,4.8/5,14721,+91 9963712907,Gachibowli,Quick Bites,Coffee,"Mughlai, Biryani",400,"[('Rated 5.0','Good food and service')]",Coffee,Desserts,Hyderabad
https://www.zomato.com/hyderabad/572,"Road 45, Kukatpally, Hyderabad",Kukatpally Restaurant 572,Yes,Yes,4.8/5,24214,+91 9605735827,Kukatpally,Fine Dining,Mutton Biryani,Chinese,1000,"[('Rated 4.7','Good food and service')]",Burger,Delivery,Hyderabad
https://www.zomato.com/hyderabad/573,"Road 11, Ameerpet, Hyderabad",Ameerpet Restaurant 573,Yes,No,4.5/5,6117,+91 9683070994,Ameerpet,Quick Bites,Chicken Biryani,"Mughlai, Biryani",1500,"[('Rated 3.8','Good food and service')]",Chicken Biryani,Cafes,Hyderabad
https://www.zomato.com/hyderabad/574,"Road 98, Kukatpally, Hyderabad",Kukatpally Restaurant 574,Yes,Yes,4.7/5,5098,+91 9438850039,Kukatpally,Cafe,Chicken Biryani,Fast Food,400,"[('Rated 4.6','Good food and service')]",Pizza,Desserts,Hyderabad
https://www.zomato.com/hyderabad/575,"Road 13, Dilsukhnagar, Hyderabad",Dilsukhnagar Restaurant 575,Yes,No,4.1/5,6418,+91 9577327955,Dilsukhnagar,Buffet,Burger,"Biryani, North Indian",300,"[('Rated 5.0','Good food and service')]",Pizza,Cafes,Hyderabad
https://www.zomato.com/hyderabad/576,"Road 2, Charminar, Hyderabad",Charminar Restaurant 576,No,Yes,4.4/5,14771,+91 9950602601,Charminar,Quick Bites,Coffee,"Biryani, North Indian",1500,"[('Rated 3.6','Good food and service')]",Mutton Biryani,Dine-out,Hyderabad
https://www.zomato.com/hyderabad/577,"Road 87, Tolichowki, Hyderabad",Tolichowki Restaurant 577,Yes,Yes,4.2/5,10758,+91 9961533223,Tolichowki,Buffet,Chicken Biryani,"Bakery, Desserts",600,"[('Rated 3.1','Good food and service')]",Burger,Cafes,Hyderabad
https://www.zomato.com/hyderabad/578,"Road 34, Dilsukhnagar, Hyderabad",Dilsukhnagar Restaurant 578,No,Yes,4.0/5,16709,+91 9658375489,Dilsukhnagar,Fine Dining,Burger,South Indian,600,"[('Rated 4.1','Good food and service')]",Pizza,Dine-out,Hyderabad
https://www.zomato.com/hyderabad/579,"Road 47, Madhapur, Hyderabad",Madhapur Restaurant 579,Yes,Yes,3.3/5,21529,+91 9844558003,Madhapur,Casual Dining,Coffee,Fast Food,300,"[('Rated 4.7','Good food and service')]",Haleem,Delivery,Hyderabad
https://www.zomato.com/hyderabad/580,"Road 30, Charminar, Hyderabad",Charminar Restaurant 580,No,No,3.4/5,22630,+91 9544364531,Charminar,Cafe,Burger,Fast Food,1500,"[('Rated 3.4','Good food and service')]",Masala Dosa,Delivery,Hyderabad
https://www.zomato.com/hyderabad/581,"Road 16, Madhapur, Hyderabad",Madhapur Restaurant 581,Yes,Yes,3.7/5,759,+91 9690731615,Madhapur,Buffet,Chicken Biryani,"Cafe, Beverages",1200,"[('Rated 4.8','Good food and service')]",Coffee,Delivery,Hyderabad
https://www.zomato.com/hyderabad/582,"Road 61, Dilsukhnagar, Hyderabad",Dilsukhnagar Restaurant 582,Yes,No,4.4/5,11973,+91 9320012365,Dilsukhnagar,Bakery,Masala Dosa,South Indian,1500,"[('Rated 4.9','Good food and service')]",Haleem,Cafes,Hyderabad
https://www.zomato.com/hyderabad/583,"Road 12, Miyapur, Hyderabad",Miyapur Restaurant 583,Yes,No,4.6/5,20729,+91 9099273212,Miyapur,Casual Dining,Burger,South Indian,800,"[('Rated 3.3','Good food and service')]",Chicken Biryani,Desserts,Hyderabad
https://www.zomato.com/hyderabad/584,"Road 22, Hitech City, Hyderabad",Hitech Restaurant 584,Yes,No,4.2/5,7498,+91 9807003238,Hitech City,Casual Dining,Chicken Biryani,"Biryani, North Indian",1200,"[('Rated 3.9','Good food and service')]",Chicken Biryani,Desserts,Hyderabad
https://www.zomato.com/hyderabad/585,"Road 22, Gachibowli, Hyderabad",Gachibowli Restaurant 585,Yes,No,4.4/5,5516,+91 9472484729,Gachibowli,Fine Dining,Burger,Fast Food,600,"[('Rated 3.4','Good food and service')]",Haleem,Dine-out,Hyderabad
https://www.zomato.com/hyderabad/586,"Road 87, Gachibowli, Hyderabad",Gachibowli Restaurant 586,No,No,4.4/5,5282,+91 9673382886,Gachibowli,Bakery,Masala Dosa,Chinese,300,"[('Rated 3.8','Good food and service')]",Paneer Butter Masala,Cafes,Hyderabad
https://www.zomato.com/hyderabad/587,"Road 45, Ameerpet, Hyderabad",Ameerpet Restaurant 587,Yes,Yes,3.5/5,12435,+91 9436660478,Ameerpet,Fine Dining,Masala Dosa,Fast Food,300,"[('Rated 4.5','Good food and service')]",Paneer Butter Masala,Dine-out,Hyderabad
https://www.zomato.com/hyderabad/588,"Road 7, Kukatpally, Hyderabad",Kukatpally Restaurant 588,No,Yes,3.3/5,22997,+91 9408673960,Kukatpally,Quick Bites,Paneer Butter Masala,"Bakery, Desserts",1000,"[('Rated 3.8','Good food and service')]",Mutton Biryani,Buffet,Hyderabad
https://www.zomato.com/hyderabad/589,"Road 93, Banjara Hills, Hyderabad",Banjara Restaurant 589,Yes,No,3.9/5,8020,+91 9165014943,Banjara Hills,Casual Dining,Mutton Biryani,"Cafe, Beverages",1200,"[('Rated 4.8','Good food and service')]",Coffee,Delivery,Hyderabad
https://www.zomato.com/hyderabad/590,"Road 77, Miyapur, Hyderabad",Miyapur Restaurant 590,No,Yes,4.9/5,4664,+91 9638547763,Miyapur,Fine Dining,Chicken Biryani,Chinese,1500,"[('Rated 3.2','Good food and service')]",Pizza,Desserts,Hyderabad
https://www.zomato.com/hyderabad/591,"Road 51, Charminar, Hyderabad",Charminar Restaurant 591,Yes,No,3.2/5,2774,+91 9949916053,Charminar,Casual Dining,Pizza,"Biryani, North Indian",1500,"[('Rated 3.5','Good food and service')]",Mutton Biryani,Cafes,Hyderabad
https://www.zomato.com/hyderabad/592,"Road 73, Gachibowli, Hyderabad",Gachibowli Restaurant 592,Yes,No,3.7/5,20912,+91 9031067946,Gachibowli,Quick Bites,Burger,South Indian,1200,"[('Rated 3.5','Good food and service')]",Chicken Biryani,Desserts,Hyderabad
https://www.zomato.com/hyderabad/593,"Road 40, Secunderabad, Hyderabad",Secunderabad Restaurant 593,Yes,Yes,4.7/5,6681,+91 9623125476,Secunderabad,Buffet,Coffee,"Biryani, North Indian",1500,"[('Rated 3.2','Good food and service')]",Masala Dosa,Dine-out,Hyderabad
https://www.zomato.com/hyderabad/594,"Road 40, Begumpet, Hyderabad",Begumpet Restaurant 594,No,No,4.5/5,24846,+91 9354364805,Begumpet,Bakery,Mutton Biryani,"Cafe, Beverages",300,"[('Rated 3.6','Good food and service')]",Mutton Biryani,Delivery,Hyderabad
https://www.zomato.com/hyderabad/595,"Road 39, Ameerpet, Hyderabad",Ameerpet Restaurant 595,No,No,3.4/5,23247,+91 9162870325,Ameerpet,Quick Bites,Coffee,"Cafe, Beverages",300,"[('Rated 3.4','Good food and service')]",Mutton Biryani,Cafes,Hyderabad
https://www.zomato.com/hyderabad/596,"Road 97, Kondapur, Hyderabad",Kondapur Restaurant 596,Yes,No,3.3/5,24555,+91 9162216752,Kondapur,Buffet,Masala Dosa,South Indian,600,"[('Rated 4.4','Good food and service')]",Mutton Biryani,Cafes,Hyderabad
https://www.zomato.com/hyderabad/597,"Road 82, LB Nagar, Hyderabad",LB Restaurant 597,Yes,No,4.8/5,6018,+91 9986528223,LB Nagar,Fine Dining,Chicken Biryani,"Biryani, North Indian",500,"[('Rated 3.4','Good food and service')]",Coffee,Buffet,Hyderabad
https://www.zomato.com/hyderabad/598,"Road 70, Hitech City, Hyderabad",Hitech Restaurant 598,Yes,Yes,3.7/5,14455,+91 9862665773,Hitech City,Bakery,Chicken Biryani,"Biryani, North Indian",800,"[('Rated 3.7','Good food and service')]",Mutton Biryani,Dine-out,Hyderabad
https://www.zomato.com/hyderabad/599,"Road 85, Kondapur, Hyderabad",Kondapur Restaurant 599,No,Yes,4.8/5,3764,+91 9365654877,Kondapur,Buffet,Haleem,"Cafe, Beverages",1500,"[('Rated 4.9','Good food and service')]",Paneer Butter Masala,Buffet,Hyderabad
https://www.zomato.com/hyderabad/600,"Road 25, Hitech City, Hyderabad",Hitech Restaurant 600,Yes,Yes,4.3/5,15323,+91 9846419474,Hitech City,Casual Dining,Burger,Fast Food,1200,"[('Rated 3.8','Good food and service')]",Pizza,Dine-out,Hyderabad
https://www.zomato.com/hyderabad/601,"Road 77, Madhapur, Hyderabad",Madhapur Restaurant 601,Yes,Yes,3.2/5,16325,+91 9862839216,Madhapur,Quick Bites,Pizza,Chinese,500,"[('Rated 4.9','Good food and service')]",Masala Dosa,Cafes,Hyderabad
https://www.zomato.com/hyderabad/602,"Road 6, Begumpet, Hyderabad",Begumpet Restaurant 602,Yes,Yes,4.7/5,19766,+91 9808825825,Begumpet,Fine Dining,Paneer Butter Masala,Chinese,400,"[('Rated 4.6','Good food and service')]",Chicken Biryani,Dine-out,Hyderabad
https://www.zomato.com/hyderabad/603,"Road 86, Tolichowki, Hyderabad",Tolichowki Restaurant 603,No,Yes,3.4/5,4336,+91 9526512731,Tolichowki,Casual Dining,Chicken Biryani,"Mughlai, Biryani",500,"[('Rated 3.3','Good food and service')]",Burger,Delivery,Hyderabad
https://www.zomato.com/hyderabad/604,"Road 60, Dilsukhnagar, Hyderabad",Dilsukhnagar Restaurant 604,No,Yes,3.9/5,11305,+91 9735636291,Dilsukhnagar,Buffet,Paneer Butter Masala,"Bakery, Desserts",500,"[('Rated 4.6','Good food and service')]",Paneer Butter Masala,Dine-out,Hyderabad
https://www.zomato.com/hyderabad/605,"Road 80, Ameerpet, Hyderabad",Ameerpet Restaurant 605,Yes,Yes,4.5/5,22210,+91 9737375389,Ameerpet,Buffet,Coffee,Chinese,1500,"[('Rated 3.0','Good food and service')]",Haleem,Dine-out,Hyderabad
https://www.zomato.com/hyderabad/606,"Road 95, Kondapur, Hyderabad",Kondapur Restaurant 606,No,Yes,3.7/5,8273,+91 9282124095,Kondapur,Buffet,Masala Dosa,"Cafe, Beverages",600,"[('Rated 4.0','Good food and service')]",Haleem,Dine-out,Hyderabad
https://www.zomato.com/hyderabad/607,"Road 11, Begumpet, Hyderabad",Begumpet Restaurant 607,No,Yes,4.3/5,13512,+91 9630041349,Begumpet,Casual Dining,Pizza,Fast Food,1000,"[('Rated 4.3','Good food and service')]",Chicken Biryani,Dine-out,Hyderabad
https://www.zomato.com/hyderabad/608,"Road 56, Miyapur, Hyderabad",Miyapur Restaurant 608,Yes,Yes,3.9/5,10831,+91 9485696599,Miyapur,Cafe,Burger,"Mughlai, Biryani",800,"[('Rated 4.9','Good food and service')]",Haleem,Delivery,Hyderabad
https://www.zomato.com/hyderabad/609,"Road 6, Charminar, Hyderabad",Charminar Restaurant 609,Yes,No,4.1/5,22777,+91 9681580660,Charminar,Buffet,Coffee,Fast Food,800,"[('Rated 4.5','Good food and service')]",Haleem,Cafes,Hyderabad
https://www.zomato.com/hyderabad/610,"Road 88, Madhapur, Hyderabad",Madhapur Restaurant 610,No,No,3.8/5,5659,+91 9988948010,Madhapur,Cafe,Paneer Butter Masala,Fast Food,1500,"[('Rated 4.5','Good food and service')]",Haleem,Buffet,Hyderabad
https://www.zomato.com/hyderabad/611,"Road 55, Hitech City, Hyderabad",Hitech Restaurant 611,Yes,Yes,3.7/5,12648,+91 9853171704,Hitech City,Quick Bites,Burger,South Indian,300,"[('Rated 4.8','Good food and service')]",Pizza,Desserts,Hyderabad
https://www.zomato.com/hyderabad/612,"Road 80, Ameerpet, Hyderabad",Ameerpet Restaurant 612,Yes,No,3.4/5,2874,+91 9437014776,Ameerpet,Cafe,Mutton Biryani,South Indian,500,"[('Rated 4.7','Good food and service')]",Chicken Biryani,Dine-out,Hyderabad
https://www.zomato.com/hyderabad/613,"Road 16, Kondapur, Hyderabad",Kondapur Restaurant 613,Yes,No,3.9/5,21189,+91 9612673481,Kondapur,Bakery,Mutton Biryani,"Biryani, North Indian",400,"[('Rated 4.4','Good food and service')]",Mutton Biryani,Dine-out,Hyderabad
https://www.zomato.com/hyderabad/614,"Road 70, Miyapur, Hyderabad",Miyapur Restaurant 614,Yes,Yes,4.1/5,13324,+91 9257331380,Miyapur,Fine Dining,Pizza,"Mughlai, Biryani",300,"[('Rated 3.8','Good food and service')]",Burger,Buffet,Hyderabad
https://www.zomato.com/hyderabad/615,"Road 52, Ameerpet, Hyderabad",Ameerpet Restaurant 615,No,Yes,4.2/5,20628,+91 9802845966,Ameerpet,Casual Dining,Chicken Biryani,"Biryani, North Indian",1500,"[('Rated 3.1','Good food and service')]",Chicken Biryani,Buffet,Hyderabad
https://www.zomato.com/hyderabad/616,"Road 20, Miyapur, Hyderabad",Miyapur Restaurant 616,No,No,3.4/5,4093,+91 9438996225,Miyapur,Quick Bites,Masala Dosa,"Bakery, Desserts",800,"[('Rated 4.8','Good food and service')]",Burger,Buffet,Hyderabad
https://www.zomato.com/hyderabad/617,"Road 8, Dilsukhnagar, Hyderabad",Dilsukhnagar Restaurant 617,No,No,3.4/5,4832,+91 9864556716,Dilsukhnagar,Fine Dining,Pizza,"Cafe, Beverages",400,"[('Rated 4.6','Good food and service')]",Coffee,Cafes,Hyderabad
https://www.zomato.com/hyderabad/618,"Road 97, LB Nagar, Hyderabad",LB Restaurant 618,Yes,Yes,4.3/5,10586,+91 9492893485,LB Nagar,Quick Bites,Burger,"Biryani, North Indian",1200,"[('Rated 4.7','Good food and service')]",Chicken Biryani,Desserts,Hyderabad
https://www.zomato.com/hyderabad/619,"Road 84, Ameerpet, Hyderabad",Ameerpet Restaurant 619,No,No,4.4/5,6997,+91 9153127784,Ameerpet,Quick Bites,Mutton Biryani,"Biryani, North Indian",600,"[('Rated 4.6','Good food and service')]",Masala Dosa,Buffet,Hyderabad
https://www.zomato.com/hyderabad/620,"Road 83, Begumpet, Hyderabad",Begumpet Restaurant 620,No,Yes,4.8/5,1380,+91 9366053144,Begumpet,Buffet,Chicken Biryani,"Mughlai, Biryani",500,"[('Rated 3.9','Good food and service')]",Chicken Biryani,Cafes,Hyderabad
https://www.zomato.com/hyderabad/621,"Road 33, Madhapur, Hyderabad",Madhapur Restaurant 621,No,No,4.8/5,15967,+91 9437926658,Madhapur,Quick Bites,Haleem,"Biryani, North Indian",400,"[('Rated 4.6','Good food and service')]",Burger,Desserts,Hyderabad
https://www.zomato.com/hyderabad/622,"Road 74, LB Nagar, Hyderabad",LB Restaurant 622,Yes,No,4.2/5,1452,+91 9821878491,LB Nagar,Quick Bites,Paneer Butter Masala,Chinese,500,"[('Rated 3.2','Good food and service')]",Masala Dosa,Dine-out,Hyderabad
https://www.zomato.com/hyderabad/623,"Road 61, Charminar, Hyderabad",Charminar Restaurant 623,No,Yes,4.7/5,4016,+91 9985901459,Charminar,Buffet,Chicken Biryani,"Bakery, Desserts",1000,"[('Rated 4.9','Good food and service')]",Masala Dosa,Desserts,Hyderabad
https://www.zomato.com/hyderabad/624,"Road 38, Gachibowli, Hyderabad",Gachibowli Restaurant 624,Yes,No,4.5/5,3794,+91 9730163060,Gachibowli,Quick Bites,Paneer Butter Masala,South Indian,500,"[('Rated 4.3','Good food and service')]",Burger,Delivery,Hyderabad
https://www.zomato.com/hyderabad/625,"Road 84, Gachibowli, Hyderabad",Gachibowli Restaurant 625,No,Yes,4.5/5,13120,+91 9464631425,Gachibowli,Quick Bites,Mutton Biryani,"Bakery, Desserts",1000,"[('Rated 4.8','Good food and service')]",Haleem,Cafes,Hyderabad
https://www.zomato.com/hyderabad/626,"Road 35, Banjara Hills, Hyderabad",Banjara Restaurant 626,No,No,4.8/5,20398,+91 9329302738,Banjara Hills,Quick Bites,Coffee,"Mughlai, Biryani",400,"[('Rated 4.0','Good food and service')]",Chicken Biryani,Cafes,Hyderabad
https://www.zomato.com/hyderabad/627,"Road 26, Miyapur, Hyderabad",Miyapur Restaurant 627,No,Yes,4.2/5,12972,+91 9000686275,Miyapur,Cafe,Haleem,"Mughlai, Biryani",600,"[('Rated 4.7','Good food and service')]",Masala Dosa,Buffet,Hyderabad
https://www.zomato.com/hyderabad/628,"Road 74, Hitech City, Hyderabad",Hitech Restaurant 628,Yes,No,4.7/5,22351,+91 9857028734,Hitech City,Bakery,Burger,"Bakery, Desserts",600,"[('Rated 4.9','Good food and service')]",Masala Dosa,Desserts,Hyderabad
https://www.zomato.com/hyderabad/629,"Road 27, Secunderabad, Hyderabad",Secunderabad Restaurant 629,No,Yes,3.2/5,4921,+91 9890006164,Secunderabad,Cafe,Mutton Biryani,"Biryani, North Indian",400,"[('Rated 4.4','Good food and service')]",Coffee,Desserts,Hyderabad
https://www.zomato.com/hyderabad/630,"Road 96, Dilsukhnagar, Hyderabad",Dilsukhnagar Restaurant 630,No,No,4.5/5,18555,+91 9963830616,Dilsukhnagar,Bakery,Paneer Butter Masala,Chinese,300,"[('Rated 4.3','Good food and service')]",Pizza,Buffet,Hyderabad
https://www.zomato.com/hyderabad/631,"Road 11, Tolichowki, Hyderabad",Tolichowki Restaurant 631,Yes,No,3.4/5,2652,+91 9901279508,Tolichowki,Fine Dining,Masala Dosa,South Indian,1500,"[('Rated 3.5','Good food and service')]",Chicken Biryani,Dine-out,Hyderabad
https://www.zomato.com/hyderabad/632,"Road 43, Tolichowki, Hyderabad",Tolichowki Restaurant 632,Yes,No,3.2/5,16937,+91 9871774098,Tolichowki,Fine Dining,Coffee,South Indian,1200,"[('Rated 3.6','Good food and service')]",Chicken Biryani,Delivery,Hyderabad
https://www.zomato.com/hyderabad/633,"Road 75, Begumpet, Hyderabad",Begumpet Restaurant 633,Yes,No,3.8/5,15473,+91 9687329944,Begumpet,Cafe,Mutton Biryani,Fast Food,1500,"[('Rated 4.2','Good food and service')]",Coffee,Desserts,Hyderabad
https://www.zomato.com/hyderabad/634,"Road 59, Banjara Hills, Hyderabad",Banjara Restaurant 634,Yes,Yes,4.5/5,14608,+91 9475640642,Banjara Hills,Casual Dining,Paneer Butter Masala,Fast Food,1000,"[('Rated 4.0','Good food and service')]",Masala Dosa,Dine-out,Hyderabad
https://www.zomato.com/hyderabad/635,"Road 20, Ameerpet, Hyderabad",Ameerpet Restaurant 635,No,No,3.5/5,12366,+91 9434628317,Ameerpet,Buffet,Mutton Biryani,"Biryani, North Indian",1200,"[('Rated 3.9','Good food and service')]",Chicken Biryani,Dine-out,Hyderabad
https://www.zomato.com/hyderabad/636,"Road 57, Kondapur, Hyderabad",Kondapur Restaurant 636,No,No,3.6/5,1746,+91 9171409474,Kondapur,Quick Bites,Burger,Fast Food,1200,"[('Rated 3.7','Good food and service')]",Pizza,Delivery,Hyderabad
https://www.zomato.com/hyderabad/637,"Road 62, Miyapur, Hyderabad",Miyapur Restaurant 637,No,No,4.5/5,20234,+91 9083343093,Miyapur,Quick Bites,Coffee,"Biryani, North Indian",1500,"[('Rated 3.6','Good food and service')]",Mutton Biryani,Dine-out,Hyderabad
https://www.zomato.com/hyderabad/638,"Road 18, Jubilee Hills, Hyderabad",Jubilee Restaurant 638,No,Yes,4.5/5,9958,+91 9323576863,Jubilee Hills,Cafe,Paneer Butter Masala,Chinese,800,"[('Rated 4.2','Good food and service')]",Coffee,Delivery,Hyderabad
https://www.zomato.com/hyderabad/639,"Road 35, Charminar, Hyderabad",Charminar Restaurant 639,Yes,Yes,3.9/5,8270,+91 9588446282,Charminar,Bakery,Coffee,"Biryani, North Indian",1200,"[('Rated 4.5','Good food and service')]",Masala Dosa,Cafes,Hyderabad
https://www.zomato.com/hyderabad/640,"Road 10, Jubilee Hills, Hyderabad",Jubilee Restaurant 640,Yes,Yes,3.4/5,20049,+91 9416516492,Jubilee Hills,Bakery,Masala Dosa,"Biryani, North Indian",1200,"[('Rated 4.7','Good food and service')]",Haleem,Buffet,Hyderabad
https://www.zomato.com/hyderabad/641,"Road 70, Kondapur, Hyderabad",Kondapur Restaurant 641,No,Yes,3.4/5,21331,+91 9717915192,Kondapur,Casual Dining,Paneer Butter Masala,"Mughlai, Biryani",1200,"[('Rated 4.3','Good food and service')]",Paneer Butter Masala,Dine-out,Hyderabad
https://www.zomato.com/hyderabad/642,"Road 40, Begumpet, Hyderabad",Begumpet Restaurant 642,No,Yes,4.3/5,6658,+91 9925344861,Begumpet,Cafe,Mutton Biryani,"Cafe, Beverages",300,"[('Rated 4.1','Good food and service')]",Masala Dosa,Cafes,Hyderabad
https://www.zomato.com/hyderabad/643,"Road 43, Ameerpet, Hyderabad",Ameerpet Restaurant 643,Yes,No,4.0/5,24318,+91 9934875419,Ameerpet,Cafe,Paneer Butter Masala,"Biryani, North Indian",300,"[('Rated 4.4','Good food and service')]",Mutton Biryani,Delivery,Hyderabad
https://www.zomato.com/hyderabad/644,"Road 72, Secunderabad, Hyderabad",Secunderabad Restaurant 644,Yes,No,3.4/5,17023,+91 9900651996,Secunderabad,Bakery,Pizza,"Mughlai, Biryani",400,"[('Rated 4.0','Good food and service')]",Coffee,Dine-out,Hyderabad
https://www.zomato.com/hyderabad/645,"Road 63, Secunderabad, Hyderabad",Secunderabad Restaurant 645,Yes,No,4.4/5,19323,+91 9609472080,Secunderabad,Bakery,Haleem,"Biryani, North Indian",400,"[('Rated 4.4','Good food and service')]",Paneer Butter Masala,Desserts,Hyderabad
https://www.zomato.com/hyderabad/646,"Road 98, Dilsukhnagar, Hyderabad",Dilsukhnagar Restaurant 646,Yes,No,3.8/5,1258,+91 9728852212,Dilsukhnagar,Fine Dining,Burger,Chinese,600,"[('Rated 5.0','Good food and service')]",Haleem,Desserts,Hyderabad
https://www.zomato.com/hyderabad/647,"Road 93, Ameerpet, Hyderabad",Ameerpet Restaurant 647,Yes,Yes,3.2/5,4706,+91 9011107710,Ameerpet,Cafe,Burger,Chinese,500,"[('Rated 3.3','Good food and service')]",Burger,Dine-out,Hyderabad
https://www.zomato.com/hyderabad/648,"Road 77, Tolichowki, Hyderabad",Tolichowki Restaurant 648,No,Yes,4.8/5,20677,+91 9848888826,Tolichowki,Fine Dining,Mutton Biryani,Chinese,600,"[('Rated 3.7','Good food and service')]",Coffee,Cafes,Hyderabad
https://www.zomato.com/hyderabad/649,"Road 28, Tolichowki, Hyderabad",Tolichowki Restaurant 649,Yes,No,4.6/5,23927,+91 9037099594,Tolichowki,Fine Dining,Mutton Biryani,"Mughlai, Biryani",1000,"[('Rated 4.5','Good food and service')]",Masala Dosa,Cafes,Hyderabad
https://www.zomato.com/hyderabad/650,"Road 51, Tolichowki, Hyderabad",Tolichowki Restaurant 650,No,No,3.2/5,15863,+91 9764399864,Tolichowki,Buffet,Haleem,"Bakery, Desserts",500,"[('Rated 4.5','Good food and service')]",Haleem,Cafes,Hyderabad
https://www.zomato.com/hyderabad/651,"Road 86, Charminar, Hyderabad",Charminar Restaurant 651,No,No,4.3/5,4756,+91 9329433881,Charminar,Cafe,Coffee,"Cafe, Beverages",1000,"[('Rated 3.4','Good food and service')]",Mutton Biryani,Cafes,Hyderabad
https://www.zomato.com/hyderabad/652,"Road 4, Begumpet, Hyderabad",Begumpet Restaurant 652,No,No,3.5/5,24995,+91 9614039250,Begumpet,Cafe,Paneer Butter Masala,South Indian,1500,"[('Rated 4.4','Good food and service')]",Chicken Biryani,Dine-out,Hyderabad
https://www.zomato.com/hyderabad/653,"Road 70, Miyapur, Hyderabad",Miyapur Restaurant 653,Yes,No,4.8/5,6632,+91 9304572812,Miyapur,Bakery,Burger,"Biryani, North Indian",800,"[('Rated 4.9','Good food and service')]",Chicken Biryani,Buffet,Hyderabad
https://www.zomato.com/hyderabad/654,"Road 77, LB Nagar, Hyderabad",LB Restaurant 654,No,Yes,3.9/5,22226,+91 9394664061,LB Nagar,Bakery,Coffee,"Biryani, North Indian",1200,"[('Rated 3.7','Good food and service')]",Coffee,Dine-out,Hyderabad
https://www.zomato.com/hyderabad/655,"Road 40, Hitech City, Hyderabad",Hitech Restaurant 655,No,No,4.7/5,13352,+91 9875756847,Hitech City,Casual Dining,Masala Dosa,Chinese,600,"[('Rated 3.4','Good food and service')]",Burger,Desserts,Hyderabad
https://www.zomato.com/hyderabad/656,"Road 12, Charminar, Hyderabad",Charminar Restaurant 656,Yes,No,4.8/5,10468,+91 9667705557,Charminar,Fine Dining,Burger,Chinese,500,"[('Rated 3.9','Good food and service')]",Pizza,Dine-out,Hyderabad
https://www.zomato.com/hyderabad/657,"Road 95, Kondapur, Hyderabad",Kondapur Restaurant 657,No,Yes,4.1/5,1320,+91 9545534854,Kondapur,Cafe,Pizza,"Bakery, Desserts",500,"[('Rated 4.2','Good food and service')]",Pizza,Buffet,Hyderabad
https://www.zomato.com/hyderabad/658,"Road 73, Kondapur, Hyderabad",Kondapur Restaurant 658,Yes,Yes,4.6/5,24477,+91 9437826380,Kondapur,Buffet,Burger,"Mughlai, Biryani",1200,"[('Rated 3.5','Good food and service')]",Mutton Biryani,Delivery,Hyderabad
https://www.zomato.com/hyderabad/659,"Road 75, Hitech City, Hyderabad",Hitech Restaurant 659,Yes,No,4.7/5,14875,+91 9669015879,Hitech City,Fine Dining,Paneer Butter Masala,"Mughlai, Biryani",1200,"[('Rated 5.0','Good food and service')]",Pizza,Buffet,Hyderabad
https://www.zomato.com/hyderabad/660,"Road 32, Charminar, Hyderabad",Charminar Restaurant 660,No,No,4.5/5,12976,+91 9244312061,Charminar,Bakery,Haleem,"Cafe, Beverages",600,"[('Rated 4.9','Good food and service')]",Chicken Biryani,Desserts,Hyderabad
https://www.zomato.com/hyderabad/661,"Road 76, Miyapur, Hyderabad",Miyapur Restaurant 661,No,Yes,3.7/5,8983,+91 9554934245,Miyapur,Casual Dining,Paneer Butter Masala,"Biryani, North Indian",800,"[('Rated 3.7','Good food and service')]",Chicken Biryani,Dine-out,Hyderabad
https://www.zomato.com/hyderabad/662,"Road 99, Banjara Hills, Hyderabad",Banjara Restaurant 662,Yes,No,3.2/5,2604,+91 9059952829,Banjara Hills,Bakery,Mutton Biryani,"Biryani, North Indian",1200,"[('Rated 3.8','Good food and service')]",Mutton Biryani,Delivery,Hyderabad
https://www.zomato.com/hyderabad/663,"Road 92, Madhapur, Hyderabad",Madhapur Restaurant 663,Yes,Yes,3.2/5,10917,+91 9042634176,Madhapur,Bakery,Burger,"Cafe, Beverages",300,"[('Rated 3.5','Good food and service')]",Haleem,Buffet,Hyderabad
https://www.zomato.com/hyderabad/664,"Road 12, Jubilee Hills, Hyderabad",Jubilee Restaurant 664,Yes,Yes,3.4/5,6931,+91 9083081340,Jubilee Hills,Casual Dining,Chicken Biryani,South Indian,800,"[('Rated 4.8','Good food and service')]",Masala Dosa,Buffet,Hyderabad
https://www.zomato.com/hyderabad/665,"Road 16, Ameerpet, Hyderabad",Ameerpet Restaurant 665,No,No,4.7/5,18929,+91 9841164334,Ameerpet,Bakery,Pizza,South Indian,600,"[('Rated 3.6','Good food and service')]",Mutton Biryani,Buffet,Hyderabad
https://www.zomato.com/hyderabad/666,"Road 32, Hitech City, Hyderabad",Hitech Restaurant 666,Yes,Yes,4.4/5,17830,+91 9291904531,Hitech City,Casual Dining,Coffee,"Mughlai, Biryani",1000,"[('Rated 4.0','Good food and service')]",Paneer Butter Masala,Delivery,Hyderabad
https://www.zomato.com/hyderabad/667,"Road 57, Kondapur, Hyderabad",Kondapur Restaurant 667,No,Yes,3.8/5,20265,+91 9875381669,Kondapur,Cafe,Masala Dosa,"Bakery, Desserts",1500,"[('Rated 4.5','Good food and service')]",Chicken Biryani,Delivery,Hyderabad
https://www.zomato.com/hyderabad/668,"Road 45, Madhapur, Hyderabad",Madhapur Restaurant 668,No,No,3.6/5,4282,+91 9238399520,Madhapur,Casual Dining,Masala Dosa,"Bakery, Desserts",1500,"[('Rated 3.4','Good food and service')]",Mutton Biryani,Buffet,Hyderabad
https://www.zomato.com/hyderabad/669,"Road 59, Begumpet, Hyderabad",Begumpet Restaurant 669,Yes,No,4.9/5,14652,+91 9518867955,Begumpet,Quick Bites,Paneer Butter Masala,"Biryani, North Indian",600,"[('Rated 4.6','Good food and service')]",Pizza,Delivery,Hyderabad
https://www.zomato.com/hyderabad/670,"Road 85, Madhapur, Hyderabad",Madhapur Restaurant 670,Yes,Yes,4.7/5,24549,+91 9756331590,Madhapur,Cafe,Burger,Fast Food,1200,"[('Rated 3.7','Good food and service')]",Pizza,Buffet,Hyderabad
https://www.zomato.com/hyderabad/671,"Road 56, Hitech City, Hyderabad",Hitech Restaurant 671,No,Yes,3.7/5,9570,+91 9782158672,Hitech City,Quick Bites,Paneer Butter Masala,"Bakery, Desserts",1500,"[('Rated 4.4','Good food and service')]",Paneer Butter Masala,Desserts,Hyderabad
https://www.zomato.com/hyderabad/672,"Road 85, Ameerpet, Hyderabad",Ameerpet Restaurant 672,No,No,3.9/5,15647,+91 9311382704,Ameerpet,Buffet,Paneer Butter Masala,"Mughlai, Biryani",1500,"[('Rated 3.2','Good food and service')]",Paneer Butter Masala,Delivery,Hyderabad
https://www.zomato.com/hyderabad/673,"Road 76, Ameerpet, Hyderabad",Ameerpet Restaurant 673,Yes,Yes,4.2/5,24295,+91 9958176297,Ameerpet,Bakery,Masala Dosa,"Biryani, North Indian",400,"[('Rated 4.4','Good food and service')]",Haleem,Dine-out,Hyderabad
https://www.zomato.com/hyderabad/674,"Road 61, Secunderabad, Hyderabad",Secunderabad Restaurant 674,Yes,No,3.4/5,2287,+91 9948949615,Secunderabad,Bakery,Coffee,"Mughlai, Biryani",1200,"[('Rated 3.2','Good food and service')]",Coffee,Dine-out,Hyderabad
https://www.zomato.com/hyderabad/675,"Road 52, Hitech City, Hyderabad",Hitech Restaurant 675,Yes,No,4.9/5,21958,+91 9564217077,Hitech City,Buffet,Haleem,"Biryani, North Indian",600,"[('Rated 3.1','Good food and service')]",Pizza,Delivery,Hyderabad
https://www.zomato.com/hyderabad/676,"Road 45, Gachibowli, Hyderabad",Gachibowli Restaurant 676,Yes,Yes,4.5/5,18249,+91 9796129600,Gachibowli,Quick Bites,Paneer Butter Masala,South Indian,500,"[('Rated 5.0','Good food and service')]",Haleem,Buffet,Hyderabad
https://www.zomato.com/hyderabad/677,"Road 4, Secunderabad, Hyderabad",Secunderabad Restaurant 677,Yes,No,4.1/5,8946,+91 9142526965,Secunderabad,Cafe,Masala Dosa,South Indian,400,"[('Rated 4.6','Good food and service')]",Masala Dosa,Cafes,Hyderabad
https://www.zomato.com/hyderabad/678,"Road 92, Charminar, Hyderabad",Charminar Restaurant 678,Yes,No,3.5/5,11512,+91 9329266890,Charminar,Casual Dining,Masala Dosa,"Cafe, Beverages",400,"[('Rated 3.8','Good food and service')]",Mutton Biryani,Buffet,Hyderabad
https://www.zomato.com/hyderabad/679,"Road 16, Madhapur, Hyderabad",Madhapur Restaurant 679,No,No,3.5/5,20410,+91 9242431918,Madhapur,Casual Dining,Pizza,"Biryani, North Indian",800,"[('Rated 4.8','Good food and service')]",Burger,Buffet,Hyderabad
https://www.zomato.com/hyderabad/680,"Road 15, LB Nagar, Hyderabad",LB Restaurant 680,Yes,Yes,3.7/5,22979,+91 9095356215,LB Nagar,Quick Bites,Chicken Biryani,Fast Food,400,"[('Rated 3.1','Good food and service')]",Haleem,Desserts,Hyderabad
https://www.zomato.com/hyderabad/681,"Road 9, Dilsukhnagar, Hyderabad",Dilsukhnagar Restaurant 681,No,Yes,4.4/5,17213,+91 9812852427,Dilsukhnagar,Quick Bites,Pizza,"Mughlai, Biryani",300,"[('Rated 4.3','Good food and service')]",Burger,Cafes,Hyderabad
https://www.zomato.com/hyderabad/682,"Road 2, Gachibowli, Hyderabad",Gachibowli Restaurant 682,No,No,4.6/5,9657,+91 9043650837,Gachibowli,Quick Bites,Mutton Biryani,Chinese,500,"[('Rated 4.8','Good food and service')]",Mutton Biryani,Dine-out,Hyderabad
https://www.zomato.com/hyderabad/683,"Road 92, Kondapur, Hyderabad",Kondapur Restaurant 683,No,Yes,3.6/5,12496,+91 9079450113,Kondapur,Fine Dining,Pizza,"Mughlai, Biryani",1200,"[('Rated 3.1','Good food and service')]",Coffee,Delivery,Hyderabad
https://www.zomato.com/hyderabad/684,"Road 52, Jubilee Hills, Hyderabad",Jubilee Restaurant 684,Yes,Yes,4.4/5,8350,+91 9469147699,Jubilee Hills,Fine Dining,Pizza,"Mughlai, Biryani",400,"[('Rated 4.8','Good food and service')]",Masala Dosa,Dine-out,Hyderabad
https://www.zomato.com/hyderabad/685,"Road 97, Gachibowli, Hyderabad",Gachibowli Restaurant 685,No,Yes,3.6/5,21069,+91 9225337402,Gachibowli,Cafe,Masala Dosa,South Indian,1500,"[('Rated 3.4','Good food and service')]",Masala Dosa,Dine-out,Hyderabad
https://www.zomato.com/hyderabad/686,"Road 94, Tolichowki, Hyderabad",Tolichowki Restaurant 686,Yes,Yes,3.6/5,16338,+91 9682147039,Tolichowki,Fine Dining,Coffee,"Biryani, North Indian",1500,"[('Rated 3.9','Good food and service')]",Masala Dosa,Delivery,Hyderabad
https://www.zomato.com/hyderabad/687,"Road 11, Miyapur, Hyderabad",Miyapur Restaurant 687,Yes,No,4.9/5,18652,+91 9007820726,Miyapur,Cafe,Coffee,South Indian,300,"[('Rated 4.1','Good food and service')]",Haleem,Dine-out,Hyderabad
https://www.zomato.com/hyderabad/688,"Road 40, Charminar, Hyderabad",Charminar Restaurant 688,Yes,No,4.0/5,13913,+91 9870577540,Charminar,Quick Bites,Coffee,"Mughlai, Biryani",1200,"[('Rated 3.7','Good food and service')]",Chicken Biryani,Cafes,Hyderabad
https://www.zomato.com/hyderabad/689,"Road 55, Dilsukhnagar, Hyderabad",Dilsukhnagar Restaurant 689,Yes,No,4.3/5,16644,+91 9959540030,Dilsukhnagar,Bakery,Chicken Biryani,South Indian,300,"[('Rated 3.4','Good food and service')]",Haleem,Buffet,Hyderabad
https://www.zomato.com/hyderabad/690,"Road 88, Jubilee Hills, Hyderabad",Jubilee Restaurant 690,No,No,3.5/5,18366,+91 9615186930,Jubilee Hills,Buffet,Haleem,"Biryani, North Indian",500,"[('Rated 3.7','Good food and service')]",Masala Dosa,Cafes,Hyderabad
https://www.zomato.com/hyderabad/691,"Road 63, Begumpet, Hyderabad",Begumpet Restaurant 691,Yes,No,4.7/5,14948,+91 9703399953,Begumpet,Bakery,Masala Dosa,"Mughlai, Biryani",800,"[('Rated 4.6','Good food and service')]",Coffee,Desserts,Hyderabad
https://www.zomato.com/hyderabad/692,"Road 76, Banjara Hills, Hyderabad",Banjara Restaurant 692,Yes,Yes,3.4/5,3286,+91 9149012500,Banjara Hills,Bakery,Masala Dosa,South Indian,300,"[('Rated 4.4','Good food and service')]",Pizza,Buffet,Hyderabad
https://www.zomato.com/hyderabad/693,"Road 46, Kondapur, Hyderabad",Kondapur Restaurant 693,No,Yes,4.1/5,6030,+91 9493717493,Kondapur,Casual Dining,Pizza,"Bakery, Desserts",800,"[('Rated 4.2','Good food and service')]",Coffee,Buffet,Hyderabad
https://www.zomato.com/hyderabad/694,"Road 95, Secunderabad, Hyderabad",Secunderabad Restaurant 694,No,Yes,3.7/5,8506,+91 9417213827,Secunderabad,Cafe,Masala Dosa,Fast Food,1000,"[('Rated 3.3','Good food and service')]",Paneer Butter Masala,Dine-out,Hyderabad
https://www.zomato.com/hyderabad/695,"Road 85, LB Nagar, Hyderabad",LB Restaurant 695,No,Yes,4.7/5,10759,+91 9334509510,LB Nagar,Fine Dining,Masala Dosa,"Cafe, Beverages",600,"[('Rated 3.6','Good food and service')]",Paneer Butter Masala,Desserts,Hyderabad
https://www.zomato.com/hyderabad/696,"Road 47, Tolichowki, Hyderabad",Tolichowki Restaurant 696,No,Yes,3.8/5,9519,+91 9965191446,Tolichowki,Bakery,Haleem,Chinese,1200,"[('Rated 3.1','Good food and service')]",Paneer Butter Masala,Delivery,Hyderabad
https://www.zomato.com/hyderabad/697,"Road 14, Banjara Hills, Hyderabad",Banjara Restaurant 697,Yes,No,3.9/5,6953,+91 9845661775,Banjara Hills,Quick Bites,Pizza,"Mughlai, Biryani",1500,"[('Rated 4.5','Good food and service')]",Masala Dosa,Buffet,Hyderabad
https://www.zomato.com/hyderabad/698,"Road 16, Secunderabad, Hyderabad",Secunderabad Restaurant 698,No,No,3.9/5,16044,+91 9821726600,Secunderabad,Buffet,Chicken Biryani,"Biryani, North Indian",1200,"[('Rated 3.6','Good food and service')]",Chicken Biryani,Desserts,Hyderabad
https://www.zomato.com/hyderabad/699,"Road 43, Miyapur, Hyderabad",Miyapur Restaurant 699,Yes,Yes,3.3/5,4734,+91 9293495332,Miyapur,Bakery,Burger,Chinese,400,"[('Rated 3.7','Good food and service')]",Haleem,Buffet,Hyderabad
https://www.zomato.com/hyderabad/700,"Road 80, Kondapur, Hyderabad",Kondapur Restaurant 700,No,Yes,4.3/5,22451,+91 9199749537,Kondapur,Quick Bites,Haleem,"Cafe, Beverages",1000,"[('Rated 4.8','Good food and service')]",Paneer Butter Masala,Delivery,Hyderabad
https://www.zomato.com/hyderabad/701,"Road 63, Begumpet, Hyderabad",Begumpet Restaurant 701,No,No,3.3/5,10543,+91 9247302638,Begumpet,Bakery,Paneer Butter Masala,"Cafe, Beverages",800,"[('Rated 5.0','Good food and service')]",Haleem,Desserts,Hyderabad
https://www.zomato.com/hyderabad/702,"Road 23, Begumpet, Hyderabad",Begumpet Restaurant 702,No,No,3.6/5,235,+91 9309399233,Begumpet,Cafe,Mutton Biryani,South Indian,600,"[('Rated 3.3','Good food and service')]",Haleem,Dine-out,Hyderabad
https://www.zomato.com/hyderabad/703,"Road 37, Kondapur, Hyderabad",Kondapur Restaurant 703,Yes,No,4.5/5,22960,+91 9494827463,Kondapur,Quick Bites,Masala Dosa,"Mughlai, Biryani",300,"[('Rated 3.2','Good food and service')]",Burger,Desserts,Hyderabad
https://www.zomato.com/hyderabad/704,"Road 70, Charminar, Hyderabad",Charminar Restaurant 704,No,Yes,4.8/5,490,+91 9108212454,Charminar,Casual Dining,Burger,Fast Food,1000,"[('Rated 4.6','Good food and service')]",Burger,Delivery,Hyderabad
https://www.zomato.com/hyderabad/705,"Road 69, Gachibowli, Hyderabad",Gachibowli Restaurant 705,Yes,Yes,3.8/5,1423,+91 9920150468,Gachibowli,Quick Bites,Coffee,"Mughlai, Biryani",1500,"[('Rated 3.8','Good food and service')]",Masala Dosa,Delivery,Hyderabad
https://www.zomato.com/hyderabad/706,"Road 60, Begumpet, Hyderabad",Begumpet Restaurant 706,Yes,No,3.7/5,5562,+91 9965470912,Begumpet,Quick Bites,Masala Dosa,"Cafe, Beverages",1200,"[('Rated 4.1','Good food and service')]",Haleem,Desserts,Hyderabad
https://www.zomato.com/hyderabad/707,"Road 54, Ameerpet, Hyderabad",Ameerpet Restaurant 707,No,Yes,4.5/5,22784,+91 9254869657,Ameerpet,Quick Bites,Haleem,"Bakery, Desserts",800,"[('Rated 3.9','Good food and service')]",Mutton Biryani,Dine-out,Hyderabad
https://www.zomato.com/hyderabad/708,"Road 92, Tolichowki, Hyderabad",Tolichowki Restaurant 708,Yes,No,3.5/5,24087,+91 9140214945,Tolichowki,Quick Bites,Haleem,South Indian,800,"[('Rated 4.2','Good food and service')]",Chicken Biryani,Cafes,Hyderabad
https://www.zomato.com/hyderabad/709,"Road 52, Miyapur, Hyderabad",Miyapur Restaurant 709,Yes,Yes,3.5/5,19149,+91 9467530544,Miyapur,Fine Dining,Burger,"Biryani, North Indian",1500,"[('Rated 3.2','Good food and service')]",Burger,Dine-out,Hyderabad
https://www.zomato.com/hyderabad/710,"Road 82, Charminar, Hyderabad",Charminar Restaurant 710,Yes,No,4.6/5,17077,+91 9266306401,Charminar,Cafe,Pizza,"Biryani, North Indian",1000,"[('Rated 3.3','Good food and service')]",Burger,Dine-out,Hyderabad
https://www.zomato.com/hyderabad/711,"Road 43, Kukatpally, Hyderabad",Kukatpally Restaurant 711,No,Yes,3.9/5,20188,+91 9626979758,Kukatpally,Cafe,Coffee,"Biryani, North Indian",300,"[('Rated 4.9','Good food and service')]",Paneer Butter Masala,Dine-out,Hyderabad
https://www.zomato.com/hyderabad/712,"Road 50, Ameerpet, Hyderabad",Ameerpet Restaurant 712,No,No,4.5/5,13388,+91 9775299400,Ameerpet,Buffet,Pizza,"Mughlai, Biryani",800,"[('Rated 4.8','Good food and service')]",Masala Dosa,Cafes,Hyderabad
https://www.zomato.com/hyderabad/713,"Road 66, Kondapur, Hyderabad",Kondapur Restaurant 713,Yes,No,3.4/5,10586,+91 9735263274,Kondapur,Fine Dining,Burger,"Mughlai, Biryani",1200,"[('Rated 3.9','Good food and service')]",Paneer Butter Masala,Dine-out,Hyderabad
https://www.zomato.com/hyderabad/714,"Road 22, Hitech City, Hyderabad",Hitech Restaurant 714,Yes,No,4.4/5,11704,+91 9309199735,Hitech City,Fine Dining,Haleem,"Biryani, North Indian",600,"[('Rated 4.4','Good food and service')]",Burger,Dine-out,Hyderabad
https://www.zomato.com/hyderabad/715,"Road 75, Ameerpet, Hyderabad",Ameerpet Restaurant 715,No,Yes,4.6/5,5840,+91 9762698797,Ameerpet,Casual Dining,Pizza,"Cafe, Beverages",800,"[('Rated 4.3','Good food and service')]",Chicken Biryani,Cafes,Hyderabad
https://www.zomato.com/hyderabad/716,"Road 35, LB Nagar, Hyderabad",LB Restaurant 716,Yes,No,3.8/5,8225,+91 9529296491,LB Nagar,Quick Bites,Pizza,Chinese,1000,"[('Rated 3.9','Good food and service')]",Mutton Biryani,Cafes,Hyderabad
https://www.zomato.com/hyderabad/717,"Road 50, Begumpet, Hyderabad",Begumpet Restaurant 717,No,Yes,4.3/5,6792,+91 9335701130,Begumpet,Bakery,Chicken Biryani,Chinese,600,"[('Rated 3.5','Good food and service')]",Chicken Biryani,Desserts,Hyderabad
https://www.zomato.com/hyderabad/718,"Road 71, Jubilee Hills, Hyderabad",Jubilee Restaurant 718,Yes,Yes,4.1/5,23106,+91 9968653139,Jubilee Hills,Quick Bites,Pizza,"Biryani, North Indian",500,"[('Rated 3.8','Good food and service')]",Paneer Butter Masala,Delivery,Hyderabad
https://www.zomato.com/hyderabad/719,"Road 89, Madhapur, Hyderabad",Madhapur Restaurant 719,No,Yes,4.4/5,19687,+91 9840613137,Madhapur,Buffet,Paneer Butter Masala,"Biryani, North Indian",300,"[('Rated 3.9','Good food and service')]",Burger,Desserts,Hyderabad
https://www.zomato.com/hyderabad/720,"Road 66, Jubilee Hills, Hyderabad",Jubilee Restaurant 720,Yes,No,3.9/5,1639,+91 9045285771,Jubilee Hills,Cafe,Haleem,South Indian,1200,"[('Rated 3.9','Good food and service')]",Mutton Biryani,Desserts,Hyderabad
https://www.zomato.com/hyderabad/721,"Road 89, Madhapur, Hyderabad",Madhapur Restaurant 721,No,No,3.7/5,1241,+91 9060910754,Madhapur,Fine Dining,Masala Dosa,"Cafe, Beverages",300,"[('Rated 3.5','Good food and service')]",Burger,Delivery,Hyderabad
https://www.zomato.com/hyderabad/722,"Road 30, Tolichowki, Hyderabad",Tolichowki Restaurant 722,Yes,No,4.5/5,6703,+91 9141119585,Tolichowki,Cafe,Coffee,"Biryani, North Indian",1000,"[('Rated 4.2','Good food and service')]",Burger,Delivery,Hyderabad
https://www.zomato.com/hyderabad/723,"Road 96, Charminar, Hyderabad",Charminar Restaurant 723,No,Yes,3.7/5,10549,+91 9900813109,Charminar,Fine Dining,Masala Dosa,South Indian,1500,"[('Rated 3.6','Good food and service')]",Masala Dosa,Desserts,Hyderabad
https://www.zomato.com/hyderabad/724,"Road 72, Tolichowki, Hyderabad",Tolichowki Restaurant 724,No,No,4.8/5,17786,+91 9949543740,Tolichowki,Casual Dining,Mutton Biryani,South Indian,500,"[('Rated 3.2','Good food and service')]",Masala Dosa,Desserts,Hyderabad
https://www.zomato.com/hyderabad/725,"Road 59, Kukatpally, Hyderabad",Kukatpally Restaurant 725,Yes,Yes,4.4/5,18726,+91 9652675555,Kukatpally,Bakery,Burger,"Bakery, Desserts",1500,"[('Rated 4.2','Good food and service')]",Haleem,Buffet,Hyderabad
https://www.zomato.com/hyderabad/726,"Road 38, Jubilee Hills, Hyderabad",Jubilee Restaurant 726,Yes,No,4.7/5,19169,+91 9713840794,Jubilee Hills,Bakery,Haleem,"Mughlai, Biryani",1000,"[('Rated 3.5','Good food and service')]",Pizza,Desserts,Hyderabad
https://www.zomato.com/hyderabad/727,"Road 1, Ameerpet, Hyderabad",Ameerpet Restaurant 727,Yes,Yes,3.6/5,11408,+91 9875691497,Ameerpet,Quick Bites,Paneer Butter Masala,Fast Food,1200,"[('Rated 3.4','Good food and service')]",Masala Dosa,Delivery,Hyderabad
https://www.zomato.com/hyderabad/728,"Road 75, Dilsukhnagar, Hyderabad",Dilsukhnagar Restaurant 728,Yes,No,3.6/5,7563,+91 9876802282,Dilsukhnagar,Fine Dining,Pizza,Fast Food,800,"[('Rated 4.7','Good food and service')]",Paneer Butter Masala,Desserts,Hyderabad
https://www.zomato.com/hyderabad/729,"Road 61, Kukatpally, Hyderabad",Kukatpally Restaurant 729,No,Yes,3.5/5,23198,+91 9994640607,Kukatpally,Bakery,Paneer Butter Masala,Fast Food,1500,"[('Rated 3.7','Good food and service')]",Burger,Cafes,Hyderabad
https://www.zomato.com/hyderabad/730,"Road 91, Jubilee Hills, Hyderabad",Jubilee Restaurant 730,Yes,Yes,3.5/5,4000,+91 9434635055,Jubilee Hills,Fine Dining,Paneer Butter Masala,Chinese,300,"[('Rated 4.4','Good food and service')]",Paneer Butter Masala,Desserts,Hyderabad
https://www.zomato.com/hyderabad/731,"Road 47, Ameerpet, Hyderabad",Ameerpet Restaurant 731,Yes,No,3.8/5,14955,+91 9087904231,Ameerpet,Cafe,Paneer Butter Masala,Chinese,500,"[('Rated 4.4','Good food and service')]",Pizza,Dine-out,Hyderabad
https://www.zomato.com/hyderabad/732,"Road 87, Hitech City, Hyderabad",Hitech Restaurant 732,No,Yes,4.2/5,5325,+91 9480874482,Hitech City,Buffet,Mutton Biryani,South Indian,1000,"[('Rated 4.2','Good food and service')]",Pizza,Delivery,Hyderabad
https://www.zomato.com/hyderabad/733,"Road 90, Kukatpally, Hyderabad",Kukatpally Restaurant 733,Yes,Yes,4.5/5,755,+91 9901288298,Kukatpally,Cafe,Paneer Butter Masala,"Cafe, Beverages",400,"[('Rated 3.4','Good food and service')]",Coffee,Delivery,Hyderabad
https://www.zomato.com/hyderabad/734,"Road 1, Gachibowli, Hyderabad",Gachibowli Restaurant 734,Yes,No,3.2/5,13316,+91 9651747826,Gachibowli,Casual Dining,Paneer Butter Masala,"Cafe, Beverages",500,"[('Rated 4.5','Good food and service')]",Paneer Butter Masala,Delivery,Hyderabad
https://www.zomato.com/hyderabad/735,"Road 79, Dilsukhnagar, Hyderabad",Dilsukhnagar Restaurant 735,No,Yes,4.6/5,12150,+91 9209894767,Dilsukhnagar,Fine Dining,Coffee,"Cafe, Beverages",600,"[('Rated 3.3','Good food and service')]",Coffee,Cafes,Hyderabad
https://www.zomato.com/hyderabad/736,"Road 33, LB Nagar, Hyderabad",LB Restaurant 736,No,Yes,3.5/5,13030,+91 9666713263,LB Nagar,Buffet,Masala Dosa,"Mughlai, Biryani",400,"[('Rated 3.1','Good food and service')]",Masala Dosa,Cafes,Hyderabad
https://www.zomato.com/hyderabad/737,"Road 88, Ameerpet, Hyderabad",Ameerpet Restaurant 737,No,Yes,4.7/5,13597,+91 9609780359,Ameerpet,Bakery,Masala Dosa,"Biryani, North Indian",500,"[('Rated 3.8','Good food and service')]",Mutton Biryani,Dine-out,Hyderabad
https://www.zomato.com/hyderabad/738,"Road 54, Gachibowli, Hyderabad",Gachibowli Restaurant 738,Yes,Yes,4.8/5,9863,+91 9222274961,Gachibowli,Fine Dining,Haleem,"Bakery, Desserts",1000,"[('Rated 3.9','Good food and service')]",Paneer Butter Masala,Desserts,Hyderabad
https://www.zomato.com/hyderabad/739,"Road 92, Banjara Hills, Hyderabad",Banjara Restaurant 739,No,Yes,3.3/5,13664,+91 9454973136,Banjara Hills,Buffet,Chicken Biryani,South Indian,400,"[('Rated 3.2','Good food and service')]",Chicken Biryani,Buffet,Hyderabad
https://www.zomato.com/hyderabad/740,"Road 52, Ameerpet, Hyderabad",Ameerpet Restaurant 740,Yes,Yes,4.8/5,11636,+91 9006925465,Ameerpet,Bakery,Coffee,"Bakery, Desserts",1200,"[('Rated 3.0','Good food and service')]",Mutton Biryani,Desserts,Hyderabad
https://www.zomato.com/hyderabad/741,"Road 51, Jubilee Hills, Hyderabad",Jubilee Restaurant 741,Yes,No,4.4/5,12029,+91 9725841736,Jubilee Hills,Quick Bites,Pizza,Fast Food,400,"[('Rated 3.9','Good food and service')]",Pizza,Dine-out,Hyderabad
https://www.zomato.com/hyderabad/742,"Road 92, Banjara Hills, Hyderabad",Banjara Restaurant 742,Yes,No,3.6/5,24063,+91 9687855519,Banjara Hills,Casual Dining,Chicken Biryani,"Mughlai, Biryani",300,"[('Rated 3.2','Good food and service')]",Coffee,Dine-out,Hyderabad
https://www.zomato.com/hyderabad/743,"Road 26, Kondapur, Hyderabad",Kondapur Restaurant 743,Yes,No,4.6/5,14082,+91 9271231710,Kondapur,Casual Dining,Chicken Biryani,Chinese,400,"[('Rated 4.0','Good food and service')]",Burger,Cafes,Hyderabad
https://www.zomato.com/hyderabad/744,"Road 13, Kukatpally, Hyderabad",Kukatpally Restaurant 744,Yes,Yes,4.1/5,2184,+91 9350862434,Kukatpally,Buffet,Haleem,Fast Food,1000,"[('Rated 3.4','Good food and service')]",Chicken Biryani,Delivery,Hyderabad
https://www.zomato.com/hyderabad/745,"Road 34, Kondapur, Hyderabad",Kondapur Restaurant 745,No,No,3.5/5,23852,+91 9151833000,Kondapur,Cafe,Coffee,Fast Food,400,"[('Rated 3.8','Good food and service')]",Chicken Biryani,Cafes,Hyderabad
https://www.zomato.com/hyderabad/746,"Road 70, Charminar, Hyderabad",Charminar Restaurant 746,Yes,No,3.4/5,7218,+91 9433079605,Charminar,Fine Dining,Chicken Biryani,"Cafe, Beverages",400,"[('Rated 4.5','Good food and service')]",Pizza,Desserts,Hyderabad
https://www.zomato.com/hyderabad/747,"Road 58, Kondapur, Hyderabad",Kondapur Restaurant 747,No,No,3.8/5,17518,+91 9916182964,Kondapur,Cafe,Haleem,Chinese,400,"[('Rated 4.6','Good food and service')]",Paneer Butter Masala,Cafes,Hyderabad
https://www.zomato.com/hyderabad/748,"Road 79, Tolichowki, Hyderabad",Tolichowki Restaurant 748,Yes,No,3.6/5,15656,+91 9787891655,Tolichowki,Bakery,Masala Dosa,Chinese,800,"[('Rated 3.1','Good food and service')]",Chicken Biryani,Desserts,Hyderabad
https://www.zomato.com/hyderabad/749,"Road 95, Gachibowli, Hyderabad",Gachibowli Restaurant 749,No,No,4.2/5,11041,+91 9831471422,Gachibowli,Cafe,Pizza,South Indian,1200,"[('Rated 4.1','Good food and service')]",Coffee,Buffet,Hyderabad
https://www.zomato.com/hyderabad/750,"Road 13, Gachibowli, Hyderabad",Gachibowli Restaurant 750,No,No,4.1/5,23625,+91 9446903247,Gachibowli,Quick Bites,Haleem,"Bakery, Desserts",600,"[('Rated 3.3','Good food and service')]",Coffee,Dine-out,Hyderabad
https://www.zomato.com/hyderabad/751,"Road 74, Tolichowki, Hyderabad",Tolichowki Restaurant 751,Yes,Yes,3.8/5,5062,+91 9414629877,Tolichowki,Quick Bites,Paneer Butter Masala,South Indian,1000,"[('Rated 4.4','Good food and service')]",Coffee,Buffet,Hyderabad
https://www.zomato.com/hyderabad/752,"Road 75, Dilsukhnagar, Hyderabad",Dilsukhnagar Restaurant 752,Yes,No,4.6/5,24347,+91 9883242961,Dilsukhnagar,Casual Dining,Masala Dosa,Chinese,500,"[('Rated 4.8','Good food and service')]",Paneer Butter Masala,Cafes,Hyderabad
https://www.zomato.com/hyderabad/753,"Road 23, Jubilee Hills, Hyderabad",Jubilee Restaurant 753,Yes,No,4.1/5,17658,+91 9629540821,Jubilee Hills,Cafe,Paneer Butter Masala,"Bakery, Desserts",1500,"[('Rated 3.6','Good food and service')]",Coffee,Desserts,Hyderabad
https://www.zomato.com/hyderabad/754,"Road 10, Tolichowki, Hyderabad",Tolichowki Restaurant 754,No,No,3.7/5,17381,+91 9800103698,Tolichowki,Cafe,Pizza,Chinese,800,"[('Rated 3.7','Good food and service')]",Haleem,Cafes,Hyderabad
https://www.zomato.com/hyderabad/755,"Road 74, Jubilee Hills, Hyderabad",Jubilee Restaurant 755,Yes,Yes,3.6/5,21817,+91 9196935127,Jubilee Hills,Fine Dining,Haleem,"Mughlai, Biryani",300,"[('Rated 3.8','Good food and service')]",Chicken Biryani,Cafes,Hyderabad
https://www.zomato.com/hyderabad/756,"Road 92, Kukatpally, Hyderabad",Kukatpally Restaurant 756,Yes,Yes,4.1/5,23186,+91 9517590388,Kukatpally,Quick Bites,Mutton Biryani,"Bakery, Desserts",300,"[('Rated 5.0','Good food and service')]",Paneer Butter Masala,Cafes,Hyderabad
https://www.zomato.com/hyderabad/757,"Road 30, Secunderabad, Hyderabad",Secunderabad Restaurant 757,No,No,4.7/5,15990,+91 9440841185,Secunderabad,Buffet,Haleem,"Biryani, North Indian",500,"[('Rated 4.6','Good food and service')]",Haleem,Dine-out,Hyderabad
https://www.zomato.com/hyderabad/758,"Road 94, Kukatpally, Hyderabad",Kukatpally Restaurant 758,No,Yes,4.8/5,21036,+91 9487789792,Kukatpally,Buffet,Masala Dosa,Chinese,800,"[('Rated 3.7','Good food and service')]",Haleem,Dine-out,Hyderabad
https://www.zomato.com/hyderabad/759,"Road 94, Hitech City, Hyderabad",Hitech Restaurant 759,Yes,Yes,3.4/5,489,+91 9628880219,Hitech City,Bakery,Burger,Fast Food,1200,"[('Rated 4.1','Good food and service')]",Haleem,Delivery,Hyderabad
https://www.zomato.com/hyderabad/760,"Road 98, Secunderabad, Hyderabad",Secunderabad Restaurant 760,Yes,No,4.4/5,12101,+91 9185444834,Secunderabad,Quick Bites,Chicken Biryani,Chinese,500,"[('Rated 3.5','Good food and service')]",Pizza,Cafes,Hyderabad
https://www.zomato.com/hyderabad/761,"Road 31, Tolichowki, Hyderabad",Tolichowki Restaurant 761,Yes,Yes,4.0/5,21815,+91 9277424380,Tolichowki,Cafe,Paneer Butter Masala,Fast Food,1500,"[('Rated 4.2','Good food and service')]",Coffee,Desserts,Hyderabad
https://www.zomato.com/hyderabad/762,"Road 92, Ameerpet, Hyderabad",Ameerpet Restaurant 762,Yes,No,4.5/5,8056,+91 9878480414,Ameerpet,Fine Dining,Coffee,"Mughlai, Biryani",300,"[('Rated 4.3','Good food and service')]",Chicken Biryani,Buffet,Hyderabad
https://www.zomato.com/hyderabad/763,"Road 73, Dilsukhnagar, Hyderabad",Dilsukhnagar Restaurant 763,No,Yes,3.7/5,1745,+91 9998600644,Dilsukhnagar,Casual Dining,Chicken Biryani,"Cafe, Beverages",500,"[('Rated 3.8','Good food and service')]",Haleem,Dine-out,Hyderabad
https://www.zomato.com/hyderabad/764,"Road 22, Jubilee Hills, Hyderabad",Jubilee Restaurant 764,No,No,4.0/5,6559,+91 9258487207,Jubilee Hills,Buffet,Haleem,"Biryani, North Indian",1000,"[('Rated 4.9','Good food and service')]",Haleem,Desserts,Hyderabad
https://www.zomato.com/hyderabad/765,"Road 25, Madhapur, Hyderabad",Madhapur Restaurant 765,No,Yes,4.2/5,2935,+91 9972900707,Madhapur,Casual Dining,Coffee,"Biryani, North Indian",500,"[('Rated 3.5','Good food and service')]",Paneer Butter Masala,Delivery,Hyderabad
https://www.zomato.com/hyderabad/766,"Road 39, Secunderabad, Hyderabad",Secunderabad Restaurant 766,Yes,No,3.8/5,19352,+91 9571412171,Secunderabad,Buffet,Burger,"Cafe, Beverages",800,"[('Rated 3.7','Good food and service')]",Coffee,Desserts,Hyderabad
https://www.zomato.com/hyderabad/767,"Road 69, Charminar, Hyderabad",Charminar Restaurant 767,No,Yes,4.8/5,14255,+91 9091811592,Charminar,Quick Bites,Masala Dosa,Fast Food,500,"[('Rated 4.0','Good food and service')]",Haleem,Desserts,Hyderabad
https://www.zomato.com/hyderabad/768,"Road 47, Kukatpally, Hyderabad",Kukatpally Restaurant 768,Yes,Yes,4.3/5,15339,+91 9984786443,Kukatpally,Buffet,Mutton Biryani,Chinese,1500,"[('Rated 4.1','Good food and service')]",Pizza,Desserts,Hyderabad
https://www.zomato.com/hyderabad/769,"Road 73, Begumpet, Hyderabad",Begumpet Restaurant 769,Yes,Yes,3.8/5,16991,+91 9430056872,Begumpet,Cafe,Pizza,"Bakery, Desserts",1200,"[('Rated 3.1','Good food and service')]",Burger,Delivery,Hyderabad
https://www.zomato.com/hyderabad/770,"Road 59, Madhapur, Hyderabad",Madhapur Restaurant 770,No,No,4.2/5,7819,+91 9884466529,Madhapur,Cafe,Pizza,Chinese,600,"[('Rated 3.8','Good food and service')]",Burger,Delivery,Hyderabad
https://www.zomato.com/hyderabad/771,"Road 10, Charminar, Hyderabad",Charminar Restaurant 771,Yes,No,4.9/5,5947,+91 9560225311,Charminar,Buffet,Burger,"Mughlai, Biryani",400,"[('Rated 3.3','Good food and service')]",Masala Dosa,Buffet,Hyderabad
https://www.zomato.com/hyderabad/772,"Road 10, Secunderabad, Hyderabad",Secunderabad Restaurant 772,No,Yes,3.5/5,12723,+91 9949050339,Secunderabad,Casual Dining,Coffee,"Mughlai, Biryani",500,"[('Rated 3.5','Good food and service')]",Chicken Biryani,Desserts,Hyderabad
https://www.zomato.com/hyderabad/773,"Road 45, Gachibowli, Hyderabad",Gachibowli Restaurant 773,Yes,No,4.1/5,19287,+91 9054982694,Gachibowli,Fine Dining,Coffee,Fast Food,600,"[('Rated 4.6','Good food and service')]",Pizza,Desserts,Hyderabad
https://www.zomato.com/hyderabad/774,"Road 73, Gachibowli, Hyderabad",Gachibowli Restaurant 774,Yes,No,4.1/5,6973,+91 9762616881,Gachibowli,Fine Dining,Paneer Butter Masala,"Biryani, North Indian",400,"[('Rated 4.6','Good food and service')]",Chicken Biryani,Buffet,Hyderabad
https://www.zomato.com/hyderabad/775,"Road 81, Kondapur, Hyderabad",Kondapur Restaurant 775,Yes,No,3.4/5,6417,+91 9572134871,Kondapur,Fine Dining,Masala Dosa,"Bakery, Desserts",500,"[('Rated 3.8','Good food and service')]",Paneer Butter Masala,Buffet,Hyderabad
https://www.zomato.com/hyderabad/776,"Road 10, Gachibowli, Hyderabad",Gachibowli Restaurant 776,Yes,Yes,4.4/5,4570,+91 9787017973,Gachibowli,Casual Dining,Masala Dosa,South Indian,1500,"[('Rated 3.5','Good food and service')]",Mutton Biryani,Buffet,Hyderabad
https://www.zomato.com/hyderabad/777,"Road 95, LB Nagar, Hyderabad",LB Restaurant 777,No,Yes,4.2/5,16564,+91 9529089590,LB Nagar,Quick Bites,Paneer Butter Masala,Chinese,1500,"[('Rated 3.1','Good food and service')]",Mutton Biryani,Dine-out,Hyderabad
https://www.zomato.com/hyderabad/778,"Road 5, Hitech City, Hyderabad",Hitech Restaurant 778,No,Yes,4.4/5,14336,+91 9939109219,Hitech City,Fine Dining,Haleem,"Bakery, Desserts",1000,"[('Rated 3.9','Good food and service')]",Haleem,Cafes,Hyderabad
https://www.zomato.com/hyderabad/779,"Road 53, Kondapur, Hyderabad",Kondapur Restaurant 779,Yes,No,3.2/5,21352,+91 9063371846,Kondapur,Buffet,Haleem,Fast Food,500,"[('Rated 3.1','Good food and service')]",Mutton Biryani,Desserts,Hyderabad
https://www.zomato.com/hyderabad/780,"Road 59, Banjara Hills, Hyderabad",Banjara Restaurant 780,No,Yes,3.2/5,19648,+91 9174065827,Banjara Hills,Casual Dining,Burger,Fast Food,1000,"[('Rated 3.1','Good food and service')]",Burger,Buffet,Hyderabad
https://www.zomato.com/hyderabad/781,"Road 73, Banjara Hills, Hyderabad",Banjara Restaurant 781,Yes,Yes,4.8/5,5799,+91 9398313892,Banjara Hills,Casual Dining,Haleem,"Biryani, North Indian",1200,"[('Rated 4.5','Good food and service')]",Haleem,Buffet,Hyderabad
https://www.zomato.com/hyderabad/782,"Road 28, Dilsukhnagar, Hyderabad",Dilsukhnagar Restaurant 782,Yes,No,4.5/5,10646,+91 9646636456,Dilsukhnagar,Fine Dining,Paneer Butter Masala,Fast Food,1500,"[('Rated 4.1','Good food and service')]",Paneer Butter Masala,Desserts,Hyderabad
https://www.zomato.com/hyderabad/783,"Road 11, Ameerpet, Hyderabad",Ameerpet Restaurant 783,Yes,No,3.7/5,5683,+91 9288116129,Ameerpet,Quick Bites,Masala Dosa,"Mughlai, Biryani",800,"[('Rated 3.0','Good food and service')]",Pizza,Dine-out,Hyderabad
https://www.zomato.com/hyderabad/784,"Road 98, Hitech City, Hyderabad",Hitech Restaurant 784,Yes,Yes,4.8/5,2064,+91 9574916292,Hitech City,Cafe,Coffee,"Biryani, North Indian",1200,"[('Rated 4.9','Good food and service')]",Mutton Biryani,Buffet,Hyderabad
https://www.zomato.com/hyderabad/785,"Road 81, Dilsukhnagar, Hyderabad",Dilsukhnagar Restaurant 785,Yes,No,4.3/5,14778,+91 9274880922,Dilsukhnagar,Buffet,Masala Dosa,Fast Food,400,"[('Rated 3.4','Good food and service')]",Masala Dosa,Cafes,Hyderabad
https://www.zomato.com/hyderabad/786,"Road 69, Madhapur, Hyderabad",Madhapur Restaurant 786,Yes,Yes,4.7/5,6238,+91 9057527532,Madhapur,Fine Dining,Mutton Biryani,Fast Food,1200,"[('Rated 3.3','Good food and service')]",Masala Dosa,Delivery,Hyderabad
https://www.zomato.com/hyderabad/787,"Road 49, Hitech City, Hyderabad",Hitech Restaurant 787,Yes,Yes,3.5/5,19887,+91 9063474343,Hitech City,Bakery,Pizza,South Indian,1200,"[('Rated 3.2','Good food and service')]",Coffee,Desserts,Hyderabad
https://www.zomato.com/hyderabad/788,"Road 3, Banjara Hills, Hyderabad",Banjara Restaurant 788,No,Yes,3.2/5,13216,+91 9868900697,Banjara Hills,Cafe,Burger,Chinese,800,"[('Rated 3.1','Good food and service')]",Chicken Biryani,Dine-out,Hyderabad
https://www.zomato.com/hyderabad/789,"Road 79, Dilsukhnagar, Hyderabad",Dilsukhnagar Restaurant 789,No,Yes,3.8/5,13918,+91 9152378452,Dilsukhnagar,Bakery,Coffee,South Indian,1200,"[('Rated 3.3','Good food and service')]",Coffee,Dine-out,Hyderabad
https://www.zomato.com/hyderabad/790,"Road 60, Gachibowli, Hyderabad",Gachibowli Restaurant 790,Yes,No,4.1/5,16044,+91 9510137151,Gachibowli,Fine Dining,Coffee,"Cafe, Beverages",300,"[('Rated 3.3','Good food and service')]",Haleem,Delivery,Hyderabad
https://www.zomato.com/hyderabad/791,"Road 5, Gachibowli, Hyderabad",Gachibowli Restaurant 791,Yes,Yes,4.5/5,5074,+91 9163613309,Gachibowli,Buffet,Mutton Biryani,"Biryani, North Indian",400,"[('Rated 3.3','Good food and service')]",Coffee,Dine-out,Hyderabad
https://www.zomato.com/hyderabad/792,"Road 92, Gachibowli, Hyderabad",Gachibowli Restaurant 792,Yes,Yes,3.4/5,10996,+91 9374408029,Gachibowli,Bakery,Coffee,"Biryani, North Indian",600,"[('Rated 4.4','Good food and service')]",Masala Dosa,Desserts,Hyderabad
https://www.zomato.com/hyderabad/793,"Road 71, Dilsukhnagar, Hyderabad",Dilsukhnagar Restaurant 793,Yes,No,3.3/5,8123,+91 9663207478,Dilsukhnagar,Fine Dining,Pizza,Fast Food,400,"[('Rated 4.7','Good food and service')]",Burger,Cafes,Hyderabad
https://www.zomato.com/hyderabad/794,"Road 66, Dilsukhnagar, Hyderabad",Dilsukhnagar Restaurant 794,No,Yes,3.4/5,9702,+91 9534763534,Dilsukhnagar,Fine Dining,Paneer Butter Masala,"Mughlai, Biryani",1000,"[('Rated 3.3','Good food and service')]",Burger,Delivery,Hyderabad
https://www.zomato.com/hyderabad/795,"Road 2, Kondapur, Hyderabad",Kondapur Restaurant 795,No,No,4.8/5,15456,+91 9301741621,Kondapur,Quick Bites,Paneer Butter Masala,South Indian,1500,"[('Rated 4.3','Good food and service')]",Coffee,Desserts,Hyderabad
https://www.zomato.com/hyderabad/796,"Road 81, Ameerpet, Hyderabad",Ameerpet Restaurant 796,No,Yes,4.7/5,23254,+91 9941089362,Ameerpet,Bakery,Mutton Biryani,"Cafe, Beverages",600,"[('Rated 4.5','Good food and service')]",Burger,Desserts,Hyderabad
https://www.zomato.com/hyderabad/797,"Road 13, Kukatpally, Hyderabad",Kukatpally Restaurant 797,Yes,No,4.1/5,15433,+91 9850074394,Kukatpally,Cafe,Chicken Biryani,"Cafe, Beverages",500,"[('Rated 3.9','Good food and service')]",Masala Dosa,Desserts,Hyderabad
https://www.zomato.com/hyderabad/798,"Road 63, Jubilee Hills, Hyderabad",Jubilee Restaurant 798,Yes,No,3.7/5,4137,+91 9391259804,Jubilee Hills,Quick Bites,Pizza,Fast Food,1000,"[('Rated 4.1','Good food and service')]",Coffee,Desserts,Hyderabad
https://www.zomato.com/hyderabad/799,"Road 16, Madhapur, Hyderabad",Madhapur Restaurant 799,No,Yes,3.8/5,8760,+91 9288442888,Madhapur,Cafe,Mutton Biryani,Fast Food,300,"[('Rated 3.5','Good food and service')]",Mutton Biryani,Delivery,Hyderabad
https://www.zomato.com/hyderabad/800,"Road 60, Kukatpally, Hyderabad",Kukatpally Restaurant 800,Yes,Yes,4.6/5,23671,+91 9600624000,Kukatpally,Cafe,Haleem,Chinese,600,"[('Rated 4.7','Good food and service')]",Haleem,Desserts,Hyderabad
https://www.zomato.com/hyderabad/801,"Road 92, Kukatpally, Hyderabad",Kukatpally Restaurant 801,Yes,No,4.3/5,234,+91 9951283769,Kukatpally,Casual Dining,Paneer Butter Masala,South Indian,800,"[('Rated 4.3','Good food and service')]",Coffee,Dine-out,Hyderabad
https://www.zomato.com/hyderabad/802,"Road 42, Ameerpet, Hyderabad",Ameerpet Restaurant 802,Yes,Yes,4.5/5,19673,+91 9581074518,Ameerpet,Quick Bites,Mutton Biryani,Chinese,300,"[('Rated 4.3','Good food and service')]",Pizza,Cafes,Hyderabad
https://www.zomato.com/hyderabad/803,"Road 79, Gachibowli, Hyderabad",Gachibowli Restaurant 803,Yes,Yes,3.9/5,7993,+91 9168880323,Gachibowli,Quick Bites,Chicken Biryani,"Biryani, North Indian",500,"[('Rated 3.4','Good food and service')]",Haleem,Cafes,Hyderabad
https://www.zomato.com/hyderabad/804,"Road 59, Banjara Hills, Hyderabad",Banjara Restaurant 804,Yes,No,3.7/5,7608,+91 9059493117,Banjara Hills,Casual Dining,Chicken Biryani,"Biryani, North Indian",400,"[('Rated 3.8','Good food and service')]",Burger,Desserts,Hyderabad
https://www.zomato.com/hyderabad/805,"Road 46, Hitech City, Hyderabad",Hitech Restaurant 805,No,Yes,4.1/5,6864,+91 9813262791,Hitech City,Casual Dining,Pizza,Chinese,1500,"[('Rated 4.7','Good food and service')]",Paneer Butter Masala,Delivery,Hyderabad
https://www.zomato.com/hyderabad/806,"Road 85, Gachibowli, Hyderabad",Gachibowli Restaurant 806,Yes,Yes,3.3/5,18710,+91 9139862830,Gachibowli,Buffet,Pizza,"Biryani, North Indian",300,"[('Rated 4.1','Good food and service')]",Chicken Biryani,Buffet,Hyderabad
https://www.zomato.com/hyderabad/807,"Road 72, Kondapur, Hyderabad",Kondapur Restaurant 807,Yes,Yes,4.4/5,20771,+91 9318054389,Kondapur,Quick Bites,Pizza,"Biryani, North Indian",1200,"[('Rated 4.6','Good food and service')]",Pizza,Delivery,Hyderabad
https://www.zomato.com/hyderabad/808,"Road 94, Charminar, Hyderabad",Charminar Restaurant 808,No,Yes,4.0/5,18815,+91 9724774733,Charminar,Quick Bites,Masala Dosa,"Biryani, North Indian",600,"[('Rated 3.7','Good food and service')]",Chicken Biryani,Delivery,Hyderabad
https://www.zomato.com/hyderabad/809,"Road 61, Kukatpally, Hyderabad",Kukatpally Restaurant 809,No,No,4.1/5,19046,+91 9395979200,Kukatpally,Cafe,Haleem,"Bakery, Desserts",600,"[('Rated 4.0','Good food and service')]",Chicken Biryani,Dine-out,Hyderabad
https://www.zomato.com/hyderabad/810,"Road 33, Gachibowli, Hyderabad",Gachibowli Restaurant 810,No,No,3.8/5,2101,+91 9506482000,Gachibowli,Buffet,Chicken Biryani,Chinese,400,"[('Rated 3.5','Good food and service')]",Burger,Dine-out,Hyderabad
https://www.zomato.com/hyderabad/811,"Road 49, Kondapur, Hyderabad",Kondapur Restaurant 811,No,Yes,4.5/5,8617,+91 9765956387,Kondapur,Quick Bites,Paneer Butter Masala,"Biryani, North Indian",800,"[('Rated 3.7','Good food and service')]",Paneer Butter Masala,Delivery,Hyderabad
https://www.zomato.com/hyderabad/812,"Road 43, Tolichowki, Hyderabad",Tolichowki Restaurant 812,Yes,Yes,3.7/5,23735,+91 9310820930,Tolichowki,Casual Dining,Haleem,Chinese,1500,"[('Rated 4.4','Good food and service')]",Burger,Desserts,Hyderabad
https://www.zomato.com/hyderabad/813,"Road 46, Jubilee Hills, Hyderabad",Jubilee Restaurant 813,No,No,4.8/5,13946,+91 9233679942,Jubilee Hills,Cafe,Chicken Biryani,"Biryani, North Indian",1000,"[('Rated 3.7','Good food and service')]",Masala Dosa,Delivery,Hyderabad
https://www.zomato.com/hyderabad/814,"Road 43, Begumpet, Hyderabad",Begumpet Restaurant 814,No,No,4.6/5,19753,+91 9485080476,Begumpet,Quick Bites,Paneer Butter Masala,"Bakery, Desserts",1200,"[('Rated 4.1','Good food and service')]",Paneer Butter Masala,Dine-out,Hyderabad
https://www.zomato.com/hyderabad/815,"Road 85, Banjara Hills, Hyderabad",Banjara Restaurant 815,Yes,No,4.6/5,22282,+91 9442046779,Banjara Hills,Casual Dining,Mutton Biryani,"Bakery, Desserts",300,"[('Rated 4.7','Good food and service')]",Chicken Biryani,Desserts,Hyderabad
https://www.zomato.com/hyderabad/816,"Road 6, Secunderabad, Hyderabad",Secunderabad Restaurant 816,Yes,No,4.0/5,1039,+91 9133731321,Secunderabad,Cafe,Burger,"Cafe, Beverages",300,"[('Rated 4.8','Good food and service')]",Paneer Butter Masala,Dine-out,Hyderabad
https://www.zomato.com/hyderabad/817,"Road 42, Madhapur, Hyderabad",Madhapur Restaurant 817,Yes,Yes,3.4/5,9568,+91 9827729996,Madhapur,Cafe,Pizza,"Mughlai, Biryani",600,"[('Rated 4.9','Good food and service')]",Mutton Biryani,Desserts,Hyderabad
https://www.zomato.com/hyderabad/818,"Road 85, Secunderabad, Hyderabad",Secunderabad Restaurant 818,No,Yes,4.5/5,13988,+91 9375705351,Secunderabad,Bakery,Burger,"Bakery, Desserts",1200,"[('Rated 4.1','Good food and service')]",Pizza,Desserts,Hyderabad
https://www.zomato.com/hyderabad/819,"Road 15, Dilsukhnagar, Hyderabad",Dilsukhnagar Restaurant 819,Yes,Yes,4.5/5,3814,+91 9555765840,Dilsukhnagar,Fine Dining,Masala Dosa,Fast Food,1500,"[('Rated 4.5','Good food and service')]",Chicken Biryani,Desserts,Hyderabad
https://www.zomato.com/hyderabad/820,"Road 27, Ameerpet, Hyderabad",Ameerpet Restaurant 820,Yes,No,4.6/5,1359,+91 9110712797,Ameerpet,Fine Dining,Mutton Biryani,South Indian,500,"[('Rated 3.3','Good food and service')]",Haleem,Cafes,Hyderabad
https://www.zomato.com/hyderabad/821,"Road 6, Banjara Hills, Hyderabad",Banjara Restaurant 821,Yes,Yes,3.4/5,13602,+91 9107636939,Banjara Hills,Fine Dining,Masala Dosa,South Indian,600,"[('Rated 4.3','Good food and service')]",Mutton Biryani,Desserts,Hyderabad
https://www.zomato.com/hyderabad/822,"Road 97, Jubilee Hills, Hyderabad",Jubilee Restaurant 822,No,No,3.4/5,24491,+91 9640292808,Jubilee Hills,Casual Dining,Pizza,"Bakery, Desserts",300,"[('Rated 5.0','Good food and service')]",Burger,Dine-out,Hyderabad
https://www.zomato.com/hyderabad/823,"Road 58, Charminar, Hyderabad",Charminar Restaurant 823,Yes,No,3.8/5,7929,+91 9981583440,Charminar,Fine Dining,Mutton Biryani,South Indian,500,"[('Rated 4.7','Good food and service')]",Mutton Biryani,Cafes,Hyderabad
https://www.zomato.com/hyderabad/824,"Road 74, Kondapur, Hyderabad",Kondapur Restaurant 824,No,Yes,3.9/5,19847,+91 9608748949,Kondapur,Casual Dining,Burger,"Bakery, Desserts",800,"[('Rated 4.1','Good food and service')]",Coffee,Delivery,Hyderabad
https://www.zomato.com/hyderabad/825,"Road 58, Kukatpally, Hyderabad",Kukatpally Restaurant 825,Yes,No,3.3/5,8747,+91 9771629036,Kukatpally,Buffet,Chicken Biryani,"Cafe, Beverages",300,"[('Rated 3.7','Good food and service')]",Masala Dosa,Delivery,Hyderabad
https://www.zomato.com/hyderabad/826,"Road 22, Gachibowli, Hyderabad",Gachibowli Restaurant 826,Yes,Yes,3.7/5,4488,+91 9551251174,Gachibowli,Fine Dining,Masala Dosa,South Indian,1500,"[('Rated 3.5','Good food and service')]",Haleem,Cafes,Hyderabad
https://www.zomato.com/hyderabad/827,"Road 39, LB Nagar, Hyderabad",LB Restaurant 827,No,No,4.5/5,2983,+91 9496876583,LB Nagar,Cafe,Chicken Biryani,"Mughlai, Biryani",400,"[('Rated 3.3','Good food and service')]",Paneer Butter Masala,Cafes,Hyderabad
https://www.zomato.com/hyderabad/828,"Road 74, Tolichowki, Hyderabad",Tolichowki Restaurant 828,No,No,3.6/5,4072,+91 9271127816,Tolichowki,Fine Dining,Chicken Biryani,Fast Food,300,"[('Rated 3.6','Good food and service')]",Burger,Delivery,Hyderabad
https://www.zomato.com/hyderabad/829,"Road 71, LB Nagar, Hyderabad",LB Restaurant 829,No,Yes,4.7/5,3374,+91 9707953687,LB Nagar,Cafe,Coffee,South Indian,500,"[('Rated 4.4','Good food and service')]",Paneer Butter Masala,Desserts,Hyderabad
https://www.zomato.com/hyderabad/830,"Road 50, Kondapur, Hyderabad",Kondapur Restaurant 830,Yes,Yes,4.3/5,10835,+91 9027625543,Kondapur,Quick Bites,Mutton Biryani,South Indian,800,"[('Rated 4.4','Good food and service')]",Haleem,Dine-out,Hyderabad
https://www.zomato.com/hyderabad/831,"Road 80, LB Nagar, Hyderabad",LB Restaurant 831,No,No,3.7/5,21938,+91 9291585174,LB Nagar,Quick Bites,Pizza,"Biryani, North Indian",1500,"[('Rated 3.6','Good food and service')]",Paneer Butter Masala,Desserts,Hyderabad
https://www.zomato.com/hyderabad/832,"Road 84, Dilsukhnagar, Hyderabad",Dilsukhnagar Restaurant 832,No,Yes,3.8/5,8616,+91 9175997995,Dilsukhnagar,Fine Dining,Mutton Biryani,"Bakery, Desserts",600,"[('Rated 4.0','Good food and service')]",Coffee,Cafes,Hyderabad
https://www.zomato.com/hyderabad/833,"Road 16, Ameerpet, Hyderabad",Ameerpet Restaurant 833,Yes,No,4.1/5,17776,+91 9770072713,Ameerpet,Fine Dining,Mutton Biryani,"Biryani, North Indian",300,"[('Rated 4.5','Good food and service')]",Haleem,Buffet,Hyderabad
https://www.zomato.com/hyderabad/834,"Road 6, Ameerpet, Hyderabad",Ameerpet Restaurant 834,Yes,Yes,3.5/5,14957,+91 9432497645,Ameerpet,Cafe,Burger,South Indian,1500,"[('Rated 4.1','Good food and service')]",Haleem,Delivery,Hyderabad
https://www.zomato.com/hyderabad/835,"Road 34, Gachibowli, Hyderabad",Gachibowli Restaurant 835,No,Yes,3.7/5,5871,+91 9151283846,Gachibowli,Fine Dining,Pizza,Fast Food,1200,"[('Rated 3.7','Good food and service')]",Coffee,Cafes,Hyderabad
https://www.zomato.com/hyderabad/836,"Road 33, Tolichowki, Hyderabad",Tolichowki Restaurant 836,No,No,4.8/5,298,+91 9022147370,Tolichowki,Cafe,Masala Dosa,"Biryani, North Indian",1000,"[('Rated 4.8','Good food and service')]",Masala Dosa,Delivery,Hyderabad
https://www.zomato.com/hyderabad/837,"Road 73, Madhapur, Hyderabad",Madhapur Restaurant 837,No,No,4.1/5,24959,+91 9118028059,Madhapur,Casual Dining,Pizza,"Bakery, Desserts",400,"[('Rated 4.4','Good food and service')]",Coffee,Desserts,Hyderabad
https://www.zomato.com/hyderabad/838,"Road 44, Ameerpet, Hyderabad",Ameerpet Restaurant 838,Yes,No,3.8/5,1884,+91 9492547039,Ameerpet,Bakery,Burger,"Biryani, North Indian",1500,"[('Rated 3.8','Good food and service')]",Coffee,Cafes,Hyderabad
https://www.zomato.com/hyderabad/839,"Road 60, Begumpet, Hyderabad",Begumpet Restaurant 839,Yes,No,4.7/5,16702,+91 9181703938,Begumpet,Bakery,Burger,"Biryani, North Indian",1500,"[('Rated 4.6','Good food and service')]",Burger,Delivery,Hyderabad
https://www.zomato.com/hyderabad/840,"Road 46, Begumpet, Hyderabad",Begumpet Restaurant 840,Yes,Yes,3.5/5,15984,+91 9012656457,Begumpet,Cafe,Pizza,Fast Food,1000,"[('Rated 4.1','Good food and service')]",Burger,Desserts,Hyderabad
https://www.zomato.com/hyderabad/841,"Road 36, Dilsukhnagar, Hyderabad",Dilsukhnagar Restaurant 841,Yes,No,3.9/5,8668,+91 9153715644,Dilsukhnagar,Casual Dining,Burger,South Indian,300,"[('Rated 3.9','Good food and service')]",Masala Dosa,Desserts,Hyderabad
https://www.zomato.com/hyderabad/842,"Road 77, Charminar, Hyderabad",Charminar Restaurant 842,No,No,4.3/5,16664,+91 9737078045,Charminar,Bakery,Mutton Biryani,"Mughlai, Biryani",1000,"[('Rated 3.8','Good food and service')]",Burger,Delivery,Hyderabad
https://www.zomato.com/hyderabad/843,"Road 91, Tolichowki, Hyderabad",Tolichowki Restaurant 843,Yes,No,4.4/5,18920,+91 9223798096,Tolichowki,Quick Bites,Chicken Biryani,"Mughlai, Biryani",500,"[('Rated 4.0','Good food and service')]",Chicken Biryani,Dine-out,Hyderabad
https://www.zomato.com/hyderabad/844,"Road 32, Madhapur, Hyderabad",Madhapur Restaurant 844,No,Yes,4.4/5,5183,+91 9631917591,Madhapur,Buffet,Paneer Butter Masala,Chinese,800,"[('Rated 3.3','Good food and service')]",Burger,Cafes,Hyderabad
https://www.zomato.com/hyderabad/845,"Road 11, LB Nagar, Hyderabad",LB Restaurant 845,No,No,4.1/5,11971,+91 9123999436,LB Nagar,Cafe,Haleem,Chinese,400,"[('Rated 4.8','Good food and service')]",Masala Dosa,Desserts,Hyderabad
https://www.zomato.com/hyderabad/846,"Road 48, Begumpet, Hyderabad",Begumpet Restaurant 846,Yes,Yes,4.0/5,1771,+91 9209617325,Begumpet,Buffet,Burger,Fast Food,1000,"[('Rated 3.7','Good food and service')]",Pizza,Delivery,Hyderabad
https://www.zomato.com/hyderabad/847,"Road 39, Charminar, Hyderabad",Charminar Restaurant 847,Yes,No,4.7/5,12119,+91 9475640215,Charminar,Quick Bites,Paneer Butter Masala,"Biryani, North Indian",500,"[('Rated 3.7','Good food and service')]",Masala Dosa,Dine-out,Hyderabad
https://www.zomato.com/hyderabad/848,"Road 15, Kondapur, Hyderabad",Kondapur Restaurant 848,Yes,No,4.6/5,8747,+91 9782287040,Kondapur,Buffet,Paneer Butter Masala,Fast Food,1200,"[('Rated 3.1','Good food and service')]",Coffee,Dine-out,Hyderabad
https://www.zomato.com/hyderabad/849,"Road 58, LB Nagar, Hyderabad",LB Restaurant 849,Yes,No,4.4/5,14812,+91 9391668825,LB Nagar,Cafe,Chicken Biryani,"Mughlai, Biryani",1000,"[('Rated 4.8','Good food and service')]",Burger,Delivery,Hyderabad
https://www.zomato.com/hyderabad/850,"Road 55, Ameerpet, Hyderabad",Ameerpet Restaurant 850,No,Yes,4.2/5,18392,+91 9408641218,Ameerpet,Bakery,Paneer Butter Masala,Fast Food,1500,"[('Rated 3.3','Good food and service')]",Paneer Butter Masala,Desserts,Hyderabad
https://www.zomato.com/hyderabad/851,"Road 80, Jubilee Hills, Hyderabad",Jubilee Restaurant 851,Yes,No,4.8/5,16870,+91 9619168813,Jubilee Hills,Fine Dining,Haleem,"Biryani, North Indian",500,"[('Rated 4.4','Good food and service')]",Burger,Dine-out,Hyderabad
https://www.zomato.com/hyderabad/852,"Road 11, Madhapur, Hyderabad",Madhapur Restaurant 852,No,Yes,4.7/5,17046,+91 9586358589,Madhapur,Bakery,Haleem,South Indian,600,"[('Rated 3.8','Good food and service')]",Pizza,Desserts,Hyderabad
https://www.zomato.com/hyderabad/853,"Road 54, Madhapur, Hyderabad",Madhapur Restaurant 853,Yes,No,4.2/5,7708,+91 9182055484,Madhapur,Quick Bites,Masala Dosa,"Cafe, Beverages",400,"[('Rated 3.6','Good food and service')]",Masala Dosa,Buffet,Hyderabad
https://www.zomato.com/hyderabad/854,"Road 10, Charminar, Hyderabad",Charminar Restaurant 854,Yes,No,3.5/5,3846,+91 9498862261,Charminar,Bakery,Mutton Biryani,Fast Food,1200,"[('Rated 4.3','Good food and service')]",Burger,Buffet,Hyderabad
https://www.zomato.com/hyderabad/855,"Road 95, LB Nagar, Hyderabad",LB Restaurant 855,Yes,Yes,4.6/5,16399,+91 9837363389,LB Nagar,Casual Dining,Chicken Biryani,"Mughlai, Biryani",500,"[('Rated 3.6','Good food and service')]",Coffee,Dine-out,Hyderabad
https://www.zomato.com/hyderabad/856,"Road 88, Dilsukhnagar, Hyderabad",Dilsukhnagar Restaurant 856,No,Yes,3.6/5,12388,+91 9790764734,Dilsukhnagar,Fine Dining,Masala Dosa,"Cafe, Beverages",1500,"[('Rated 4.8','Good food and service')]",Paneer Butter Masala,Desserts,Hyderabad
https://www.zomato.com/hyderabad/857,"Road 38, Miyapur, Hyderabad",Miyapur Restaurant 857,No,Yes,4.5/5,13492,+91 9204644492,Miyapur,Quick Bites,Pizza,South Indian,1500,"[('Rated 5.0','Good food and service')]",Paneer Butter Masala,Buffet,Hyderabad
https://www.zomato.com/hyderabad/858,"Road 69, Dilsukhnagar, Hyderabad",Dilsukhnagar Restaurant 858,Yes,Yes,4.6/5,7947,+91 9122685600,Dilsukhnagar,Fine Dining,Pizza,Fast Food,600,"[('Rated 3.5','Good food and service')]",Coffee,Delivery,Hyderabad
https://www.zomato.com/hyderabad/859,"Road 98, Kukatpally, Hyderabad",Kukatpally Restaurant 859,Yes,Yes,4.4/5,23082,+91 9261707224,Kukatpally,Buffet,Burger,South Indian,800,"[('Rated 3.7','Good food and service')]",Paneer Butter Masala,Delivery,Hyderabad
https://www.zomato.com/hyderabad/860,"Road 37, Ameerpet, Hyderabad",Ameerpet Restaurant 860,Yes,Yes,4.6/5,16413,+91 9858158374,Ameerpet,Casual Dining,Mutton Biryani,South Indian,1200,"[('Rated 4.7','Good food and service')]",Paneer Butter Masala,Dine-out,Hyderabad
https://www.zomato.com/hyderabad/861,"Road 18, Ameerpet, Hyderabad",Ameerpet Restaurant 861,Yes,No,3.5/5,17113,+91 9614985865,Ameerpet,Bakery,Masala Dosa,"Mughlai, Biryani",500,"[('Rated 3.1','Good food and service')]",Masala Dosa,Buffet,Hyderabad
https://www.zomato.com/hyderabad/862,"Road 28, Jubilee Hills, Hyderabad",Jubilee Restaurant 862,No,Yes,3.5/5,10564,+91 9542376932,Jubilee Hills,Buffet,Mutton Biryani,"Bakery, Desserts",1000,"[('Rated 4.7','Good food and service')]",Haleem,Buffet,Hyderabad
https://www.zomato.com/hyderabad/863,"Road 65, Tolichowki, Hyderabad",Tolichowki Restaurant 863,Yes,No,3.8/5,24400,+91 9117822229,Tolichowki,Buffet,Masala Dosa,Chinese,300,"[('Rated 3.5','Good food and service')]",Chicken Biryani,Buffet,Hyderabad
https://www.zomato.com/hyderabad/864,"Road 30, Ameerpet, Hyderabad",Ameerpet Restaurant 864,Yes,No,4.7/5,14651,+91 9430888689,Ameerpet,Buffet,Coffee,"Bakery, Desserts",1500,"[('Rated 3.1','Good food and service')]",Chicken Biryani,Cafes,Hyderabad
https://www.zomato.com/hyderabad/865,"Road 53, Madhapur, Hyderabad",Madhapur Restaurant 865,No,No,4.7/5,1767,+91 9408770200,Madhapur,Quick Bites,Pizza,Fast Food,1000,"[('Rated 3.4','Good food and service')]",Burger,Desserts,Hyderabad
https://www.zomato.com/hyderabad/866,"Road 91, Charminar, Hyderabad",Charminar Restaurant 866,Yes,Yes,4.2/5,11322,+91 9287663403,Charminar,Quick Bites,Mutton Biryani,"Mughlai, Biryani",1500,"[('Rated 3.8','Good food and service')]",Masala Dosa,Cafes,Hyderabad
https://www.zomato.com/hyderabad/867,"Road 66, Madhapur, Hyderabad",Madhapur Restaurant 867,No,Yes,4.0/5,13818,+91 9638310760,Madhapur,Quick Bites,Chicken Biryani,"Biryani, North Indian",500,"[('Rated 3.3','Good food and service')]",Pizza,Desserts,Hyderabad
https://www.zomato.com/hyderabad/868,"Road 12, Dilsukhnagar, Hyderabad",Dilsukhnagar Restaurant 868,No,No,3.8/5,3226,+91 9476333029,Dilsukhnagar,Fine Dining,Chicken Biryani,Chinese,1200,"[('Rated 4.7','Good food and service')]",Masala Dosa,Dine-out,Hyderabad
https://www.zomato.com/hyderabad/869,"Road 26, Kukatpally, Hyderabad",Kukatpally Restaurant 869,No,No,3.6/5,13759,+91 9940625523,Kukatpally,Fine Dining,Burger,Chinese,400,"[('Rated 4.1','Good food and service')]",Mutton Biryani,Desserts,Hyderabad
https://www.zomato.com/hyderabad/870,"Road 47, Kukatpally, Hyderabad",Kukatpally Restaurant 870,Yes,Yes,3.4/5,12121,+91 9292444428,Kukatpally,Casual Dining,Pizza,South Indian,1200,"[('Rated 3.9','Good food and service')]",Paneer Butter Masala,Cafes,Hyderabad
https://www.zomato.com/hyderabad/871,"Road 70, Kondapur, Hyderabad",Kondapur Restaurant 871,Yes,No,3.6/5,8366,+91 9149956469,Kondapur,Casual Dining,Burger,South Indian,1500,"[('Rated 4.7','Good food and service')]",Mutton Biryani,Buffet,Hyderabad
https://www.zomato.com/hyderabad/872,"Road 95, Jubilee Hills, Hyderabad",Jubilee Restaurant 872,Yes,Yes,4.6/5,20533,+91 9631030877,Jubilee Hills,Buffet,Mutton Biryani,"Cafe, Beverages",300,"[('Rated 3.9','Good food and service')]",Coffee,Dine-out,Hyderabad
https://www.zomato.com/hyderabad/873,"Road 6, Gachibowli, Hyderabad",Gachibowli Restaurant 873,Yes,Yes,3.2/5,11363,+91 9551756623,Gachibowli,Fine Dining,Burger,"Bakery, Desserts",1200,"[('Rated 3.4','Good food and service')]",Haleem,Desserts,Hyderabad
https://www.zomato.com/hyderabad/874,"Road 27, Tolichowki, Hyderabad",Tolichowki Restaurant 874,No,No,4.0/5,9287,+91 9950795683,Tolichowki,Casual Dining,Burger,South Indian,300,"[('Rated 3.7','Good food and service')]",Paneer Butter Masala,Dine-out,Hyderabad
https://www.zomato.com/hyderabad/875,"Road 96, Jubilee Hills, Hyderabad",Jubilee Restaurant 875,Yes,Yes,3.4/5,555,+91 9941893960,Jubilee Hills,Quick Bites,Paneer Butter Masala,"Mughlai, Biryani",1200,"[('Rated 3.5','Good food and service')]",Mutton Biryani,Buffet,Hyderabad
https://www.zomato.com/hyderabad/876,"Road 22, Kondapur, Hyderabad",Kondapur Restaurant 876,Yes,Yes,4.7/5,16607,+91 9468489623,Kondapur,Buffet,Paneer Butter Masala,"Mughlai, Biryani",300,"[('Rated 4.4','Good food and service')]",Paneer Butter Masala,Dine-out,Hyderabad
https://www.zomato.com/hyderabad/877,"Road 29, Gachibowli, Hyderabad",Gachibowli Restaurant 877,No,No,3.5/5,24849,+91 9812294590,Gachibowli,Casual Dining,Haleem,"Bakery, Desserts",1500,"[('Rated 4.2','Good food and service')]",Haleem,Cafes,Hyderabad
https://www.zomato.com/hyderabad/878,"Road 63, Charminar, Hyderabad",Charminar Restaurant 878,Yes,Yes,4.6/5,4273,+91 9303489398,Charminar,Quick Bites,Coffee,Chinese,600,"[('Rated 3.1','Good food and service')]",Burger,Desserts,Hyderabad
https://www.zomato.com/hyderabad/879,"Road 50, Miyapur, Hyderabad",Miyapur Restaurant 879,No,Yes,4.4/5,6124,+91 9342044227,Miyapur,Casual Dining,Paneer Butter Masala,Chinese,1500,"[('Rated 4.5','Good food and service')]",Chicken Biryani,Dine-out,Hyderabad
https://www.zomato.com/hyderabad/880,"Road 45, Charminar, Hyderabad",Charminar Restaurant 880,No,No,4.0/5,7069,+91 9117484993,Charminar,Buffet,Paneer Butter Masala,"Mughlai, Biryani",1000,"[('Rated 4.6','Good food and service')]",Burger,Desserts,Hyderabad
https://www.zomato.com/hyderabad/881,"Road 85, Tolichowki, Hyderabad",Tolichowki Restaurant 881,Yes,Yes,4.1/5,4788,+91 9838979924,Tolichowki,Fine Dining,Coffee,South Indian,300,"[('Rated 4.8','Good food and service')]",Mutton Biryani,Desserts,Hyderabad
https://www.zomato.com/hyderabad/882,"Road 31, Gachibowli, Hyderabad",Gachibowli Restaurant 882,No,No,4.8/5,17542,+91 9742236280,Gachibowli,Casual Dining,Coffee,"Mughlai, Biryani",1200,"[('Rated 4.4','Good food and service')]",Haleem,Desserts,Hyderabad
https://www.zomato.com/hyderabad/883,"Road 11, Hitech City, Hyderabad",Hitech Restaurant 883,No,Yes,4.6/5,12823,+91 9366744159,Hitech City,Casual Dining,Haleem,"Mughlai, Biryani",400,"[('Rated 4.4','Good food and service')]",Burger,Buffet,Hyderabad
https://www.zomato.com/hyderabad/884,"Road 59, Dilsukhnagar, Hyderabad",Dilsukhnagar Restaurant 884,Yes,No,4.6/5,10147,+91 9273290222,Dilsukhnagar,Casual Dining,Paneer Butter Masala,South Indian,1000,"[('Rated 3.4','Good food and service')]",Chicken Biryani,Desserts,Hyderabad
https://www.zomato.com/hyderabad/885,"Road 79, Kukatpally, Hyderabad",Kukatpally Restaurant 885,No,No,3.6/5,18231,+91 9672619951,Kukatpally,Bakery,Chicken Biryani,Chinese,1000,"[('Rated 3.3','Good food and service')]",Masala Dosa,Dine-out,Hyderabad
https://www.zomato.com/hyderabad/886,"Road 30, Dilsukhnagar, Hyderabad",Dilsukhnagar Restaurant 886,No,No,3.9/5,4319,+91 9578380057,Dilsukhnagar,Bakery,Paneer Butter Masala,"Mughlai, Biryani",600,"[('Rated 3.8','Good food and service')]",Mutton Biryani,Cafes,Hyderabad
https://www.zomato.com/hyderabad/887,"Road 10, LB Nagar, Hyderabad",LB Restaurant 887,Yes,No,3.4/5,22329,+91 9067495569,LB Nagar,Casual Dining,Masala Dosa,"Bakery, Desserts",500,"[('Rated 4.8','Good food and service')]",Burger,Delivery,Hyderabad
https://www.zomato.com/hyderabad/888,"Road 87, Banjara Hills, Hyderabad",Banjara Restaurant 888,Yes,No,4.6/5,19816,+91 9251153864,Banjara Hills,Cafe,Mutton Biryani,South Indian,800,"[('Rated 4.7','Good food and service')]",Haleem,Cafes,Hyderabad
https://www.zomato.com/hyderabad/889,"Road 26, Secunderabad, Hyderabad",Secunderabad Restaurant 889,No,No,4.3/5,6004,+91 9173287688,Secunderabad,Casual Dining,Chicken Biryani,Chinese,500,"[('Rated 4.6','Good food and service')]",Chicken Biryani,Cafes,Hyderabad
https://www.zomato.com/hyderabad/890,"Road 21, Kukatpally, Hyderabad",Kukatpally Restaurant 890,No,Yes,4.2/5,10913,+91 9842952607,Kukatpally,Fine Dining,Mutton Biryani,"Bakery, Desserts",1000,"[('Rated 4.8','Good food and service')]",Paneer Butter Masala,Cafes,Hyderabad
https://www.zomato.com/hyderabad/891,"Road 15, LB Nagar, Hyderabad",LB Restaurant 891,Yes,No,4.0/5,2050,+91 9327111448,LB Nagar,Bakery,Coffee,"Cafe, Beverages",1200,"[('Rated 4.7','Good food and service')]",Coffee,Dine-out,Hyderabad
https://www.zomato.com/hyderabad/892,"Road 75, Charminar, Hyderabad",Charminar Restaurant 892,Yes,Yes,3.4/5,11700,+91 9210184124,Charminar,Casual Dining,Coffee,Chinese,1500,"[('Rated 4.8','Good food and service')]",Masala Dosa,Cafes,Hyderabad
https://www.zomato.com/hyderabad/893,"Road 78, Ameerpet, Hyderabad",Ameerpet Restaurant 893,No,No,4.2/5,10993,+91 9119044643,Ameerpet,Casual Dining,Paneer Butter Masala,South Indian,1500,"[('Rated 4.7','Good food and service')]",Masala Dosa,Cafes,Hyderabad
https://www.zomato.com/hyderabad/894,"Road 88, Kukatpally, Hyderabad",Kukatpally Restaurant 894,No,Yes,3.9/5,17137,+91 9756081201,Kukatpally,Quick Bites,Chicken Biryani,Chinese,400,"[('Rated 5.0','Good food and service')]",Mutton Biryani,Delivery,Hyderabad
https://www.zomato.com/hyderabad/895,"Road 63, Banjara Hills, Hyderabad",Banjara Restaurant 895,Yes,Yes,4.9/5,841,+91 9185968856,Banjara Hills,Bakery,Haleem,"Biryani, North Indian",1200,"[('Rated 4.4','Good food and service')]",Pizza,Delivery,Hyderabad
https://www.zomato.com/hyderabad/896,"Road 89, Hitech City, Hyderabad",Hitech Restaurant 896,No,No,4.5/5,19956,+91 9189765903,Hitech City,Bakery,Chicken Biryani,"Cafe, Beverages",500,"[('Rated 3.8','Good food and service')]",Chicken Biryani,Dine-out,Hyderabad
https://www.zomato.com/hyderabad/897,"Road 78, Kondapur, Hyderabad",Kondapur Restaurant 897,Yes,Yes,3.6/5,1885,+91 9255039839,Kondapur,Bakery,Haleem,"Biryani, North Indian",1500,"[('Rated 4.1','Good food and service')]",Haleem,Delivery,Hyderabad
https://www.zomato.com/hyderabad/898,"Road 65, Banjara Hills, Hyderabad",Banjara Restaurant 898,Yes,No,4.0/5,20160,+91 9675923782,Banjara Hills,Cafe,Haleem,"Biryani, North Indian",400,"[('Rated 4.8','Good food and service')]",Burger,Buffet,Hyderabad
https://www.zomato.com/hyderabad/899,"Road 24, Begumpet, Hyderabad",Begumpet Restaurant 899,No,Yes,3.6/5,21886,+91 9083833012,Begumpet,Bakery,Chicken Biryani,Fast Food,1000,"[('Rated 3.5','Good food and service')]",Burger,Cafes,Hyderabad
https://www.zomato.com/hyderabad/900,"Road 98, Kondapur, Hyderabad",Kondapur Restaurant 900,Yes,Yes,3.4/5,4027,+91 9857060793,Kondapur,Buffet,Masala Dosa,"Biryani, North Indian",600,"[('Rated 3.8','Good food and service')]",Burger,Buffet,Hyderabad
https://www.zomato.com/hyderabad/901,"Road 17, Secunderabad, Hyderabad",Secunderabad Restaurant 901,No,No,4.3/5,10785,+91 9465603234,Secunderabad,Bakery,Burger,South Indian,1000,"[('Rated 3.2','Good food and service')]",Burger,Cafes,Hyderabad
https://www.zomato.com/hyderabad/902,"Road 3, LB Nagar, Hyderabad",LB Restaurant 902,No,No,4.1/5,2165,+91 9813944903,LB Nagar,Fine Dining,Coffee,"Cafe, Beverages",400,"[('Rated 3.9','Good food and service')]",Chicken Biryani,Dine-out,Hyderabad
https://www.zomato.com/hyderabad/903,"Road 47, Tolichowki, Hyderabad",Tolichowki Restaurant 903,No,Yes,4.5/5,9950,+91 9231877090,Tolichowki,Fine Dining,Burger,South Indian,1000,"[('Rated 3.0','Good food and service')]",Burger,Delivery,Hyderabad
https://www.zomato.com/hyderabad/904,"Road 32, Madhapur, Hyderabad",Madhapur Restaurant 904,No,Yes,3.6/5,11746,+91 9795133827,Madhapur,Fine Dining,Haleem,"Cafe, Beverages",500,"[('Rated 5.0','Good food and service')]",Coffee,Desserts,Hyderabad
https://www.zomato.com/hyderabad/905,"Road 55, Begumpet, Hyderabad",Begumpet Restaurant 905,Yes,No,4.3/5,24532,+91 9165907651,Begumpet,Cafe,Coffee,"Bakery, Desserts",500,"[('Rated 3.4','Good food and service')]",Burger,Buffet,Hyderabad
https://www.zomato.com/hyderabad/906,"Road 29, Tolichowki, Hyderabad",Tolichowki Restaurant 906,Yes,Yes,4.2/5,1082,+91 9272161681,Tolichowki,Fine Dining,Paneer Butter Masala,Chinese,1500,"[('Rated 4.8','Good food and service')]",Burger,Delivery,Hyderabad
https://www.zomato.com/hyderabad/907,"Road 2, Begumpet, Hyderabad",Begumpet Restaurant 907,Yes,Yes,4.7/5,15411,+91 9753378021,Begumpet,Cafe,Haleem,"Mughlai, Biryani",1200,"[('Rated 4.1','Good food and service')]",Burger,Desserts,Hyderabad
https://www.zomato.com/hyderabad/908,"Road 19, Gachibowli, Hyderabad",Gachibowli Restaurant 908,Yes,No,3.8/5,13773,+91 9598369136,Gachibowli,Bakery,Mutton Biryani,Chinese,500,"[('Rated 4.5','Good food and service')]",Coffee,Cafes,Hyderabad
https://www.zomato.com/hyderabad/909,"Road 61, Miyapur, Hyderabad",Miyapur Restaurant 909,No,No,4.2/5,447,+91 9257572685,Miyapur,Buffet,Mutton Biryani,"Mughlai, Biryani",300,"[('Rated 5.0','Good food and service')]",Pizza,Delivery,Hyderabad
https://www.zomato.com/hyderabad/910,"Road 77, Dilsukhnagar, Hyderabad",Dilsukhnagar Restaurant 910,Yes,Yes,4.5/5,5647,+91 9728357673,Dilsukhnagar,Buffet,Masala Dosa,Chinese,500,"[('Rated 4.8','Good food and service')]",Chicken Biryani,Delivery,Hyderabad
https://www.zomato.com/hyderabad/911,"Road 53, Hitech City, Hyderabad",Hitech Restaurant 911,Yes,No,3.4/5,8535,+91 9129054140,Hitech City,Cafe,Chicken Biryani,Fast Food,300,"[('Rated 3.2','Good food and service')]",Haleem,Buffet,Hyderabad
https://www.zomato.com/hyderabad/912,"Road 53, LB Nagar, Hyderabad",LB Restaurant 912,Yes,No,3.4/5,22379,+91 9600996906,LB Nagar,Fine Dining,Masala Dosa,Fast Food,1500,"[('Rated 4.1','Good food and service')]",Mutton Biryani,Buffet,Hyderabad
https://www.zomato.com/hyderabad/913,"Road 26, Banjara Hills, Hyderabad",Banjara Restaurant 913,No,No,4.7/5,22208,+91 9974323832,Banjara Hills,Fine Dining,Haleem,South Indian,500,"[('Rated 3.1','Good food and service')]",Haleem,Cafes,Hyderabad
https://www.zomato.com/hyderabad/914,"Road 98, Gachibowli, Hyderabad",Gachibowli Restaurant 914,No,Yes,4.8/5,11052,+91 9135967819,Gachibowli,Bakery,Pizza,South Indian,500,"[('Rated 3.1','Good food and service')]",Mutton Biryani,Dine-out,Hyderabad
https://www.zomato.com/hyderabad/915,"Road 22, Hitech City, Hyderabad",Hitech Restaurant 915,Yes,Yes,3.9/5,22422,+91 9727355725,Hitech City,Bakery,Haleem,"Mughlai, Biryani",600,"[('Rated 3.5','Good food and service')]",Chicken Biryani,Cafes,Hyderabad
https://www.zomato.com/hyderabad/916,"Road 57, Banjara Hills, Hyderabad",Banjara Restaurant 916,No,Yes,4.6/5,7865,+91 9497394227,Banjara Hills,Quick Bites,Chicken Biryani,Chinese,300,"[('Rated 4.0','Good food and service')]",Burger,Cafes,Hyderabad
https://www.zomato.com/hyderabad/917,"Road 60, Jubilee Hills, Hyderabad",Jubilee Restaurant 917,No,Yes,4.3/5,487,+91 9075376549,Jubilee Hills,Buffet,Paneer Butter Masala,"Cafe, Beverages",1000,"[('Rated 3.6','Good food and service')]",Haleem,Delivery,Hyderabad
https://www.zomato.com/hyderabad/918,"Road 48, Kondapur, Hyderabad",Kondapur Restaurant 918,Yes,No,4.6/5,7366,+91 9495622371,Kondapur,Fine Dining,Chicken Biryani,"Bakery, Desserts",400,"[('Rated 4.2','Good food and service')]",Burger,Dine-out,Hyderabad
https://www.zomato.com/hyderabad/919,"Road 15, LB Nagar, Hyderabad",LB Restaurant 919,Yes,No,4.4/5,18988,+91 9949787586,LB Nagar,Buffet,Mutton Biryani,South Indian,1200,"[('Rated 4.9','Good food and service')]",Haleem,Dine-out,Hyderabad
https://www.zomato.com/hyderabad/920,"Road 89, Secunderabad, Hyderabad",Secunderabad Restaurant 920,No,Yes,4.8/5,745,+91 9312713115,Secunderabad,Quick Bites,Coffee,South Indian,300,"[('Rated 4.0','Good food and service')]",Paneer Butter Masala,Dine-out,Hyderabad
https://www.zomato.com/hyderabad/921,"Road 14, Jubilee Hills, Hyderabad",Jubilee Restaurant 921,No,Yes,4.5/5,9750,+91 9121687510,Jubilee Hills,Buffet,Haleem,"Mughlai, Biryani",600,"[('Rated 3.7','Good food and service')]",Mutton Biryani,Desserts,Hyderabad
https://www.zomato.com/hyderabad/922,"Road 16, Ameerpet, Hyderabad",Ameerpet Restaurant 922,No,No,4.8/5,19461,+91 9817004063,Ameerpet,Buffet,Mutton Biryani,"Cafe, Beverages",800,"[('Rated 4.6','Good food and service')]",Mutton Biryani,Delivery,Hyderabad
https://www.zomato.com/hyderabad/923,"Road 2, Dilsukhnagar, Hyderabad",Dilsukhnagar Restaurant 923,Yes,No,4.6/5,15210,+91 9436861370,Dilsukhnagar,Casual Dining,Haleem,Chinese,400,"[('Rated 4.7','Good food and service')]",Haleem,Delivery,Hyderabad
https://www.zomato.com/hyderabad/924,"Road 53, Kondapur, Hyderabad",Kondapur Restaurant 924,No,Yes,4.6/5,21317,+91 9517943592,Kondapur,Bakery,Paneer Butter Masala,"Biryani, North Indian",300,"[('Rated 3.2','Good food and service')]",Coffee,Desserts,Hyderabad
https://www.zomato.com/hyderabad/925,"Road 16, Kukatpally, Hyderabad",Kukatpally Restaurant 925,No,Yes,3.3/5,10986,+91 9855990428,Kukatpally,Fine Dining,Pizza,Chinese,800,"[('Rated 3.5','Good food and service')]",Masala Dosa,Buffet,Hyderabad
https://www.zomato.com/hyderabad/926,"Road 60, Jubilee Hills, Hyderabad",Jubilee Restaurant 926,No,Yes,4.0/5,22407,+91 9828193015,Jubilee Hills,Casual Dining,Haleem,Fast Food,300,"[('Rated 3.3','Good food and service')]",Haleem,Cafes,Hyderabad
https://www.zomato.com/hyderabad/927,"Road 33, Madhapur, Hyderabad",Madhapur Restaurant 927,Yes,No,3.9/5,23043,+91 9263078351,Madhapur,Bakery,Burger,Chinese,600,"[('Rated 4.5','Good food and service')]",Masala Dosa,Dine-out,Hyderabad
https://www.zomato.com/hyderabad/928,"Road 42, Tolichowki, Hyderabad",Tolichowki Restaurant 928,No,No,3.5/5,18720,+91 9688613622,Tolichowki,Quick Bites,Paneer Butter Masala,South Indian,1500,"[('Rated 3.5','Good food and service')]",Paneer Butter Masala,Dine-out,Hyderabad
https://www.zomato.com/hyderabad/929,"Road 34, Secunderabad, Hyderabad",Secunderabad Restaurant 929,No,No,3.5/5,6733,+91 9797285281,Secunderabad,Fine Dining,Chicken Biryani,Chinese,1200,"[('Rated 3.4','Good food and service')]",Coffee,Cafes,Hyderabad
https://www.zomato.com/hyderabad/930,"Road 91, Dilsukhnagar, Hyderabad",Dilsukhnagar Restaurant 930,Yes,Yes,4.5/5,7810,+91 9153945571,Dilsukhnagar,Buffet,Paneer Butter Masala,"Cafe, Beverages",500,"[('Rated 4.9','Good food and service')]",Haleem,Desserts,Hyderabad
https://www.zomato.com/hyderabad/931,"Road 68, Charminar, Hyderabad",Charminar Restaurant 931,No,No,4.7/5,19491,+91 9812030024,Charminar,Buffet,Mutton Biryani,"Biryani, North Indian",400,"[('Rated 4.9','Good food and service')]",Mutton Biryani,Delivery,Hyderabad
https://www.zomato.com/hyderabad/932,"Road 60, Charminar, Hyderabad",Charminar Restaurant 932,No,Yes,4.8/5,1559,+91 9881970812,Charminar,Cafe,Masala Dosa,Fast Food,500,"[('Rated 3.9','Good food and service')]",Mutton Biryani,Delivery,Hyderabad
https://www.zomato.com/hyderabad/933,"Road 90, Jubilee Hills, Hyderabad",Jubilee Restaurant 933,No,No,4.0/5,22774,+91 9203029653,Jubilee Hills,Fine Dining,Haleem,"Bakery, Desserts",300,"[('Rated 5.0','Good food and service')]",Pizza,Delivery,Hyderabad
https://www.zomato.com/hyderabad/934,"Road 3, Jubilee Hills, Hyderabad",Jubilee Restaurant 934,No,No,4.8/5,6953,+91 9014874046,Jubilee Hills,Fine Dining,Masala Dosa,"Cafe, Beverages",1000,"[('Rated 3.9','Good food and service')]",Mutton Biryani,Desserts,Hyderabad
https://www.zomato.com/hyderabad/935,"Road 93, Madhapur, Hyderabad",Madhapur Restaurant 935,Yes,No,3.3/5,11823,+91 9104122240,Madhapur,Buffet,Mutton Biryani,"Mughlai, Biryani",1200,"[('Rated 4.3','Good food and service')]",Haleem,Dine-out,Hyderabad
https://www.zomato.com/hyderabad/936,"Road 11, Banjara Hills, Hyderabad",Banjara Restaurant 936,Yes,No,3.8/5,24846,+91 9482745123,Banjara Hills,Buffet,Mutton Biryani,South Indian,1000,"[('Rated 4.0','Good food and service')]",Masala Dosa,Buffet,Hyderabad
https://www.zomato.com/hyderabad/937,"Road 22, Tolichowki, Hyderabad",Tolichowki Restaurant 937,Yes,Yes,4.9/5,8302,+91 9793535677,Tolichowki,Cafe,Chicken Biryani,"Cafe, Beverages",600,"[('Rated 3.0','Good food and service')]",Haleem,Delivery,Hyderabad
https://www.zomato.com/hyderabad/938,"Road 63, Kukatpally, Hyderabad",Kukatpally Restaurant 938,Yes,No,3.3/5,19128,+91 9385319271,Kukatpally,Cafe,Paneer Butter Masala,"Mughlai, Biryani",1000,"[('Rated 3.5','Good food and service')]",Paneer Butter Masala,Buffet,Hyderabad
https://www.zomato.com/hyderabad/939,"Road 74, Secunderabad, Hyderabad",Secunderabad Restaurant 939,Yes,Yes,3.6/5,12812,+91 9057165034,Secunderabad,Casual Dining,Burger,Chinese,1200,"[('Rated 4.9','Good food and service')]",Burger,Dine-out,Hyderabad
https://www.zomato.com/hyderabad/940,"Road 51, Gachibowli, Hyderabad",Gachibowli Restaurant 940,Yes,No,4.7/5,8945,+91 9943472998,Gachibowli,Quick Bites,Paneer Butter Masala,"Biryani, North Indian",1000,"[('Rated 4.9','Good food and service')]",Paneer Butter Masala,Dine-out,Hyderabad
https://www.zomato.com/hyderabad/941,"Road 73, Gachibowli, Hyderabad",Gachibowli Restaurant 941,Yes,No,4.4/5,12955,+91 9386934018,Gachibowli,Bakery,Coffee,South Indian,300,"[('Rated 3.2','Good food and service')]",Pizza,Dine-out,Hyderabad
https://www.zomato.com/hyderabad/942,"Road 90, Kukatpally, Hyderabad",Kukatpally Restaurant 942,Yes,Yes,4.8/5,12143,+91 9946509425,Kukatpally,Casual Dining,Burger,South Indian,600,"[('Rated 4.4','Good food and service')]",Coffee,Dine-out,Hyderabad
https://www.zomato.com/hyderabad/943,"Road 50, Madhapur, Hyderabad",Madhapur Restaurant 943,Yes,No,3.9/5,6703,+91 9309803143,Madhapur,Quick Bites,Haleem,Fast Food,600,"[('Rated 3.6','Good food and service')]",Masala Dosa,Buffet,Hyderabad
https://www.zomato.com/hyderabad/944,"Road 36, Jubilee Hills, Hyderabad",Jubilee Restaurant 944,No,No,4.8/5,509,+91 9910175356,Jubilee Hills,Cafe,Mutton Biryani,"Biryani, North Indian",800,"[('Rated 4.6','Good food and service')]",Burger,Buffet,Hyderabad
https://www.zomato.com/hyderabad/945,"Road 86, Ameerpet, Hyderabad",Ameerpet Restaurant 945,No,Yes,3.9/5,14087,+91 9153950115,Ameerpet,Cafe,Chicken Biryani,South Indian,500,"[('Rated 4.8','Good food and service')]",Chicken Biryani,Delivery,Hyderabad
https://www.zomato.com/hyderabad/946,"Road 94, LB Nagar, Hyderabad",LB Restaurant 946,No,Yes,4.3/5,21716,+91 9448393503,LB Nagar,Cafe,Burger,"Cafe, Beverages",1500,"[('Rated 4.0','Good food and service')]",Masala Dosa,Delivery,Hyderabad
https://www.zomato.com/hyderabad/947,"Road 5, Dilsukhnagar, Hyderabad",Dilsukhnagar Restaurant 947,No,No,4.3/5,14790,+91 9167882738,Dilsukhnagar,Casual Dining,Coffee,Chinese,1200,"[('Rated 4.7','Good food and service')]",Paneer Butter Masala,Cafes,Hyderabad
https://www.zomato.com/hyderabad/948,"Road 90, LB Nagar, Hyderabad",LB Restaurant 948,No,Yes,3.5/5,2987,+91 9251688802,LB Nagar,Cafe,Chicken Biryani,"Bakery, Desserts",600,"[('Rated 3.6','Good food and service')]",Burger,Delivery,Hyderabad
https://www.zomato.com/hyderabad/949,"Road 86, Gachibowli, Hyderabad",Gachibowli Restaurant 949,No,Yes,4.7/5,23813,+91 9975763894,Gachibowli,Quick Bites,Mutton Biryani,Fast Food,500,"[('Rated 4.5','Good food and service')]",Masala Dosa,Cafes,Hyderabad
https://www.zomato.com/hyderabad/950,"Road 71, Charminar, Hyderabad",Charminar Restaurant 950,No,No,4.5/5,2234,+91 9710367791,Charminar,Casual Dining,Coffee,South Indian,1500,"[('Rated 3.6','Good food and service')]",Mutton Biryani,Cafes,Hyderabad
https://www.zomato.com/hyderabad/951,"Road 49, Tolichowki, Hyderabad",Tolichowki Restaurant 951,No,Yes,4.3/5,12197,+91 9074711552,Tolichowki,Fine Dining,Haleem,"Biryani, North Indian",500,"[('Rated 4.1','Good food and service')]",Pizza,Buffet,Hyderabad
https://www.zomato.com/hyderabad/952,"Road 90, Kukatpally, Hyderabad",Kukatpally Restaurant 952,No,No,3.6/5,12702,+91 9686826864,Kukatpally,Fine Dining,Mutton Biryani,"Cafe, Beverages",1000,"[('Rated 3.9','Good food and service')]",Masala Dosa,Cafes,Hyderabad
https://www.zomato.com/hyderabad/953,"Road 89, Jubilee Hills, Hyderabad",Jubilee Restaurant 953,Yes,No,3.3/5,6164,+91 9274533322,Jubilee Hills,Fine Dining,Mutton Biryani,South Indian,1200,"[('Rated 4.7','Good food and service')]",Mutton Biryani,Cafes,Hyderabad
https://www.zomato.com/hyderabad/954,"Road 36, Miyapur, Hyderabad",Miyapur Restaurant 954,No,Yes,3.5/5,15963,+91 9291483824,Miyapur,Buffet,Haleem,"Bakery, Desserts",1000,"[('Rated 4.6','Good food and service')]",Coffee,Buffet,Hyderabad
https://www.zomato.com/hyderabad/955,"Road 40, Ameerpet, Hyderabad",Ameerpet Restaurant 955,Yes,No,3.5/5,341,+91 9046889220,Ameerpet,Fine Dining,Mutton Biryani,"Mughlai, Biryani",400,"[('Rated 4.1','Good food and service')]",Paneer Butter Masala,Buffet,Hyderabad
https://www.zomato.com/hyderabad/956,"Road 18, Hitech City, Hyderabad",Hitech Restaurant 956,No,No,4.7/5,24111,+91 9322131725,Hitech City,Bakery,Chicken Biryani,Chinese,300,"[('Rated 3.4','Good food and service')]",Mutton Biryani,Cafes,Hyderabad
https://www.zomato.com/hyderabad/957,"Road 26, Gachibowli, Hyderabad",Gachibowli Restaurant 957,Yes,No,4.0/5,1986,+91 9821115729,Gachibowli,Quick Bites,Pizza,"Biryani, North Indian",1000,"[('Rated 3.6','Good food and service')]",Haleem,Delivery,Hyderabad
https://www.zomato.com/hyderabad/958,"Road 68, Secunderabad, Hyderabad",Secunderabad Restaurant 958,No,Yes,4.8/5,2210,+91 9113502307,Secunderabad,Casual Dining,Masala Dosa,South Indian,400,"[('Rated 4.9','Good food and service')]",Burger,Delivery,Hyderabad
https://www.zomato.com/hyderabad/959,"Road 80, Secunderabad, Hyderabad",Secunderabad Restaurant 959,No,Yes,4.7/5,12876,+91 9077233109,Secunderabad,Cafe,Paneer Butter Masala,Fast Food,800,"[('Rated 3.6','Good food and service')]",Pizza,Buffet,Hyderabad
https://www.zomato.com/hyderabad/960,"Road 47, Gachibowli, Hyderabad",Gachibowli Restaurant 960,No,Yes,4.2/5,18006,+91 9877581391,Gachibowli,Fine Dining,Pizza,"Bakery, Desserts",1200,"[('Rated 3.9','Good food and service')]",Coffee,Cafes,Hyderabad
https://www.zomato.com/hyderabad/961,"Road 12, Charminar, Hyderabad",Charminar Restaurant 961,Yes,Yes,4.6/5,15049,+91 9177822361,Charminar,Bakery,Coffee,Fast Food,400,"[('Rated 4.1','Good food and service')]",Haleem,Desserts,Hyderabad
https://www.zomato.com/hyderabad/962,"Road 80, Gachibowli, Hyderabad",Gachibowli Restaurant 962,No,No,4.7/5,13295,+91 9812792017,Gachibowli,Buffet,Pizza,South Indian,800,"[('Rated 3.8','Good food and service')]",Masala Dosa,Delivery,Hyderabad
https://www.zomato.com/hyderabad/963,"Road 67, Banjara Hills, Hyderabad",Banjara Restaurant 963,No,Yes,3.3/5,23377,+91 9984114603,Banjara Hills,Fine Dining,Paneer Butter Masala,South Indian,600,"[('Rated 4.6','Good food and service')]",Haleem,Buffet,Hyderabad
https://www.zomato.com/hyderabad/964,"Road 67, Hitech City, Hyderabad",Hitech Restaurant 964,Yes,No,4.9/5,1720,+91 9811446093,Hitech City,Buffet,Mutton Biryani,South Indian,600,"[('Rated 3.8','Good food and service')]",Haleem,Dine-out,Hyderabad
https://www.zomato.com/hyderabad/965,"Road 4, Banjara Hills, Hyderabad",Banjara Restaurant 965,Yes,No,4.3/5,1185,+91 9427643755,Banjara Hills,Bakery,Mutton Biryani,"Cafe, Beverages",500,"[('Rated 4.1','Good food and service')]",Burger,Dine-out,Hyderabad
https://www.zomato.com/hyderabad/966,"Road 45, Miyapur, Hyderabad",Miyapur Restaurant 966,No,No,4.9/5,5854,+91 9462203489,Miyapur,Casual Dining,Coffee,South Indian,300,"[('Rated 3.5','Good food and service')]",Paneer Butter Masala,Desserts,Hyderabad
https://www.zomato.com/hyderabad/967,"Road 17, Banjara Hills, Hyderabad",Banjara Restaurant 967,No,Yes,4.7/5,2502,+91 9567244436,Banjara Hills,Casual Dining,Masala Dosa,South Indian,300,"[('Rated 3.7','Good food and service')]",Burger,Desserts,Hyderabad
https://www.zomato.com/hyderabad/968,"Road 80, Dilsukhnagar, Hyderabad",Dilsukhnagar Restaurant 968,Yes,No,3.9/5,21111,+91 9422653755,Dilsukhnagar,Cafe,Burger,"Cafe, Beverages",1000,"[('Rated 3.8','Good food and service')]",Paneer Butter Masala,Dine-out,Hyderabad
https://www.zomato.com/hyderabad/969,"Road 65, Madhapur, Hyderabad",Madhapur Restaurant 969,Yes,No,3.3/5,1532,+91 9718000207,Madhapur,Cafe,Masala Dosa,South Indian,500,"[('Rated 3.6','Good food and service')]",Pizza,Delivery,Hyderabad
https://www.zomato.com/hyderabad/970,"Road 57, Begumpet, Hyderabad",Begumpet Restaurant 970,Yes,No,3.8/5,14700,+91 9795035562,Begumpet,Buffet,Haleem,"Bakery, Desserts",600,"[('Rated 3.5','Good food and service')]",Coffee,Dine-out,Hyderabad
https://www.zomato.com/hyderabad/971,"Road 60, Secunderabad, Hyderabad",Secunderabad Restaurant 971,Yes,No,3.2/5,11317,+91 9703458900,Secunderabad,Cafe,Chicken Biryani,"Biryani, North Indian",300,"[('Rated 4.4','Good food and service')]",Haleem,Buffet,Hyderabad
https://www.zomato.com/hyderabad/972,"Road 24, Tolichowki, Hyderabad",Tolichowki Restaurant 972,Yes,Yes,4.3/5,1268,+91 9146869082,Tolichowki,Quick Bites,Haleem,Chinese,1200,"[('Rated 4.9','Good food and service')]",Mutton Biryani,Cafes,Hyderabad
https://www.zomato.com/hyderabad/973,"Road 41, Gachibowli, Hyderabad",Gachibowli Restaurant 973,Yes,No,3.4/5,15160,+91 9124663568,Gachibowli,Cafe,Masala Dosa,"Mughlai, Biryani",500,"[('Rated 3.4','Good food and service')]",Masala Dosa,Desserts,Hyderabad
https://www.zomato.com/hyderabad/974,"Road 53, Kondapur, Hyderabad",Kondapur Restaurant 974,Yes,No,4.3/5,10472,+91 9845208090,Kondapur,Cafe,Pizza,"Bakery, Desserts",300,"[('Rated 3.2','Good food and service')]",Paneer Butter Masala,Buffet,Hyderabad
https://www.zomato.com/hyderabad/975,"Road 57, Tolichowki, Hyderabad",Tolichowki Restaurant 975,No,No,3.3/5,20224,+91 9501020425,Tolichowki,Quick Bites,Chicken Biryani,"Mughlai, Biryani",1000,"[('Rated 4.0','Good food and service')]",Pizza,Dine-out,Hyderabad
https://www.zomato.com/hyderabad/976,"Road 69, Jubilee Hills, Hyderabad",Jubilee Restaurant 976,No,Yes,3.2/5,15159,+91 9818347781,Jubilee Hills,Casual Dining,Pizza,Chinese,300,"[('Rated 3.1','Good food and service')]",Masala Dosa,Desserts,Hyderabad
https://www.zomato.com/hyderabad/977,"Road 4, Kondapur, Hyderabad",Kondapur Restaurant 977,No,Yes,4.4/5,1589,+91 9916412103,Kondapur,Cafe,Pizza,"Cafe, Beverages",300,"[('Rated 4.2','Good food and service')]",Burger,Cafes,Hyderabad
https://www.zomato.com/hyderabad/978,"Road 51, Kondapur, Hyderabad",Kondapur Restaurant 978,Yes,No,4.8/5,20147,+91 9621164803,Kondapur,Quick Bites,Chicken Biryani,Chinese,300,"[('Rated 5.0','Good food and service')]",Paneer Butter Masala,Desserts,Hyderabad
https://www.zomato.com/hyderabad/979,"Road 59, Kondapur, Hyderabad",Kondapur Restaurant 979,Yes,No,3.6/5,18796,+91 9494260640,Kondapur,Buffet,Mutton Biryani,"Biryani, North Indian",600,"[('Rated 4.8','Good food and service')]",Chicken Biryani,Cafes,Hyderabad
https://www.zomato.com/hyderabad/980,"Road 13, Banjara Hills, Hyderabad",Banjara Restaurant 980,Yes,No,4.8/5,301,+91 9217844330,Banjara Hills,Cafe,Masala Dosa,"Biryani, North Indian",800,"[('Rated 3.6','Good food and service')]",Haleem,Buffet,Hyderabad
https://www.zomato.com/hyderabad/981,"Road 73, Kukatpally, Hyderabad",Kukatpally Restaurant 981,Yes,Yes,4.6/5,24414,+91 9230197287,Kukatpally,Quick Bites,Coffee,"Mughlai, Biryani",500,"[('Rated 4.7','Good food and service')]",Coffee,Dine-out,Hyderabad
https://www.zomato.com/hyderabad/982,"Road 92, Dilsukhnagar, Hyderabad",Dilsukhnagar Restaurant 982,Yes,Yes,4.8/5,24310,+91 9584510396,Dilsukhnagar,Quick Bites,Haleem,"Mughlai, Biryani",400,"[('Rated 4.8','Good food and service')]",Burger,Cafes,Hyderabad
https://www.zomato.com/hyderabad/983,"Road 51, Madhapur, Hyderabad",Madhapur Restaurant 983,Yes,Yes,4.9/5,16318,+91 9842987731,Madhapur,Casual Dining,Chicken Biryani,South Indian,400,"[('Rated 3.5','Good food and service')]",Masala Dosa,Delivery,Hyderabad
https://www.zomato.com/hyderabad/984,"Road 53, Dilsukhnagar, Hyderabad",Dilsukhnagar Restaurant 984,Yes,Yes,4.4/5,3587,+91 9219215583,Dilsukhnagar,Cafe,Masala Dosa,Fast Food,600,"[('Rated 4.1','Good food and service')]",Masala Dosa,Delivery,Hyderabad
https://www.zomato.com/hyderabad/985,"Road 34, LB Nagar, Hyderabad",LB Restaurant 985,No,Yes,3.3/5,17406,+91 9103698618,LB Nagar,Casual Dining,Coffee,"Cafe, Beverages",800,"[('Rated 4.8','Good food and service')]",Pizza,Desserts,Hyderabad
https://www.zomato.com/hyderabad/986,"Road 64, Madhapur, Hyderabad",Madhapur Restaurant 986,Yes,No,4.0/5,3662,+91 9259938605,Madhapur,Quick Bites,Burger,"Cafe, Beverages",1000,"[('Rated 4.8','Good food and service')]",Burger,Cafes,Hyderabad
https://www.zomato.com/hyderabad/987,"Road 21, Kondapur, Hyderabad",Kondapur Restaurant 987,Yes,No,4.7/5,13333,+91 9998790922,Kondapur,Cafe,Mutton Biryani,"Biryani, North Indian",800,"[('Rated 3.6','Good food and service')]",Burger,Cafes,Hyderabad
https://www.zomato.com/hyderabad/988,"Road 50, Charminar, Hyderabad",Charminar Restaurant 988,Yes,Yes,3.4/5,4155,+91 9696418381,Charminar,Casual Dining,Mutton Biryani,"Biryani, North Indian",1500,"[('Rated 4.3','Good food and service')]",Burger,Buffet,Hyderabad
https://www.zomato.com/hyderabad/989,"Road 93, Gachibowli, Hyderabad",Gachibowli Restaurant 989,Yes,Yes,4.8/5,5856,+91 9911522279,Gachibowli,Casual Dining,Haleem,"Biryani, North Indian",600,"[('Rated 3.6','Good food and service')]",Masala Dosa,Buffet,Hyderabad
https://www.zomato.com/hyderabad/990,"Road 41, Jubilee Hills, Hyderabad",Jubilee Restaurant 990,Yes,No,4.2/5,16796,+91 9733528148,Jubilee Hills,Fine Dining,Masala Dosa,Fast Food,300,"[('Rated 4.0','Good food and service')]",Pizza,Cafes,Hyderabad
https://www.zomato.com/hyderabad/991,"Road 15, Charminar, Hyderabad",Charminar Restaurant 991,No,No,3.3/5,22305,+91 9350737290,Charminar,Cafe,Paneer Butter Masala,"Bakery, Desserts",500,"[('Rated 3.6','Good food and service')]",Chicken Biryani,Delivery,Hyderabad
https://www.zomato.com/hyderabad/992,"Road 11, Madhapur, Hyderabad",Madhapur Restaurant 992,Yes,Yes,4.0/5,1430,+91 9968021123,Madhapur,Buffet,Haleem,"Biryani, North Indian",300,"[('Rated 3.4','Good food and service')]",Haleem,Delivery,Hyderabad
https://www.zomato.com/hyderabad/993,"Road 43, Dilsukhnagar, Hyderabad",Dilsukhnagar Restaurant 993,Yes,No,3.8/5,15125,+91 9447211359,Dilsukhnagar,Bakery,Burger,South Indian,1000,"[('Rated 3.5','Good food and service')]",Burger,Buffet,Hyderabad
https://www.zomato.com/hyderabad/994,"Road 79, Kukatpally, Hyderabad",Kukatpally Restaurant 994,Yes,Yes,3.6/5,4255,+91 9120192473,Kukatpally,Bakery,Haleem,"Mughlai, Biryani",1000,"[('Rated 3.1','Good food and service')]",Coffee,Dine-out,Hyderabad
https://www.zomato.com/hyderabad/995,"Road 24, Hitech City, Hyderabad",Hitech Restaurant 995,No,Yes,3.9/5,2379,+91 9070433230,Hitech City,Quick Bites,Paneer Butter Masala,Chinese,600,"[('Rated 3.4','Good food and service')]",Paneer Butter Masala,Buffet,Hyderabad
https://www.zomato.com/hyderabad/996,"Road 80, Jubilee Hills, Hyderabad",Jubilee Restaurant 996,Yes,Yes,4.1/5,21459,+91 9298475011,Jubilee Hills,Casual Dining,Pizza,"Bakery, Desserts",600,"[('Rated 4.2','Good food and service')]",Haleem,Desserts,Hyderabad
https://www.zomato.com/hyderabad/997,"Road 50, Gachibowli, Hyderabad",Gachibowli Restaurant 997,Yes,Yes,3.5/5,845,+91 9592768839,Gachibowli,Fine Dining,Burger,"Biryani, North Indian",300,"[('Rated 3.8','Good food and service')]",Haleem,Delivery,Hyderabad
https://www.zomato.com/hyderabad/998,"Road 83, Charminar, Hyderabad",Charminar Restaurant 998,No,Yes,3.9/5,17384,+91 9682646608,Charminar,Casual Dining,Coffee,Fast Food,400,"[('Rated 4.0','Good food and service')]",Chicken Biryani,Desserts,Hyderabad
https://www.zomato.com/hyderabad/999,"Road 69, Dilsukhnagar, Hyderabad",Dilsukhnagar Restaurant 999,No,Yes,4.6/5,7320,+91 9881292795,Dilsukhnagar,Quick Bites,Chicken Biryani,"Bakery, Desserts",300,"[('Rated 4.6','Good food and service')]",Paneer Butter Masala,Desserts,Hyderabad
https://www.zomato.com/hyderabad/1000,"Road 6, Gachibowli, Hyderabad",Gachibowli Restaurant 1000,No,No,3.9/5,5114,+91 9385820069,Gachibowli,Quick Bites,Mutton Biryani,"Cafe, Beverages",800,"[('Rated 3.9','Good food and service')]",Burger,Cafes,Hyderabad
https://www.zomato.com/hyderabad/1001,"Road 54, Tolichowki, Hyderabad",Tolichowki Restaurant 1001,No,No,4.1/5,10545,+91 9068511077,Tolichowki,Bakery,Mutton Biryani,Fast Food,1500,"[('Rated 4.6','Good food and service')]",Chicken Biryani,Desserts,Hyderabad
https://www.zomato.com/hyderabad/1002,"Road 27, Kukatpally, Hyderabad",Kukatpally Restaurant 1002,No,No,4.3/5,4989,+91 9866507409,Kukatpally,Buffet,Paneer Butter Masala,"Bakery, Desserts",400,"[('Rated 3.3','Good food and service')]",Mutton Biryani,Desserts,Hyderabad
https://www.zomato.com/hyderabad/1003,"Road 62, Gachibowli, Hyderabad",Gachibowli Restaurant 1003,Yes,Yes,3.9/5,17984,+91 9842945907,Gachibowli,Fine Dining,Burger,Fast Food,1500,"[('Rated 4.6','Good food and service')]",Haleem,Desserts,Hyderabad
https://www.zomato.com/hyderabad/1004,"Road 87, Ameerpet, Hyderabad",Ameerpet Restaurant 1004,Yes,Yes,4.8/5,18559,+91 9742555805,Ameerpet,Quick Bites,Pizza,"Mughlai, Biryani",1500,"[('Rated 3.3','Good food and service')]",Pizza,Cafes,Hyderabad
https://www.zomato.com/hyderabad/1005,"Road 75, Hitech City, Hyderabad",Hitech Restaurant 1005,No,Yes,4.6/5,7933,+91 9791108555,Hitech City,Quick Bites,Masala Dosa,"Biryani, North Indian",600,"[('Rated 4.8','Good food and service')]",Paneer Butter Masala,Buffet,Hyderabad
https://www.zomato.com/hyderabad/1006,"Road 17, Gachibowli, Hyderabad",Gachibowli Restaurant 1006,No,Yes,4.6/5,23884,+91 9676660831,Gachibowli,Bakery,Paneer Butter Masala,Fast Food,1000,"[('Rated 4.8','Good food and service')]",Paneer Butter Masala,Buffet,Hyderabad
https://www.zomato.com/hyderabad/1007,"Road 55, Gachibowli, Hyderabad",Gachibowli Restaurant 1007,No,No,4.5/5,13880,+91 9649583349,Gachibowli,Quick Bites,Paneer Butter Masala,"Mughlai, Biryani",1500,"[('Rated 3.5','Good food and service')]",Burger,Desserts,Hyderabad
https://www.zomato.com/hyderabad/1008,"Road 24, Ameerpet, Hyderabad",Ameerpet Restaurant 1008,No,No,3.4/5,11476,+91 9304557687,Ameerpet,Bakery,Masala Dosa,"Mughlai, Biryani",400,"[('Rated 3.2','Good food and service')]",Mutton Biryani,Delivery,Hyderabad
https://www.zomato.com/hyderabad/1009,"Road 89, Secunderabad, Hyderabad",Secunderabad Restaurant 1009,Yes,No,3.8/5,1120,+91 9181834232,Secunderabad,Fine Dining,Paneer Butter Masala,"Biryani, North Indian",500,"[('Rated 4.1','Good food and service')]",Paneer Butter Masala,Dine-out,Hyderabad
https://www.zomato.com/hyderabad/1010,"Road 66, LB Nagar, Hyderabad",LB Restaurant 1010,No,Yes,3.3/5,5724,+91 9029049141,LB Nagar,Casual Dining,Chicken Biryani,"Mughlai, Biryani",1200,"[('Rated 4.5','Good food and service')]",Burger,Dine-out,Hyderabad
https://www.zomato.com/hyderabad/1011,"Road 4, Gachibowli, Hyderabad",Gachibowli Restaurant 1011,Yes,Yes,4.0/5,11006,+91 9782026727,Gachibowli,Casual Dining,Coffee,"Mughlai, Biryani",500,"[('Rated 4.7','Good food and service')]",Mutton Biryani,Delivery,Hyderabad
https://www.zomato.com/hyderabad/1012,"Road 79, Hitech City, Hyderabad",Hitech Restaurant 1012,Yes,Yes,4.8/5,9072,+91 9491736682,Hitech City,Buffet,Masala Dosa,"Mughlai, Biryani",800,"[('Rated 4.8','Good food and service')]",Pizza,Delivery,Hyderabad
https://www.zomato.com/hyderabad/1013,"Road 71, Dilsukhnagar, Hyderabad",Dilsukhnagar Restaurant 1013,Yes,No,3.8/5,9901,+91 9758621874,Dilsukhnagar,Cafe,Mutton Biryani,Chinese,500,"[('Rated 4.1','Good food and service')]",Chicken Biryani,Desserts,Hyderabad
https://www.zomato.com/hyderabad/1014,"Road 17, Tolichowki, Hyderabad",Tolichowki Restaurant 1014,Yes,Yes,4.5/5,13049,+91 9558889345,Tolichowki,Quick Bites,Haleem,"Mughlai, Biryani",300,"[('Rated 3.0','Good food and service')]",Chicken Biryani,Buffet,Hyderabad
https://www.zomato.com/hyderabad/1015,"Road 95, Charminar, Hyderabad",Charminar Restaurant 1015,No,No,3.3/5,18613,+91 9203402096,Charminar,Fine Dining,Coffee,"Cafe, Beverages",600,"[('Rated 4.0','Good food and service')]",Pizza,Desserts,Hyderabad
https://www.zomato.com/hyderabad/1016,"Road 32, Tolichowki, Hyderabad",Tolichowki Restaurant 1016,No,Yes,4.0/5,23978,+91 9145133088,Tolichowki,Buffet,Coffee,Fast Food,1000,"[('Rated 3.8','Good food and service')]",Pizza,Dine-out,Hyderabad
https://www.zomato.com/hyderabad/1017,"Road 89, Secunderabad, Hyderabad",Secunderabad Restaurant 1017,No,Yes,3.3/5,19663,+91 9844132759,Secunderabad,Cafe,Haleem,South Indian,1200,"[('Rated 4.7','Good food and service')]",Mutton Biryani,Cafes,Hyderabad
https://www.zomato.com/hyderabad/1018,"Road 13, LB Nagar, Hyderabad",LB Restaurant 1018,Yes,Yes,4.6/5,5805,+91 9682213035,LB Nagar,Quick Bites,Paneer Butter Masala,South Indian,600,"[('Rated 4.9','Good food and service')]",Masala Dosa,Buffet,Hyderabad
https://www.zomato.com/hyderabad/1019,"Road 32, Charminar, Hyderabad",Charminar Restaurant 1019,Yes,Yes,3.3/5,1980,+91 9364019376,Charminar,Fine Dining,Chicken Biryani,Fast Food,400,"[('Rated 3.7','Good food and service')]",Burger,Desserts,Hyderabad
https://www.zomato.com/hyderabad/1020,"Road 77, Jubilee Hills, Hyderabad",Jubilee Restaurant 1020,Yes,No,3.7/5,14355,+91 9888740639,Jubilee Hills,Fine Dining,Haleem,"Bakery, Desserts",1200,"[('Rated 3.9','Good food and service')]",Paneer Butter Masala,Buffet,Hyderabad
https://www.zomato.com/hyderabad/1021,"Road 3, Jubilee Hills, Hyderabad",Jubilee Restaurant 1021,No,Yes,4.8/5,24956,+91 9129681322,Jubilee Hills,Cafe,Haleem,Fast Food,300,"[('Rated 4.9','Good food and service')]",Chicken Biryani,Cafes,Hyderabad
https://www.zomato.com/hyderabad/1022,"Road 65, Begumpet, Hyderabad",Begumpet Restaurant 1022,Yes,Yes,3.7/5,1982,+91 9139881604,Begumpet,Buffet,Burger,"Bakery, Desserts",400,"[('Rated 4.4','Good food and service')]",Masala Dosa,Buffet,Hyderabad
https://www.zomato.com/hyderabad/1023,"Road 91, Charminar, Hyderabad",Charminar Restaurant 1023,Yes,No,3.7/5,20613,+91 9192821290,Charminar,Buffet,Coffee,Chinese,800,"[('Rated 4.5','Good food and service')]",Paneer Butter Masala,Cafes,Hyderabad
https://www.zomato.com/hyderabad/1024,"Road 91, Kukatpally, Hyderabad",Kukatpally Restaurant 1024,No,No,3.6/5,10990,+91 9609930631,Kukatpally,Casual Dining,Chicken Biryani,"Biryani, North Indian",800,"[('Rated 3.3','Good food and service')]",Chicken Biryani,Cafes,Hyderabad
https://www.zomato.com/hyderabad/1025,"Road 74, Kondapur, Hyderabad",Kondapur Restaurant 1025,No,Yes,3.6/5,11739,+91 9158380163,Kondapur,Bakery,Burger,Chinese,600,"[('Rated 4.9','Good food and service')]",Masala Dosa,Delivery,Hyderabad
https://www.zomato.com/hyderabad/1026,"Road 27, Charminar, Hyderabad",Charminar Restaurant 1026,No,Yes,4.4/5,7102,+91 9201279543,Charminar,Buffet,Burger,South Indian,1000,"[('Rated 3.6','Good food and service')]",Coffee,Dine-out,Hyderabad
https://www.zomato.com/hyderabad/1027,"Road 24, Gachibowli, Hyderabad",Gachibowli Restaurant 1027,Yes,Yes,3.6/5,7757,+91 9910706496,Gachibowli,Fine Dining,Chicken Biryani,Fast Food,500,"[('Rated 3.2','Good food and service')]",Haleem,Dine-out,Hyderabad
https://www.zomato.com/hyderabad/1028,"Road 17, Jubilee Hills, Hyderabad",Jubilee Restaurant 1028,No,Yes,4.8/5,3475,+91 9357352862,Jubilee Hills,Fine Dining,Paneer Butter Masala,Chinese,1000,"[('Rated 4.4','Good food and service')]",Chicken Biryani,Delivery,Hyderabad
https://www.zomato.com/hyderabad/1029,"Road 82, Ameerpet, Hyderabad",Ameerpet Restaurant 1029,Yes,Yes,4.0/5,18067,+91 9672907281,Ameerpet,Quick Bites,Coffee,Fast Food,600,"[('Rated 3.8','Good food and service')]",Burger,Delivery,Hyderabad
https://www.zomato.com/hyderabad/1030,"Road 96, Banjara Hills, Hyderabad",Banjara Restaurant 1030,Yes,No,4.2/5,3626,+91 9894827655,Banjara Hills,Cafe,Masala Dosa,"Bakery, Desserts",1500,"[('Rated 3.9','Good food and service')]",Paneer Butter Masala,Cafes,Hyderabad
https://www.zomato.com/hyderabad/1031,"Road 48, Gachibowli, Hyderabad",Gachibowli Restaurant 1031,No,Yes,3.7/5,24562,+91 9092327726,Gachibowli,Bakery,Paneer Butter Masala,"Cafe, Beverages",400,"[('Rated 3.8','Good food and service')]",Coffee,Delivery,Hyderabad
https://www.zomato.com/hyderabad/1032,"Road 88, LB Nagar, Hyderabad",LB Restaurant 1032,No,No,3.5/5,5635,+91 9575322142,LB Nagar,Quick Bites,Masala Dosa,"Biryani, North Indian",800,"[('Rated 3.2','Good food and service')]",Coffee,Cafes,Hyderabad
https://www.zomato.com/hyderabad/1033,"Road 80, LB Nagar, Hyderabad",LB Restaurant 1033,No,No,3.5/5,3314,+91 9047864367,LB Nagar,Bakery,Masala Dosa,"Mughlai, Biryani",1500,"[('Rated 4.2','Good food and service')]",Mutton Biryani,Desserts,Hyderabad
https://www.zomato.com/hyderabad/1034,"Road 55, Tolichowki, Hyderabad",Tolichowki Restaurant 1034,No,No,4.3/5,24820,+91 9549289796,Tolichowki,Buffet,Chicken Biryani,"Bakery, Desserts",600,"[('Rated 3.9','Good food and service')]",Coffee,Cafes,Hyderabad
https://www.zomato.com/hyderabad/1035,"Road 55, Secunderabad, Hyderabad",Secunderabad Restaurant 1035,Yes,No,3.3/5,19190,+91 9798398746,Secunderabad,Cafe,Chicken Biryani,"Cafe, Beverages",800,"[('Rated 3.9','Good food and service')]",Masala Dosa,Buffet,Hyderabad
https://www.zomato.com/hyderabad/1036,"Road 88, Miyapur, Hyderabad",Miyapur Restaurant 1036,Yes,Yes,3.4/5,18635,+91 9679948217,Miyapur,Bakery,Burger,Chinese,800,"[('Rated 3.8','Good food and service')]",Masala Dosa,Cafes,Hyderabad
https://www.zomato.com/hyderabad/1037,"Road 29, Ameerpet, Hyderabad",Ameerpet Restaurant 1037,Yes,No,3.2/5,19966,+91 9863983963,Ameerpet,Cafe,Chicken Biryani,South Indian,300,"[('Rated 4.4','Good food and service')]",Masala Dosa,Dine-out,Hyderabad
https://www.zomato.com/hyderabad/1038,"Road 75, Madhapur, Hyderabad",Madhapur Restaurant 1038,Yes,Yes,3.6/5,8853,+91 9738134580,Madhapur,Cafe,Haleem,South Indian,300,"[('Rated 3.1','Good food and service')]",Coffee,Desserts,Hyderabad
https://www.zomato.com/hyderabad/1039,"Road 61, Kukatpally, Hyderabad",Kukatpally Restaurant 1039,No,No,4.3/5,13079,+91 9291482033,Kukatpally,Cafe,Burger,"Cafe, Beverages",400,"[('Rated 3.8','Good food and service')]",Haleem,Cafes,Hyderabad
https://www.zomato.com/hyderabad/1040,"Road 98, Miyapur, Hyderabad",Miyapur Restaurant 1040,No,No,4.0/5,5145,+91 9037425768,Miyapur,Fine Dining,Paneer Butter Masala,"Cafe, Beverages",500,"[('Rated 3.1','Good food and service')]",Chicken Biryani,Desserts,Hyderabad
https://www.zomato.com/hyderabad/1041,"Road 90, Madhapur, Hyderabad",Madhapur Restaurant 1041,Yes,Yes,3.5/5,15242,+91 9206876141,Madhapur,Casual Dining,Mutton Biryani,"Mughlai, Biryani",800,"[('Rated 4.6','Good food and service')]",Paneer Butter Masala,Buffet,Hyderabad
https://www.zomato.com/hyderabad/1042,"Road 30, Miyapur, Hyderabad",Miyapur Restaurant 1042,Yes,No,4.6/5,5263,+91 9233794800,Miyapur,Casual Dining,Burger,"Mughlai, Biryani",1000,"[('Rated 3.1','Good food and service')]",Paneer Butter Masala,Delivery,Hyderabad
https://www.zomato.com/hyderabad/1043,"Road 84, Hitech City, Hyderabad",Hitech Restaurant 1043,Yes,Yes,4.5/5,2561,+91 9877494100,Hitech City,Cafe,Burger,Chinese,300,"[('Rated 4.1','Good food and service')]",Masala Dosa,Buffet,Hyderabad
https://www.zomato.com/hyderabad/1044,"Road 59, Secunderabad, Hyderabad",Secunderabad Restaurant 1044,Yes,No,4.2/5,1620,+91 9242391818,Secunderabad,Bakery,Mutton Biryani,"Biryani, North Indian",300,"[('Rated 4.4','Good food and service')]",Chicken Biryani,Buffet,Hyderabad
https://www.zomato.com/hyderabad/1045,"Road 10, Kondapur, Hyderabad",Kondapur Restaurant 1045,No,No,3.7/5,21316,+91 9611397355,Kondapur,Quick Bites,Pizza,"Bakery, Desserts",300,"[('Rated 4.6','Good food and service')]",Masala Dosa,Buffet,Hyderabad
https://www.zomato.com/hyderabad/1046,"Road 48, Banjara Hills, Hyderabad",Banjara Restaurant 1046,Yes,No,4.2/5,23127,+91 9089469816,Banjara Hills,Casual Dining,Burger,"Bakery, Desserts",1000,"[('Rated 3.8','Good food and service')]",Paneer Butter Masala,Buffet,Hyderabad
https://www.zomato.com/hyderabad/1047,"Road 69, Secunderabad, Hyderabad",Secunderabad Restaurant 1047,No,No,4.1/5,23648,+91 9175418628,Secunderabad,Quick Bites,Mutton Biryani,"Cafe, Beverages",1000,"[('Rated 3.4','Good food and service')]",Burger,Delivery,Hyderabad
https://www.zomato.com/hyderabad/1048,"Road 49, Miyapur, Hyderabad",Miyapur Restaurant 1048,Yes,No,4.9/5,4464,+91 9247971548,Miyapur,Bakery,Haleem,South Indian,1200,"[('Rated 3.6','Good food and service')]",Mutton Biryani,Buffet,Hyderabad
https://www.zomato.com/hyderabad/1049,"Road 86, Miyapur, Hyderabad",Miyapur Restaurant 1049,Yes,Yes,3.9/5,4556,+91 9851219888,Miyapur,Quick Bites,Masala Dosa,South Indian,1200,"[('Rated 3.3','Good food and service')]",Masala Dosa,Dine-out,Hyderabad
https://www.zomato.com/hyderabad/1050,"Road 60, LB Nagar, Hyderabad",LB Restaurant 1050,No,Yes,4.0/5,11810,+91 9748311411,LB Nagar,Bakery,Coffee,"Mughlai, Biryani",300,"[('Rated 3.2','Good food and service')]",Coffee,Buffet,Hyderabad
https://www.zomato.com/hyderabad/1051,"Road 5, Tolichowki, Hyderabad",Tolichowki Restaurant 1051,Yes,No,4.9/5,24182,+91 9101142924,Tolichowki,Quick Bites,Masala Dosa,Chinese,600,"[('Rated 4.9','Good food and service')]",Paneer Butter Masala,Cafes,Hyderabad
https://www.zomato.com/hyderabad/1052,"Road 92, Hitech City, Hyderabad",Hitech Restaurant 1052,No,No,3.2/5,5022,+91 9775818823,Hitech City,Bakery,Burger,"Biryani, North Indian",1000,"[('Rated 3.0','Good food and service')]",Pizza,Buffet,Hyderabad
https://www.zomato.com/hyderabad/1053,"Road 26, Dilsukhnagar, Hyderabad",Dilsukhnagar Restaurant 1053,Yes,No,4.1/5,16110,+91 9029216725,Dilsukhnagar,Casual Dining,Coffee,South Indian,400,"[('Rated 3.0','Good food and service')]",Paneer Butter Masala,Delivery,Hyderabad
https://www.zomato.com/hyderabad/1054,"Road 82, Begumpet, Hyderabad",Begumpet Restaurant 1054,Yes,No,4.8/5,2305,+91 9745432854,Begumpet,Cafe,Mutton Biryani,Fast Food,500,"[('Rated 4.9','Good food and service')]",Chicken Biryani,Dine-out,Hyderabad
https://www.zomato.com/hyderabad/1055,"Road 34, Hitech City, Hyderabad",Hitech Restaurant 1055,Yes,Yes,3.4/5,5146,+91 9886963899,Hitech City,Bakery,Burger,Fast Food,1500,"[('Rated 4.6','Good food and service')]",Haleem,Dine-out,Hyderabad
https://www.zomato.com/hyderabad/1056,"Road 33, Ameerpet, Hyderabad",Ameerpet Restaurant 1056,No,Yes,4.6/5,4028,+91 9627531870,Ameerpet,Cafe,Mutton Biryani,"Mughlai, Biryani",1200,"[('Rated 4.6','Good food and service')]",Burger,Dine-out,Hyderabad
https://www.zomato.com/hyderabad/1057,"Road 33, Dilsukhnagar, Hyderabad",Dilsukhnagar Restaurant 1057,No,Yes,4.2/5,12664,+91 9837372922,Dilsukhnagar,Bakery,Chicken Biryani,Chinese,1200,"[('Rated 4.5','Good food and service')]",Mutton Biryani,Desserts,Hyderabad
https://www.zomato.com/hyderabad/1058,"Road 79, Ameerpet, Hyderabad",Ameerpet Restaurant 1058,Yes,No,4.4/5,24345,+91 9559468122,Ameerpet,Quick Bites,Masala Dosa,Fast Food,1000,"[('Rated 3.2','Good food and service')]",Haleem,Buffet,Hyderabad
https://www.zomato.com/hyderabad/1059,"Road 16, Gachibowli, Hyderabad",Gachibowli Restaurant 1059,No,No,4.7/5,24082,+91 9690245815,Gachibowli,Buffet,Coffee,Fast Food,300,"[('Rated 3.7','Good food and service')]",Pizza,Buffet,Hyderabad
https://www.zomato.com/hyderabad/1060,"Road 30, Kukatpally, Hyderabad",Kukatpally Restaurant 1060,Yes,No,4.3/5,22633,+91 9148648904,Kukatpally,Cafe,Burger,"Biryani, North Indian",1200,"[('Rated 4.1','Good food and service')]",Chicken Biryani,Dine-out,Hyderabad
https://www.zomato.com/hyderabad/1061,"Road 39, Madhapur, Hyderabad",Madhapur Restaurant 1061,No,Yes,3.9/5,3575,+91 9448688766,Madhapur,Fine Dining,Coffee,Fast Food,500,"[('Rated 3.6','Good food and service')]",Burger,Delivery,Hyderabad
https://www.zomato.com/hyderabad/1062,"Road 51, Gachibowli, Hyderabad",Gachibowli Restaurant 1062,No,No,3.5/5,22780,+91 9817095261,Gachibowli,Bakery,Mutton Biryani,Fast Food,1000,"[('Rated 4.0','Good food and service')]",Burger,Cafes,Hyderabad
https://www.zomato.com/hyderabad/1063,"Road 63, Kondapur, Hyderabad",Kondapur Restaurant 1063,Yes,No,4.2/5,12003,+91 9880821276,Kondapur,Casual Dining,Mutton Biryani,Chinese,1500,"[('Rated 4.1','Good food and service')]",Mutton Biryani,Cafes,Hyderabad
https://www.zomato.com/hyderabad/1064,"Road 92, Madhapur, Hyderabad",Madhapur Restaurant 1064,Yes,No,4.7/5,18498,+91 9093213821,Madhapur,Fine Dining,Paneer Butter Masala,"Mughlai, Biryani",1200,"[('Rated 3.1','Good food and service')]",Burger,Desserts,Hyderabad
https://www.zomato.com/hyderabad/1065,"Road 33, Charminar, Hyderabad",Charminar Restaurant 1065,No,No,4.2/5,21823,+91 9001141803,Charminar,Fine Dining,Pizza,Fast Food,1000,"[('Rated 3.4','Good food and service')]",Haleem,Cafes,Hyderabad
https://www.zomato.com/hyderabad/1066,"Road 68, Miyapur, Hyderabad",Miyapur Restaurant 1066,Yes,No,4.0/5,2543,+91 9804782551,Miyapur,Casual Dining,Paneer Butter Masala,"Biryani, North Indian",800,"[('Rated 4.3','Good food and service')]",Coffee,Desserts,Hyderabad
https://www.zomato.com/hyderabad/1067,"Road 81, Gachibowli, Hyderabad",Gachibowli Restaurant 1067,No,No,4.3/5,14557,+91 9253980085,Gachibowli,Bakery,Burger,"Cafe, Beverages",1000,"[('Rated 4.4','Good food and service')]",Masala Dosa,Dine-out,Hyderabad
https://www.zomato.com/hyderabad/1068,"Road 59, Kondapur, Hyderabad",Kondapur Restaurant 1068,Yes,No,4.1/5,6751,+91 9671874194,Kondapur,Cafe,Haleem,Chinese,1000,"[('Rated 3.9','Good food and service')]",Paneer Butter Masala,Cafes,Hyderabad
https://www.zomato.com/hyderabad/1069,"Road 38, Secunderabad, Hyderabad",Secunderabad Restaurant 1069,Yes,No,3.4/5,24613,+91 9826130346,Secunderabad,Casual Dining,Pizza,"Mughlai, Biryani",1500,"[('Rated 4.4','Good food and service')]",Paneer Butter Masala,Cafes,Hyderabad
https://www.zomato.com/hyderabad/1070,"Road 17, Secunderabad, Hyderabad",Secunderabad Restaurant 1070,Yes,No,3.7/5,6370,+91 9789429006,Secunderabad,Cafe,Pizza,Fast Food,800,"[('Rated 3.6','Good food and service')]",Coffee,Dine-out,Hyderabad
https://www.zomato.com/hyderabad/1071,"Road 18, Kukatpally, Hyderabad",Kukatpally Restaurant 1071,Yes,No,3.7/5,735,+91 9449545084,Kukatpally,Buffet,Mutton Biryani,Fast Food,1500,"[('Rated 4.6','Good food and service')]",Coffee,Dine-out,Hyderabad
https://www.zomato.com/hyderabad/1072,"Road 65, LB Nagar, Hyderabad",LB Restaurant 1072,Yes,Yes,4.5/5,734,+91 9607031859,LB Nagar,Quick Bites,Mutton Biryani,Fast Food,1200,"[('Rated 3.7','Good food and service')]",Coffee,Buffet,Hyderabad
https://www.zomato.com/hyderabad/1073,"Road 43, Charminar, Hyderabad",Charminar Restaurant 1073,No,Yes,3.3/5,4098,+91 9102951712,Charminar,Fine Dining,Coffee,"Biryani, North Indian",800,"[('Rated 3.3','Good food and service')]",Paneer Butter Masala,Buffet,Hyderabad
https://www.zomato.com/hyderabad/1074,"Road 76, Banjara Hills, Hyderabad",Banjara Restaurant 1074,No,Yes,3.8/5,21368,+91 9515078044,Banjara Hills,Cafe,Coffee,South Indian,1500,"[('Rated 4.4','Good food and service')]",Pizza,Dine-out,Hyderabad
https://www.zomato.com/hyderabad/1075,"Road 6, Jubilee Hills, Hyderabad",Jubilee Restaurant 1075,Yes,Yes,4.6/5,9766,+91 9524380775,Jubilee Hills,Casual Dining,Paneer Butter Masala,"Bakery, Desserts",1200,"[('Rated 4.7','Good food and service')]",Mutton Biryani,Desserts,Hyderabad
https://www.zomato.com/hyderabad/1076,"Road 92, Tolichowki, Hyderabad",Tolichowki Restaurant 1076,Yes,No,3.7/5,13974,+91 9016950465,Tolichowki,Casual Dining,Paneer Butter Masala,South Indian,300,"[('Rated 3.4','Good food and service')]",Mutton Biryani,Delivery,Hyderabad
https://www.zomato.com/hyderabad/1077,"Road 100, Kondapur, Hyderabad",Kondapur Restaurant 1077,Yes,Yes,3.6/5,19988,+91 9508053925,Kondapur,Quick Bites,Burger,Fast Food,600,"[('Rated 3.3','Good food and service')]",Burger,Desserts,Hyderabad
https://www.zomato.com/hyderabad/1078,"Road 88, Jubilee Hills, Hyderabad",Jubilee Restaurant 1078,Yes,Yes,4.7/5,16992,+91 9512231369,Jubilee Hills,Quick Bites,Paneer Butter Masala,"Biryani, North Indian",500,"[('Rated 5.0','Good food and service')]",Pizza,Cafes,Hyderabad
https://www.zomato.com/hyderabad/1079,"Road 61, Banjara Hills, Hyderabad",Banjara Restaurant 1079,No,Yes,3.5/5,23879,+91 9257221156,Banjara Hills,Buffet,Chicken Biryani,Chinese,1000,"[('Rated 3.1','Good food and service')]",Chicken Biryani,Delivery,Hyderabad
https://www.zomato.com/hyderabad/1080,"Road 8, Kukatpally, Hyderabad",Kukatpally Restaurant 1080,Yes,Yes,4.3/5,24042,+91 9678656427,Kukatpally,Bakery,Coffee,Chinese,800,"[('Rated 3.8','Good food and service')]",Paneer Butter Masala,Buffet,Hyderabad
https://www.zomato.com/hyderabad/1081,"Road 45, Miyapur, Hyderabad",Miyapur Restaurant 1081,Yes,No,4.6/5,24622,+91 9013119723,Miyapur,Bakery,Pizza,"Bakery, Desserts",600,"[('Rated 3.3','Good food and service')]",Chicken Biryani,Cafes,Hyderabad
https://www.zomato.com/hyderabad/1082,"Road 60, Dilsukhnagar, Hyderabad",Dilsukhnagar Restaurant 1082,Yes,No,4.5/5,6354,+91 9697919811,Dilsukhnagar,Casual Dining,Chicken Biryani,South Indian,1500,"[('Rated 4.2','Good food and service')]",Mutton Biryani,Buffet,Hyderabad
https://www.zomato.com/hyderabad/1083,"Road 86, Madhapur, Hyderabad",Madhapur Restaurant 1083,Yes,Yes,3.8/5,2751,+91 9284075518,Madhapur,Casual Dining,Paneer Butter Masala,"Cafe, Beverages",600,"[('Rated 5.0','Good food and service')]",Mutton Biryani,Dine-out,Hyderabad
https://www.zomato.com/hyderabad/1084,"Road 53, Ameerpet, Hyderabad",Ameerpet Restaurant 1084,No,Yes,4.0/5,5488,+91 9141837441,Ameerpet,Quick Bites,Chicken Biryani,"Bakery, Desserts",1500,"[('Rated 4.0','Good food and service')]",Burger,Cafes,Hyderabad
https://www.zomato.com/hyderabad/1085,"Road 68, Miyapur, Hyderabad",Miyapur Restaurant 1085,No,No,3.7/5,564,+91 9038672775,Miyapur,Fine Dining,Paneer Butter Masala,Chinese,300,"[('Rated 3.4','Good food and service')]",Masala Dosa,Delivery,Hyderabad
https://www.zomato.com/hyderabad/1086,"Road 85, Gachibowli, Hyderabad",Gachibowli Restaurant 1086,No,No,4.9/5,1181,+91 9118170784,Gachibowli,Casual Dining,Masala Dosa,"Biryani, North Indian",300,"[('Rated 3.3','Good food and service')]",Pizza,Desserts,Hyderabad
https://www.zomato.com/hyderabad/1087,"Road 20, Miyapur, Hyderabad",Miyapur Restaurant 1087,No,Yes,4.9/5,12511,+91 9012873559,Miyapur,Quick Bites,Pizza,"Biryani, North Indian",400,"[('Rated 3.2','Good food and service')]",Burger,Dine-out,Hyderabad
https://www.zomato.com/hyderabad/1088,"Road 43, Secunderabad, Hyderabad",Secunderabad Restaurant 1088,No,Yes,3.4/5,16926,+91 9306771237,Secunderabad,Fine Dining,Paneer Butter Masala,South Indian,800,"[('Rated 3.6','Good food and service')]",Masala Dosa,Dine-out,Hyderabad
https://www.zomato.com/hyderabad/1089,"Road 49, Dilsukhnagar, Hyderabad",Dilsukhnagar Restaurant 1089,Yes,No,4.2/5,20742,+91 9961921457,Dilsukhnagar,Cafe,Burger,Chinese,1500,"[('Rated 4.4','Good food and service')]",Mutton Biryani,Desserts,Hyderabad
https://www.zomato.com/hyderabad/1090,"Road 55, Charminar, Hyderabad",Charminar Restaurant 1090,No,Yes,4.7/5,23661,+91 9689139738,Charminar,Cafe,Masala Dosa,"Cafe, Beverages",1200,"[('Rated 3.3','Good food and service')]",Haleem,Delivery,Hyderabad
https://www.zomato.com/hyderabad/1091,"Road 31, Madhapur, Hyderabad",Madhapur Restaurant 1091,No,Yes,4.8/5,2731,+91 9290769223,Madhapur,Casual Dining,Masala Dosa,Fast Food,400,"[('Rated 4.9','Good food and service')]",Pizza,Delivery,Hyderabad
https://www.zomato.com/hyderabad/1092,"Road 32, Gachibowli, Hyderabad",Gachibowli Restaurant 1092,No,No,4.0/5,7795,+91 9577122480,Gachibowli,Casual Dining,Burger,Fast Food,600,"[('Rated 3.5','Good food and service')]",Mutton Biryani,Cafes,Hyderabad
https://www.zomato.com/hyderabad/1093,"Road 72, Tolichowki, Hyderabad",Tolichowki Restaurant 1093,No,No,3.6/5,3523,+91 9800577989,Tolichowki,Bakery,Haleem,"Cafe, Beverages",600,"[('Rated 4.8','Good food and service')]",Paneer Butter Masala,Desserts,Hyderabad
https://www.zomato.com/hyderabad/1094,"Road 69, Madhapur, Hyderabad",Madhapur Restaurant 1094,No,No,4.3/5,8593,+91 9126826786,Madhapur,Bakery,Haleem,"Mughlai, Biryani",400,"[('Rated 4.8','Good food and service')]",Haleem,Buffet,Hyderabad
https://www.zomato.com/hyderabad/1095,"Road 40, Begumpet, Hyderabad",Begumpet Restaurant 1095,Yes,Yes,3.2/5,7271,+91 9958559550,Begumpet,Buffet,Coffee,"Biryani, North Indian",1500,"[('Rated 4.0','Good food and service')]",Paneer Butter Masala,Delivery,Hyderabad
https://www.zomato.com/hyderabad/1096,"Road 21, Gachibowli, Hyderabad",Gachibowli Restaurant 1096,No,No,4.7/5,8824,+91 9113054584,Gachibowli,Cafe,Haleem,South Indian,1200,"[('Rated 3.5','Good food and service')]",Mutton Biryani,Delivery,Hyderabad
https://www.zomato.com/hyderabad/1097,"Road 78, Dilsukhnagar, Hyderabad",Dilsukhnagar Restaurant 1097,No,No,4.8/5,4780,+91 9018605913,Dilsukhnagar,Fine Dining,Paneer Butter Masala,"Bakery, Desserts",1000,"[('Rated 4.6','Good food and service')]",Coffee,Dine-out,Hyderabad
https://www.zomato.com/hyderabad/1098,"Road 20, Begumpet, Hyderabad",Begumpet Restaurant 1098,No,No,4.6/5,7558,+91 9164690902,Begumpet,Buffet,Paneer Butter Masala,South Indian,300,"[('Rated 3.3','Good food and service')]",Paneer Butter Masala,Buffet,Hyderabad
https://www.zomato.com/hyderabad/1099,"Road 91, Banjara Hills, Hyderabad",Banjara Restaurant 1099,No,Yes,4.6/5,23569,+91 9329834352,Banjara Hills,Casual Dining,Pizza,South Indian,300,"[('Rated 3.7','Good food and service')]",Paneer Butter Masala,Desserts,Hyderabad
https://www.zomato.com/hyderabad/1100,"Road 10, Tolichowki, Hyderabad",Tolichowki Restaurant 1100,Yes,Yes,4.0/5,14735,+91 9521374343,Tolichowki,Quick Bites,Masala Dosa,"Bakery, Desserts",1000,"[('Rated 3.9','Good food and service')]",Haleem,Desserts,Hyderabad
https://www.zomato.com/hyderabad/1101,"Road 67, Dilsukhnagar, Hyderabad",Dilsukhnagar Restaurant 1101,No,No,4.5/5,1295,+91 9950774949,Dilsukhnagar,Cafe,Pizza,Fast Food,1500,"[('Rated 3.2','Good food and service')]",Coffee,Dine-out,Hyderabad
https://www.zomato.com/hyderabad/1102,"Road 70, Begumpet, Hyderabad",Begumpet Restaurant 1102,No,No,4.6/5,4779,+91 9148300008,Begumpet,Buffet,Burger,"Mughlai, Biryani",800,"[('Rated 4.2','Good food and service')]",Burger,Buffet,Hyderabad
https://www.zomato.com/hyderabad/1103,"Road 41, Secunderabad, Hyderabad",Secunderabad Restaurant 1103,Yes,Yes,4.5/5,9511,+91 9544267683,Secunderabad,Cafe,Mutton Biryani,"Cafe, Beverages",800,"[('Rated 4.2','Good food and service')]",Pizza,Delivery,Hyderabad
https://www.zomato.com/hyderabad/1104,"Road 61, LB Nagar, Hyderabad",LB Restaurant 1104,Yes,Yes,3.5/5,11907,+91 9872586007,LB Nagar,Buffet,Coffee,Fast Food,1500,"[('Rated 4.2','Good food and service')]",Burger,Dine-out,Hyderabad
https://www.zomato.com/hyderabad/1105,"Road 51, Tolichowki, Hyderabad",Tolichowki Restaurant 1105,Yes,Yes,3.9/5,2459,+91 9244307848,Tolichowki,Casual Dining,Mutton Biryani,"Mughlai, Biryani",600,"[('Rated 3.8','Good food and service')]",Pizza,Dine-out,Hyderabad
https://www.zomato.com/hyderabad/1106,"Road 26, LB Nagar, Hyderabad",LB Restaurant 1106,No,Yes,3.2/5,16848,+91 9835972427,LB Nagar,Bakery,Burger,"Bakery, Desserts",1500,"[('Rated 3.3','Good food and service')]",Masala Dosa,Cafes,Hyderabad
https://www.zomato.com/hyderabad/1107,"Road 80, Dilsukhnagar, Hyderabad",Dilsukhnagar Restaurant 1107,Yes,Yes,3.7/5,3217,+91 9778549540,Dilsukhnagar,Cafe,Haleem,Fast Food,600,"[('Rated 3.2','Good food and service')]",Coffee,Desserts,Hyderabad
https://www.zomato.com/hyderabad/1108,"Road 40, Gachibowli, Hyderabad",Gachibowli Restaurant 1108,No,No,4.4/5,22728,+91 9500015332,Gachibowli,Bakery,Mutton Biryani,Fast Food,1000,"[('Rated 5.0','Good food and service')]",Haleem,Desserts,Hyderabad
https://www.zomato.com/hyderabad/1109,"Road 21, Banjara Hills, Hyderabad",Banjara Restaurant 1109,No,No,4.1/5,19522,+91 9599910346,Banjara Hills,Bakery,Pizza,"Cafe, Beverages",400,"[('Rated 4.4','Good food and service')]",Paneer Butter Masala,Cafes,Hyderabad
https://www.zomato.com/hyderabad/1110,"Road 83, Tolichowki, Hyderabad",Tolichowki Restaurant 1110,Yes,Yes,3.7/5,22537,+91 9113630481,Tolichowki,Quick Bites,Mutton Biryani,"Cafe, Beverages",800,"[('Rated 3.1','Good food and service')]",Chicken Biryani,Buffet,Hyderabad
https://www.zomato.com/hyderabad/1111,"Road 88, Banjara Hills, Hyderabad",Banjara Restaurant 1111,Yes,Yes,4.6/5,19302,+91 9450806517,Banjara Hills,Fine Dining,Masala Dosa,South Indian,1000,"[('Rated 4.2','Good food and service')]",Pizza,Delivery,Hyderabad
https://www.zomato.com/hyderabad/1112,"Road 78, Kondapur, Hyderabad",Kondapur Restaurant 1112,Yes,Yes,4.2/5,12239,+91 9239026251,Kondapur,Bakery,Mutton Biryani,"Biryani, North Indian",1200,"[('Rated 3.8','Good food and service')]",Chicken Biryani,Delivery,Hyderabad
https://www.zomato.com/hyderabad/1113,"Road 54, Charminar, Hyderabad",Charminar Restaurant 1113,Yes,No,3.4/5,3626,+91 9650060573,Charminar,Fine Dining,Masala Dosa,Fast Food,1200,"[('Rated 3.0','Good food and service')]",Pizza,Buffet,Hyderabad
https://www.zomato.com/hyderabad/1114,"Road 85, Begumpet, Hyderabad",Begumpet Restaurant 1114,Yes,No,4.0/5,14247,+91 9817527855,Begumpet,Cafe,Pizza,Fast Food,400,"[('Rated 4.8','Good food and service')]",Haleem,Cafes,Hyderabad
https://www.zomato.com/hyderabad/1115,"Road 94, Ameerpet, Hyderabad",Ameerpet Restaurant 1115,No,Yes,4.2/5,12784,+91 9308587253,Ameerpet,Casual Dining,Haleem,"Mughlai, Biryani",400,"[('Rated 3.2','Good food and service')]",Chicken Biryani,Dine-out,Hyderabad
https://www.zomato.com/hyderabad/1116,"Road 5, Madhapur, Hyderabad",Madhapur Restaurant 1116,No,No,4.7/5,4678,+91 9930471061,Madhapur,Casual Dining,Coffee,"Cafe, Beverages",500,"[('Rated 4.1','Good food and service')]",Haleem,Desserts,Hyderabad
https://www.zomato.com/hyderabad/1117,"Road 92, Gachibowli, Hyderabad",Gachibowli Restaurant 1117,Yes,Yes,3.5/5,16565,+91 9223399404,Gachibowli,Quick Bites,Chicken Biryani,"Cafe, Beverages",1000,"[('Rated 3.2','Good food and service')]",Chicken Biryani,Dine-out,Hyderabad
https://www.zomato.com/hyderabad/1118,"Road 33, Charminar, Hyderabad",Charminar Restaurant 1118,Yes,No,3.3/5,16973,+91 9501890734,Charminar,Buffet,Chicken Biryani,"Bakery, Desserts",1200,"[('Rated 3.6','Good food and service')]",Haleem,Buffet,Hyderabad
https://www.zomato.com/hyderabad/1119,"Road 74, Dilsukhnagar, Hyderabad",Dilsukhnagar Restaurant 1119,No,No,3.9/5,21524,+91 9556443626,Dilsukhnagar,Quick Bites,Mutton Biryani,"Mughlai, Biryani",1500,"[('Rated 4.3','Good food and service')]",Paneer Butter Masala,Dine-out,Hyderabad
https://www.zomato.com/hyderabad/1120,"Road 62, Tolichowki, Hyderabad",Tolichowki Restaurant 1120,Yes,No,3.9/5,6269,+91 9499588501,Tolichowki,Bakery,Mutton Biryani,"Mughlai, Biryani",1200,"[('Rated 3.3','Good food and service')]",Paneer Butter Masala,Dine-out,Hyderabad
https://www.zomato.com/hyderabad/1121,"Road 41, Gachibowli, Hyderabad",Gachibowli Restaurant 1121,Yes,No,4.5/5,8107,+91 9082294652,Gachibowli,Quick Bites,Masala Dosa,"Bakery, Desserts",500,"[('Rated 3.3','Good food and service')]",Pizza,Dine-out,Hyderabad
https://www.zomato.com/hyderabad/1122,"Road 51, Tolichowki, Hyderabad",Tolichowki Restaurant 1122,Yes,Yes,4.6/5,12152,+91 9344092388,Tolichowki,Buffet,Burger,Fast Food,600,"[('Rated 5.0','Good food and service')]",Mutton Biryani,Delivery,Hyderabad
https://www.zomato.com/hyderabad/1123,"Road 18, Jubilee Hills, Hyderabad",Jubilee Restaurant 1123,No,No,3.7/5,17950,+91 9455169868,Jubilee Hills,Bakery,Coffee,Chinese,1200,"[('Rated 3.1','Good food and service')]",Burger,Dine-out,Hyderabad
https://www.zomato.com/hyderabad/1124,"Road 77, Hitech City, Hyderabad",Hitech Restaurant 1124,Yes,Yes,4.0/5,19379,+91 9046896122,Hitech City,Casual Dining,Coffee,"Mughlai, Biryani",1200,"[('Rated 3.2','Good food and service')]",Pizza,Delivery,Hyderabad
https://www.zomato.com/hyderabad/1125,"Road 100, Gachibowli, Hyderabad",Gachibowli Restaurant 1125,No,No,3.5/5,20032,+91 9718235905,Gachibowli,Fine Dining,Haleem,South Indian,1500,"[('Rated 3.2','Good food and service')]",Coffee,Delivery,Hyderabad
https://www.zomato.com/hyderabad/1126,"Road 95, Miyapur, Hyderabad",Miyapur Restaurant 1126,No,Yes,4.7/5,5171,+91 9708152017,Miyapur,Fine Dining,Burger,Chinese,1200,"[('Rated 4.7','Good food and service')]",Masala Dosa,Delivery,Hyderabad
https://www.zomato.com/hyderabad/1127,"Road 27, Dilsukhnagar, Hyderabad",Dilsukhnagar Restaurant 1127,Yes,Yes,3.2/5,122,+91 9366004385,Dilsukhnagar,Bakery,Chicken Biryani,"Cafe, Beverages",300,"[('Rated 3.3','Good food and service')]",Paneer Butter Masala,Buffet,Hyderabad
https://www.zomato.com/hyderabad/1128,"Road 19, Dilsukhnagar, Hyderabad",Dilsukhnagar Restaurant 1128,Yes,Yes,4.5/5,22707,+91 9268434022,Dilsukhnagar,Buffet,Burger,"Biryani, North Indian",500,"[('Rated 3.4','Good food and service')]",Masala Dosa,Desserts,Hyderabad
https://www.zomato.com/hyderabad/1129,"Road 21, Hitech City, Hyderabad",Hitech Restaurant 1129,No,No,3.3/5,18747,+91 9932539457,Hitech City,Casual Dining,Masala Dosa,"Cafe, Beverages",300,"[('Rated 3.2','Good food and service')]",Mutton Biryani,Desserts,Hyderabad
https://www.zomato.com/hyderabad/1130,"Road 13, Secunderabad, Hyderabad",Secunderabad Restaurant 1130,No,Yes,3.4/5,1972,+91 9616910087,Secunderabad,Buffet,Mutton Biryani,Chinese,1500,"[('Rated 3.5','Good food and service')]",Mutton Biryani,Desserts,Hyderabad
https://www.zomato.com/hyderabad/1131,"Road 59, Jubilee Hills, Hyderabad",Jubilee Restaurant 1131,Yes,Yes,3.2/5,14305,+91 9523270562,Jubilee Hills,Quick Bites,Mutton Biryani,"Mughlai, Biryani",1200,"[('Rated 4.2','Good food and service')]",Mutton Biryani,Cafes,Hyderabad
https://www.zomato.com/hyderabad/1132,"Road 37, LB Nagar, Hyderabad",LB Restaurant 1132,Yes,No,3.2/5,8126,+91 9031059299,LB Nagar,Casual Dining,Masala Dosa,Fast Food,600,"[('Rated 3.6','Good food and service')]",Chicken Biryani,Cafes,Hyderabad
https://www.zomato.com/hyderabad/1133,"Road 33, LB Nagar, Hyderabad",LB Restaurant 1133,Yes,No,4.8/5,9083,+91 9766800383,LB Nagar,Quick Bites,Masala Dosa,"Biryani, North Indian",600,"[('Rated 4.7','Good food and service')]",Masala Dosa,Delivery,Hyderabad
https://www.zomato.com/hyderabad/1134,"Road 72, Dilsukhnagar, Hyderabad",Dilsukhnagar Restaurant 1134,Yes,Yes,3.5/5,10640,+91 9935781793,Dilsukhnagar,Quick Bites,Chicken Biryani,"Biryani, North Indian",1200,"[('Rated 4.2','Good food and service')]",Pizza,Delivery,Hyderabad
https://www.zomato.com/hyderabad/1135,"Road 29, Tolichowki, Hyderabad",Tolichowki Restaurant 1135,No,Yes,4.6/5,209,+91 9168630074,Tolichowki,Casual Dining,Burger,"Biryani, North Indian",500,"[('Rated 3.6','Good food and service')]",Masala Dosa,Buffet,Hyderabad
https://www.zomato.com/hyderabad/1136,"Road 40, Miyapur, Hyderabad",Miyapur Restaurant 1136,Yes,No,4.3/5,4391,+91 9858834585,Miyapur,Casual Dining,Pizza,"Bakery, Desserts",1000,"[('Rated 4.6','Good food and service')]",Masala Dosa,Delivery,Hyderabad
https://www.zomato.com/hyderabad/1137,"Road 21, Ameerpet, Hyderabad",Ameerpet Restaurant 1137,No,No,4.4/5,22006,+91 9688933006,Ameerpet,Buffet,Mutton Biryani,Fast Food,1500,"[('Rated 3.5','Good food and service')]",Chicken Biryani,Buffet,Hyderabad
https://www.zomato.com/hyderabad/1138,"Road 100, Jubilee Hills, Hyderabad",Jubilee Restaurant 1138,Yes,Yes,4.1/5,13268,+91 9603749024,Jubilee Hills,Casual Dining,Mutton Biryani,Fast Food,1500,"[('Rated 3.4','Good food and service')]",Pizza,Delivery,Hyderabad
https://www.zomato.com/hyderabad/1139,"Road 51, Charminar, Hyderabad",Charminar Restaurant 1139,Yes,No,4.3/5,16119,+91 9184782584,Charminar,Fine Dining,Haleem,"Biryani, North Indian",1500,"[('Rated 3.4','Good food and service')]",Haleem,Dine-out,Hyderabad
https://www.zomato.com/hyderabad/1140,"Road 70, Dilsukhnagar, Hyderabad",Dilsukhnagar Restaurant 1140,No,Yes,3.6/5,18464,+91 9593452294,Dilsukhnagar,Cafe,Paneer Butter Masala,"Cafe, Beverages",1200,"[('Rated 4.6','Good food and service')]",Chicken Biryani,Dine-out,Hyderabad
https://www.zomato.com/hyderabad/1141,"Road 77, Miyapur, Hyderabad",Miyapur Restaurant 1141,Yes,No,4.9/5,12255,+91 9812531533,Miyapur,Bakery,Mutton Biryani,"Biryani, North Indian",800,"[('Rated 3.5','Good food and service')]",Coffee,Cafes,Hyderabad
https://www.zomato.com/hyderabad/1142,"Road 100, Dilsukhnagar, Hyderabad",Dilsukhnagar Restaurant 1142,Yes,Yes,4.8/5,8653,+91 9718144846,Dilsukhnagar,Casual Dining,Paneer Butter Masala,Fast Food,800,"[('Rated 4.4','Good food and service')]",Chicken Biryani,Cafes,Hyderabad
https://www.zomato.com/hyderabad/1143,"Road 7, Tolichowki, Hyderabad",Tolichowki Restaurant 1143,No,Yes,3.2/5,22659,+91 9012675528,Tolichowki,Fine Dining,Haleem,"Cafe, Beverages",1200,"[('Rated 4.9','Good food and service')]",Haleem,Dine-out,Hyderabad
https://www.zomato.com/hyderabad/1144,"Road 25, Madhapur, Hyderabad",Madhapur Restaurant 1144,No,No,4.0/5,15227,+91 9006078235,Madhapur,Quick Bites,Coffee,"Mughlai, Biryani",500,"[('Rated 4.8','Good food and service')]",Coffee,Cafes,Hyderabad
https://www.zomato.com/hyderabad/1145,"Road 3, Hitech City, Hyderabad",Hitech Restaurant 1145,No,No,4.3/5,23952,+91 9245680793,Hitech City,Buffet,Burger,"Mughlai, Biryani",800,"[('Rated 3.5','Good food and service')]",Masala Dosa,Desserts,Hyderabad
https://www.zomato.com/hyderabad/1146,"Road 59, Madhapur, Hyderabad",Madhapur Restaurant 1146,Yes,No,3.6/5,15382,+91 9876170506,Madhapur,Bakery,Masala Dosa,"Bakery, Desserts",600,"[('Rated 4.1','Good food and service')]",Coffee,Desserts,Hyderabad
https://www.zomato.com/hyderabad/1147,"Road 28, Madhapur, Hyderabad",Madhapur Restaurant 1147,No,Yes,3.2/5,648,+91 9177385159,Madhapur,Bakery,Pizza,"Mughlai, Biryani",500,"[('Rated 4.3','Good food and service')]",Pizza,Buffet,Hyderabad
https://www.zomato.com/hyderabad/1148,"Road 1, Madhapur, Hyderabad",Madhapur Restaurant 1148,No,No,3.7/5,9207,+91 9633981215,Madhapur,Bakery,Mutton Biryani,"Biryani, North Indian",1500,"[('Rated 3.1','Good food and service')]",Mutton Biryani,Delivery,Hyderabad
https://www.zomato.com/hyderabad/1149,"Road 16, Secunderabad, Hyderabad",Secunderabad Restaurant 1149,No,Yes,3.7/5,13666,+91 9292859941,Secunderabad,Buffet,Paneer Butter Masala,"Bakery, Desserts",1200,"[('Rated 4.9','Good food and service')]",Masala Dosa,Dine-out,Hyderabad
https://www.zomato.com/hyderabad/1150,"Road 22, Banjara Hills, Hyderabad",Banjara Restaurant 1150,No,No,3.5/5,20354,+91 9737724168,Banjara Hills,Buffet,Paneer Butter Masala,"Biryani, North Indian",500,"[('Rated 3.7','Good food and service')]",Burger,Dine-out,Hyderabad
https://www.zomato.com/hyderabad/1151,"Road 57, Gachibowli, Hyderabad",Gachibowli Restaurant 1151,Yes,Yes,4.6/5,18255,+91 9354117646,Gachibowli,Quick Bites,Coffee,"Cafe, Beverages",400,"[('Rated 3.8','Good food and service')]",Paneer Butter Masala,Cafes,Hyderabad
https://www.zomato.com/hyderabad/1152,"Road 50, Begumpet, Hyderabad",Begumpet Restaurant 1152,Yes,Yes,3.5/5,21497,+91 9024797874,Begumpet,Fine Dining,Mutton Biryani,"Cafe, Beverages",300,"[('Rated 4.1','Good food and service')]",Chicken Biryani,Dine-out,Hyderabad
https://www.zomato.com/hyderabad/1153,"Road 79, Madhapur, Hyderabad",Madhapur Restaurant 1153,No,Yes,4.1/5,2146,+91 9675820916,Madhapur,Buffet,Haleem,South Indian,1000,"[('Rated 4.6','Good food and service')]",Coffee,Desserts,Hyderabad
https://www.zomato.com/hyderabad/1154,"Road 47, Madhapur, Hyderabad",Madhapur Restaurant 1154,Yes,No,4.0/5,13391,+91 9324024436,Madhapur,Buffet,Haleem,"Biryani, North Indian",1000,"[('Rated 4.6','Good food and service')]",Masala Dosa,Desserts,Hyderabad
https://www.zomato.com/hyderabad/1155,"Road 8, Secunderabad, Hyderabad",Secunderabad Restaurant 1155,No,No,4.1/5,18069,+91 9290233832,Secunderabad,Quick Bites,Haleem,Chinese,1500,"[('Rated 4.2','Good food and service')]",Mutton Biryani,Cafes,Hyderabad
https://www.zomato.com/hyderabad/1156,"Road 69, Begumpet, Hyderabad",Begumpet Restaurant 1156,Yes,Yes,4.2/5,7495,+91 9174720810,Begumpet,Bakery,Coffee,Chinese,500,"[('Rated 4.4','Good food and service')]",Masala Dosa,Cafes,Hyderabad
https://www.zomato.com/hyderabad/1157,"Road 65, Secunderabad, Hyderabad",Secunderabad Restaurant 1157,Yes,Yes,4.2/5,9144,+91 9323361400,Secunderabad,Bakery,Coffee,"Biryani, North Indian",300,"[('Rated 5.0','Good food and service')]",Haleem,Buffet,Hyderabad
https://www.zomato.com/hyderabad/1158,"Road 4, Hitech City, Hyderabad",Hitech Restaurant 1158,No,No,3.7/5,21215,+91 9914774897,Hitech City,Fine Dining,Haleem,South Indian,800,"[('Rated 3.1','Good food and service')]",Mutton Biryani,Delivery,Hyderabad
https://www.zomato.com/hyderabad/1159,"Road 61, Charminar, Hyderabad",Charminar Restaurant 1159,Yes,Yes,3.9/5,13421,+91 9032313312,Charminar,Buffet,Mutton Biryani,"Biryani, North Indian",600,"[('Rated 3.8','Good food and service')]",Paneer Butter Masala,Delivery,Hyderabad
https://www.zomato.com/hyderabad/1160,"Road 76, Banjara Hills, Hyderabad",Banjara Restaurant 1160,Yes,Yes,4.6/5,24751,+91 9951935097,Banjara Hills,Casual Dining,Paneer Butter Masala,South Indian,800,"[('Rated 3.5','Good food and service')]",Pizza,Desserts,Hyderabad
https://www.zomato.com/hyderabad/1161,"Road 53, Kukatpally, Hyderabad",Kukatpally Restaurant 1161,No,No,3.3/5,3620,+91 9897159278,Kukatpally,Quick Bites,Haleem,Fast Food,1200,"[('Rated 4.3','Good food and service')]",Coffee,Desserts,Hyderabad
https://www.zomato.com/hyderabad/1162,"Road 49, Kondapur, Hyderabad",Kondapur Restaurant 1162,Yes,Yes,3.6/5,4609,+91 9028763455,Kondapur,Cafe,Chicken Biryani,"Biryani, North Indian",500,"[('Rated 4.2','Good food and service')]",Masala Dosa,Cafes,Hyderabad
https://www.zomato.com/hyderabad/1163,"Road 62, Charminar, Hyderabad",Charminar Restaurant 1163,No,Yes,3.3/5,24079,+91 9241853298,Charminar,Fine Dining,Pizza,Chinese,1000,"[('Rated 5.0','Good food and service')]",Mutton Biryani,Cafes,Hyderabad
https://www.zomato.com/hyderabad/1164,"Road 21, Kondapur, Hyderabad",Kondapur Restaurant 1164,No,Yes,4.1/5,2613,+91 9795286506,Kondapur,Fine Dining,Paneer Butter Masala,Chinese,300,"[('Rated 4.0','Good food and service')]",Paneer Butter Masala,Delivery,Hyderabad
https://www.zomato.com/hyderabad/1165,"Road 50, Madhapur, Hyderabad",Madhapur Restaurant 1165,No,No,3.5/5,20661,+91 9411701794,Madhapur,Casual Dining,Burger,"Mughlai, Biryani",400,"[('Rated 3.4','Good food and service')]",Chicken Biryani,Buffet,Hyderabad
https://www.zomato.com/hyderabad/1166,"Road 91, Jubilee Hills, Hyderabad",Jubilee Restaurant 1166,Yes,Yes,4.3/5,14636,+91 9485691365,Jubilee Hills,Bakery,Pizza,Chinese,300,"[('Rated 3.6','Good food and service')]",Burger,Cafes,Hyderabad
https://www.zomato.com/hyderabad/1167,"Road 85, Ameerpet, Hyderabad",Ameerpet Restaurant 1167,Yes,Yes,4.5/5,1552,+91 9433310777,Ameerpet,Casual Dining,Burger,"Bakery, Desserts",400,"[('Rated 3.5','Good food and service')]",Coffee,Buffet,Hyderabad
https://www.zomato.com/hyderabad/1168,"Road 64, Hitech City, Hyderabad",Hitech Restaurant 1168,No,Yes,3.4/5,8561,+91 9585968992,Hitech City,Cafe,Haleem,"Bakery, Desserts",1000,"[('Rated 3.4','Good food and service')]",Haleem,Desserts,Hyderabad
https://www.zomato.com/hyderabad/1169,"Road 22, Kukatpally, Hyderabad",Kukatpally Restaurant 1169,No,Yes,4.8/5,1557,+91 9772187422,Kukatpally,Casual Dining,Mutton Biryani,"Biryani, North Indian",1000,"[('Rated 3.3','Good food and service')]",Coffee,Delivery,Hyderabad
https://www.zomato.com/hyderabad/1170,"Road 63, Dilsukhnagar, Hyderabad",Dilsukhnagar Restaurant 1170,Yes,No,4.5/5,22601,+91 9132319810,Dilsukhnagar,Casual Dining,Pizza,"Biryani, North Indian",1200,"[('Rated 3.2','Good food and service')]",Paneer Butter Masala,Cafes,Hyderabad
https://www.zomato.com/hyderabad/1171,"Road 84, Kondapur, Hyderabad",Kondapur Restaurant 1171,Yes,Yes,3.2/5,10622,+91 9781562856,Kondapur,Quick Bites,Mutton Biryani,South Indian,1500,"[('Rated 4.1','Good food and service')]",Burger,Buffet,Hyderabad
https://www.zomato.com/hyderabad/1172,"Road 67, LB Nagar, Hyderabad",LB Restaurant 1172,Yes,No,4.3/5,6064,+91 9489611793,LB Nagar,Fine Dining,Masala Dosa,"Biryani, North Indian",1500,"[('Rated 4.0','Good food and service')]",Paneer Butter Masala,Cafes,Hyderabad
https://www.zomato.com/hyderabad/1173,"Road 95, Banjara Hills, Hyderabad",Banjara Restaurant 1173,No,Yes,3.8/5,10503,+91 9088679325,Banjara Hills,Fine Dining,Haleem,"Biryani, North Indian",1000,"[('Rated 4.3','Good food and service')]",Pizza,Desserts,Hyderabad
https://www.zomato.com/hyderabad/1174,"Road 97, Kondapur, Hyderabad",Kondapur Restaurant 1174,Yes,Yes,3.4/5,12412,+91 9698010488,Kondapur,Bakery,Mutton Biryani,Chinese,300,"[('Rated 4.0','Good food and service')]",Coffee,Dine-out,Hyderabad
https://www.zomato.com/hyderabad/1175,"Road 86, Ameerpet, Hyderabad",Ameerpet Restaurant 1175,Yes,No,3.2/5,4673,+91 9520873540,Ameerpet,Fine Dining,Masala Dosa,"Cafe, Beverages",300,"[('Rated 4.1','Good food and service')]",Chicken Biryani,Delivery,Hyderabad
https://www.zomato.com/hyderabad/1176,"Road 65, LB Nagar, Hyderabad",LB Restaurant 1176,No,No,3.8/5,2050,+91 9428966659,LB Nagar,Quick Bites,Mutton Biryani,Chinese,600,"[('Rated 3.2','Good food and service')]",Chicken Biryani,Delivery,Hyderabad
https://www.zomato.com/hyderabad/1177,"Road 37, Madhapur, Hyderabad",Madhapur Restaurant 1177,No,Yes,4.6/5,20161,+91 9149018414,Madhapur,Buffet,Pizza,Chinese,1500,"[('Rated 3.5','Good food and service')]",Mutton Biryani,Buffet,Hyderabad
https://www.zomato.com/hyderabad/1178,"Road 60, Kondapur, Hyderabad",Kondapur Restaurant 1178,Yes,Yes,3.9/5,1205,+91 9289175845,Kondapur,Quick Bites,Haleem,"Mughlai, Biryani",300,"[('Rated 4.5','Good food and service')]",Paneer Butter Masala,Delivery,Hyderabad
https://www.zomato.com/hyderabad/1179,"Road 38, Secunderabad, Hyderabad",Secunderabad Restaurant 1179,No,Yes,4.0/5,24412,+91 9801315625,Secunderabad,Casual Dining,Mutton Biryani,"Cafe, Beverages",1200,"[('Rated 4.5','Good food and service')]",Chicken Biryani,Desserts,Hyderabad
https://www.zomato.com/hyderabad/1180,"Road 15, Kondapur, Hyderabad",Kondapur Restaurant 1180,Yes,Yes,4.0/5,4538,+91 9189364328,Kondapur,Bakery,Paneer Butter Masala,"Biryani, North Indian",400,"[('Rated 3.2','Good food and service')]",Burger,Delivery,Hyderabad
https://www.zomato.com/hyderabad/1181,"Road 6, Tolichowki, Hyderabad",Tolichowki Restaurant 1181,Yes,No,4.2/5,3534,+91 9477294003,Tolichowki,Casual Dining,Pizza,"Cafe, Beverages",300,"[('Rated 3.5','Good food and service')]",Burger,Dine-out,Hyderabad
https://www.zomato.com/hyderabad/1182,"Road 56, Charminar, Hyderabad",Charminar Restaurant 1182,Yes,No,3.4/5,16240,+91 9277092145,Charminar,Casual Dining,Pizza,"Mughlai, Biryani",1500,"[('Rated 3.2','Good food and service')]",Pizza,Desserts,Hyderabad
https://www.zomato.com/hyderabad/1183,"Road 49, Tolichowki, Hyderabad",Tolichowki Restaurant 1183,Yes,No,4.5/5,11661,+91 9904187240,Tolichowki,Casual Dining,Pizza,"Cafe, Beverages",400,"[('Rated 3.6','Good food and service')]",Chicken Biryani,Cafes,Hyderabad
https://www.zomato.com/hyderabad/1184,"Road 28, Jubilee Hills, Hyderabad",Jubilee Restaurant 1184,Yes,Yes,4.7/5,4300,+91 9225536245,Jubilee Hills,Bakery,Paneer Butter Masala,"Mughlai, Biryani",600,"[('Rated 4.4','Good food and service')]",Coffee,Delivery,Hyderabad
https://www.zomato.com/hyderabad/1185,"Road 3, Ameerpet, Hyderabad",Ameerpet Restaurant 1185,Yes,No,4.8/5,22512,+91 9083464641,Ameerpet,Cafe,Haleem,Fast Food,800,"[('Rated 3.9','Good food and service')]",Coffee,Delivery,Hyderabad
https://www.zomato.com/hyderabad/1186,"Road 2, Secunderabad, Hyderabad",Secunderabad Restaurant 1186,No,Yes,4.3/5,8673,+91 9147279053,Secunderabad,Cafe,Pizza,South Indian,1000,"[('Rated 4.1','Good food and service')]",Chicken Biryani,Cafes,Hyderabad
https://www.zomato.com/hyderabad/1187,"Road 76, Madhapur, Hyderabad",Madhapur Restaurant 1187,No,Yes,4.6/5,20027,+91 9783446496,Madhapur,Quick Bites,Haleem,Chinese,300,"[('Rated 3.8','Good food and service')]",Mutton Biryani,Delivery,Hyderabad
https://www.zomato.com/hyderabad/1188,"Road 14, Dilsukhnagar, Hyderabad",Dilsukhnagar Restaurant 1188,No,No,4.1/5,10161,+91 9169596695,Dilsukhnagar,Buffet,Pizza,"Mughlai, Biryani",1000,"[('Rated 3.1','Good food and service')]",Haleem,Dine-out,Hyderabad
https://www.zomato.com/hyderabad/1189,"Road 45, Dilsukhnagar, Hyderabad",Dilsukhnagar Restaurant 1189,Yes,Yes,3.3/5,972,+91 9184161939,Dilsukhnagar,Bakery,Mutton Biryani,South Indian,500,"[('Rated 3.9','Good food and service')]",Coffee,Desserts,Hyderabad
https://www.zomato.com/hyderabad/1190,"Road 22, Madhapur, Hyderabad",Madhapur Restaurant 1190,Yes,No,4.1/5,12519,+91 9055251824,Madhapur,Buffet,Masala Dosa,"Cafe, Beverages",400,"[('Rated 4.4','Good food and service')]",Masala Dosa,Dine-out,Hyderabad
https://www.zomato.com/hyderabad/1191,"Road 55, Miyapur, Hyderabad",Miyapur Restaurant 1191,Yes,Yes,4.6/5,4553,+91 9019810341,Miyapur,Fine Dining,Haleem,"Mughlai, Biryani",500,"[('Rated 4.0','Good food and service')]",Masala Dosa,Delivery,Hyderabad
https://www.zomato.com/hyderabad/1192,"Road 41, LB Nagar, Hyderabad",LB Restaurant 1192,Yes,Yes,4.2/5,22480,+91 9379405407,LB Nagar,Fine Dining,Chicken Biryani,"Biryani, North Indian",400,"[('Rated 3.5','Good food and service')]",Masala Dosa,Buffet,Hyderabad
https://www.zomato.com/hyderabad/1193,"Road 15, LB Nagar, Hyderabad",LB Restaurant 1193,No,No,4.3/5,19564,+91 9798759166,LB Nagar,Cafe,Paneer Butter Masala,Fast Food,800,"[('Rated 5.0','Good food and service')]",Coffee,Desserts,Hyderabad
https://www.zomato.com/hyderabad/1194,"Road 64, Miyapur, Hyderabad",Miyapur Restaurant 1194,No,Yes,4.7/5,18885,+91 9911822628,Miyapur,Quick Bites,Masala Dosa,Chinese,400,"[('Rated 4.3','Good food and service')]",Burger,Delivery,Hyderabad
https://www.zomato.com/hyderabad/1195,"Road 63, Gachibowli, Hyderabad",Gachibowli Restaurant 1195,Yes,Yes,3.3/5,20343,+91 9249148575,Gachibowli,Bakery,Paneer Butter Masala,"Bakery, Desserts",1500,"[('Rated 3.8','Good food and service')]",Paneer Butter Masala,Desserts,Hyderabad
https://www.zomato.com/hyderabad/1196,"Road 25, Ameerpet, Hyderabad",Ameerpet Restaurant 1196,No,No,3.7/5,7823,+91 9358134791,Ameerpet,Buffet,Burger,"Cafe, Beverages",500,"[('Rated 4.6','Good food and service')]",Burger,Desserts,Hyderabad
https://www.zomato.com/hyderabad/1197,"Road 58, Dilsukhnagar, Hyderabad",Dilsukhnagar Restaurant 1197,Yes,Yes,4.4/5,361,+91 9062516509,Dilsukhnagar,Buffet,Pizza,"Biryani, North Indian",400,"[('Rated 3.8','Good food and service')]",Haleem,Desserts,Hyderabad
https://www.zomato.com/hyderabad/1198,"Road 72, Hitech City, Hyderabad",Hitech Restaurant 1198,No,Yes,3.3/5,13999,+91 9948456411,Hitech City,Bakery,Burger,"Biryani, North Indian",600,"[('Rated 4.3','Good food and service')]",Burger,Desserts,Hyderabad
https://www.zomato.com/hyderabad/1199,"Road 61, Jubilee Hills, Hyderabad",Jubilee Restaurant 1199,Yes,Yes,3.3/5,24697,+91 9891956103,Jubilee Hills,Fine Dining,Chicken Biryani,"Bakery, Desserts",1000,"[('Rated 3.7','Good food and service')]",Masala Dosa,Delivery,Hyderabad
https://www.zomato.com/hyderabad/1200,"Road 59, Kukatpally, Hyderabad",Kukatpally Restaurant 1200,No,Yes,4.6/5,2667,+91 9379581529,Kukatpally,Fine Dining,Paneer Butter Masala,"Cafe, Beverages",1200,"[('Rated 3.8','Good food and service')]",Burger,Desserts,Hyderabad
https://www.zomato.com/hyderabad/1201,"Road 55, Begumpet, Hyderabad",Begumpet Restaurant 1201,No,No,4.4/5,10144,+91 9123874187,Begumpet,Fine Dining,Burger,"Bakery, Desserts",600,"[('Rated 4.6','Good food and service')]",Pizza,Cafes,Hyderabad
https://www.zomato.com/hyderabad/1202,"Road 54, Secunderabad, Hyderabad",Secunderabad Restaurant 1202,No,Yes,4.4/5,20788,+91 9538457572,Secunderabad,Casual Dining,Coffee,"Bakery, Desserts",600,"[('Rated 4.5','Good food and service')]",Haleem,Desserts,Hyderabad
https://www.zomato.com/hyderabad/1203,"Road 33, Begumpet, Hyderabad",Begumpet Restaurant 1203,Yes,Yes,3.7/5,8766,+91 9358060445,Begumpet,Cafe,Burger,"Bakery, Desserts",500,"[('Rated 4.6','Good food and service')]",Burger,Cafes,Hyderabad
https://www.zomato.com/hyderabad/1204,"Road 1, Ameerpet, Hyderabad",Ameerpet Restaurant 1204,No,No,4.7/5,12641,+91 9330077844,Ameerpet,Casual Dining,Haleem,Chinese,800,"[('Rated 4.5','Good food and service')]",Chicken Biryani,Buffet,Hyderabad
https://www.zomato.com/hyderabad/1205,"Road 78, Banjara Hills, Hyderabad",Banjara Restaurant 1205,No,Yes,3.8/5,4661,+91 9183240360,Banjara Hills,Cafe,Burger,"Bakery, Desserts",1000,"[('Rated 4.7','Good food and service')]",Masala Dosa,Delivery,Hyderabad
https://www.zomato.com/hyderabad/1206,"Road 91, Miyapur, Hyderabad",Miyapur Restaurant 1206,No,No,3.3/5,3911,+91 9835383144,Miyapur,Buffet,Burger,South Indian,1500,"[('Rated 3.7','Good food and service')]",Coffee,Buffet,Hyderabad
https://www.zomato.com/hyderabad/1207,"Road 6, Dilsukhnagar, Hyderabad",Dilsukhnagar Restaurant 1207,Yes,No,4.8/5,855,+91 9679013657,Dilsukhnagar,Fine Dining,Coffee,"Mughlai, Biryani",1200,"[('Rated 3.2','Good food and service')]",Burger,Delivery,Hyderabad
https://www.zomato.com/hyderabad/1208,"Road 27, Madhapur, Hyderabad",Madhapur Restaurant 1208,No,Yes,4.0/5,5602,+91 9895823275,Madhapur,Casual Dining,Masala Dosa,"Cafe, Beverages",800,"[('Rated 4.0','Good food and service')]",Mutton Biryani,Delivery,Hyderabad
https://www.zomato.com/hyderabad/1209,"Road 23, Dilsukhnagar, Hyderabad",Dilsukhnagar Restaurant 1209,No,No,4.1/5,9376,+91 9536564332,Dilsukhnagar,Quick Bites,Coffee,South Indian,1500,"[('Rated 5.0','Good food and service')]",Pizza,Buffet,Hyderabad
https://www.zomato.com/hyderabad/1210,"Road 8, Gachibowli, Hyderabad",Gachibowli Restaurant 1210,Yes,No,3.9/5,12477,+91 9249703548,Gachibowli,Quick Bites,Paneer Butter Masala,"Mughlai, Biryani",1200,"[('Rated 3.4','Good food and service')]",Mutton Biryani,Dine-out,Hyderabad
https://www.zomato.com/hyderabad/1211,"Road 8, Jubilee Hills, Hyderabad",Jubilee Restaurant 1211,Yes,Yes,3.3/5,4619,+91 9021825220,Jubilee Hills,Cafe,Haleem,Chinese,1000,"[('Rated 3.8','Good food and service')]",Mutton Biryani,Buffet,Hyderabad
https://www.zomato.com/hyderabad/1212,"Road 43, Tolichowki, Hyderabad",Tolichowki Restaurant 1212,Yes,Yes,3.5/5,15657,+91 9848271194,Tolichowki,Casual Dining,Paneer Butter Masala,Chinese,1500,"[('Rated 3.6','Good food and service')]",Masala Dosa,Buffet,Hyderabad
https://www.zomato.com/hyderabad/1213,"Road 59, Dilsukhnagar, Hyderabad",Dilsukhnagar Restaurant 1213,Yes,Yes,3.3/5,23422,+91 9382011418,Dilsukhnagar,Casual Dining,Burger,"Mughlai, Biryani",500,"[('Rated 4.4','Good food and service')]",Masala Dosa,Desserts,Hyderabad
https://www.zomato.com/hyderabad/1214,"Road 67, Gachibowli, Hyderabad",Gachibowli Restaurant 1214,Yes,No,3.4/5,3434,+91 9065092200,Gachibowli,Bakery,Burger,"Bakery, Desserts",600,"[('Rated 4.2','Good food and service')]",Burger,Delivery,Hyderabad
https://www.zomato.com/hyderabad/1215,"Road 51, Dilsukhnagar, Hyderabad",Dilsukhnagar Restaurant 1215,No,Yes,4.6/5,5932,+91 9292571660,Dilsukhnagar,Casual Dining,Coffee,"Biryani, North Indian",600,"[('Rated 3.6','Good food and service')]",Haleem,Delivery,Hyderabad
https://www.zomato.com/hyderabad/1216,"Road 68, Ameerpet, Hyderabad",Ameerpet Restaurant 1216,Yes,No,4.8/5,10077,+91 9120794629,Ameerpet,Buffet,Masala Dosa,Fast Food,500,"[('Rated 3.7','Good food and service')]",Masala Dosa,Delivery,Hyderabad
https://www.zomato.com/hyderabad/1217,"Road 8, Secunderabad, Hyderabad",Secunderabad Restaurant 1217,No,Yes,4.6/5,13828,+91 9874994874,Secunderabad,Cafe,Masala Dosa,"Biryani, North Indian",600,"[('Rated 3.6','Good food and service')]",Coffee,Delivery,Hyderabad
https://www.zomato.com/hyderabad/1218,"Road 91, Ameerpet, Hyderabad",Ameerpet Restaurant 1218,No,Yes,4.6/5,23230,+91 9795481640,Ameerpet,Buffet,Paneer Butter Masala,"Mughlai, Biryani",300,"[('Rated 3.7','Good food and service')]",Pizza,Buffet,Hyderabad
https://www.zomato.com/hyderabad/1219,"Road 18, Kondapur, Hyderabad",Kondapur Restaurant 1219,Yes,No,3.7/5,2784,+91 9611939475,Kondapur,Cafe,Pizza,"Bakery, Desserts",600,"[('Rated 3.9','Good food and service')]",Masala Dosa,Desserts,Hyderabad
https://www.zomato.com/hyderabad/1220,"Road 22, Kondapur, Hyderabad",Kondapur Restaurant 1220,No,Yes,4.5/5,3288,+91 9587068304,Kondapur,Bakery,Paneer Butter Masala,"Mughlai, Biryani",1000,"[('Rated 3.1','Good food and service')]",Paneer Butter Masala,Buffet,Hyderabad
https://www.zomato.com/hyderabad/1221,"Road 17, Madhapur, Hyderabad",Madhapur Restaurant 1221,Yes,No,3.5/5,22376,+91 9182625132,Madhapur,Buffet,Chicken Biryani,"Biryani, North Indian",500,"[('Rated 3.9','Good food and service')]",Burger,Buffet,Hyderabad
https://www.zomato.com/hyderabad/1222,"Road 15, Ameerpet, Hyderabad",Ameerpet Restaurant 1222,Yes,No,3.8/5,19032,+91 9435846457,Ameerpet,Bakery,Chicken Biryani,Chinese,800,"[('Rated 4.8','Good food and service')]",Coffee,Cafes,Hyderabad
https://www.zomato.com/hyderabad/1223,"Road 10, Tolichowki, Hyderabad",Tolichowki Restaurant 1223,Yes,No,4.0/5,24815,+91 9004898208,Tolichowki,Casual Dining,Chicken Biryani,"Biryani, North Indian",600,"[('Rated 3.5','Good food and service')]",Coffee,Desserts,Hyderabad
https://www.zomato.com/hyderabad/1224,"Road 17, Begumpet, Hyderabad",Begumpet Restaurant 1224,Yes,No,4.7/5,8251,+91 9343698613,Begumpet,Bakery,Haleem,"Mughlai, Biryani",1500,"[('Rated 3.1','Good food and service')]",Pizza,Desserts,Hyderabad
https://www.zomato.com/hyderabad/1225,"Road 57, Gachibowli, Hyderabad",Gachibowli Restaurant 1225,Yes,No,3.3/5,11772,+91 9362912133,Gachibowli,Fine Dining,Coffee,Fast Food,500,"[('Rated 4.9','Good food and service')]",Coffee,Buffet,Hyderabad
https://www.zomato.com/hyderabad/1226,"Road 66, Ameerpet, Hyderabad",Ameerpet Restaurant 1226,Yes,Yes,4.6/5,8853,+91 9666501390,Ameerpet,Bakery,Haleem,Chinese,400,"[('Rated 4.5','Good food and service')]",Mutton Biryani,Buffet,Hyderabad
https://www.zomato.com/hyderabad/1227,"Road 87, Begumpet, Hyderabad",Begumpet Restaurant 1227,Yes,Yes,4.1/5,4922,+91 9503336699,Begumpet,Cafe,Burger,South Indian,1500,"[('Rated 3.3','Good food and service')]",Paneer Butter Masala,Dine-out,Hyderabad
https://www.zomato.com/hyderabad/1228,"Road 95, Begumpet, Hyderabad",Begumpet Restaurant 1228,No,No,4.2/5,6014,+91 9505947345,Begumpet,Quick Bites,Chicken Biryani,South Indian,1500,"[('Rated 3.2','Good food and service')]",Haleem,Dine-out,Hyderabad
https://www.zomato.com/hyderabad/1229,"Road 32, Gachibowli, Hyderabad",Gachibowli Restaurant 1229,No,Yes,3.4/5,5348,+91 9158520556,Gachibowli,Cafe,Masala Dosa,Chinese,600,"[('Rated 4.5','Good food and service')]",Chicken Biryani,Cafes,Hyderabad
https://www.zomato.com/hyderabad/1230,"Road 29, Tolichowki, Hyderabad",Tolichowki Restaurant 1230,No,Yes,3.8/5,11351,+91 9160569004,Tolichowki,Buffet,Burger,South Indian,500,"[('Rated 3.1','Good food and service')]",Paneer Butter Masala,Dine-out,Hyderabad
https://www.zomato.com/hyderabad/1231,"Road 57, Dilsukhnagar, Hyderabad",Dilsukhnagar Restaurant 1231,Yes,No,4.4/5,15891,+91 9617468268,Dilsukhnagar,Quick Bites,Chicken Biryani,Fast Food,600,"[('Rated 4.0','Good food and service')]",Haleem,Desserts,Hyderabad
https://www.zomato.com/hyderabad/1232,"Road 70, Kondapur, Hyderabad",Kondapur Restaurant 1232,No,Yes,4.7/5,7756,+91 9226916734,Kondapur,Quick Bites,Coffee,"Bakery, Desserts",800,"[('Rated 4.4','Good food and service')]",Haleem,Buffet,Hyderabad
https://www.zomato.com/hyderabad/1233,"Road 98, LB Nagar, Hyderabad",LB Restaurant 1233,Yes,No,4.2/5,21351,+91 9248747265,LB Nagar,Buffet,Burger,"Bakery, Desserts",600,"[('Rated 4.8','Good food and service')]",Coffee,Desserts,Hyderabad
https://www.zomato.com/hyderabad/1234,"Road 45, Begumpet, Hyderabad",Begumpet Restaurant 1234,Yes,No,4.8/5,16013,+91 9272882010,Begumpet,Buffet,Mutton Biryani,"Biryani, North Indian",400,"[('Rated 4.1','Good food and service')]",Burger,Buffet,Hyderabad
https://www.zomato.com/hyderabad/1235,"Road 67, Gachibowli, Hyderabad",Gachibowli Restaurant 1235,Yes,No,4.0/5,14567,+91 9987326185,Gachibowli,Casual Dining,Chicken Biryani,"Mughlai, Biryani",400,"[('Rated 4.4','Good food and service')]",Haleem,Dine-out,Hyderabad
https://www.zomato.com/hyderabad/1236,"Road 9, Gachibowli, Hyderabad",Gachibowli Restaurant 1236,No,Yes,4.8/5,11886,+91 9948929007,Gachibowli,Buffet,Haleem,South Indian,1000,"[('Rated 3.9','Good food and service')]",Coffee,Cafes,Hyderabad
https://www.zomato.com/hyderabad/1237,"Road 61, Secunderabad, Hyderabad",Secunderabad Restaurant 1237,No,No,3.8/5,6055,+91 9687125389,Secunderabad,Bakery,Pizza,"Cafe, Beverages",1500,"[('Rated 4.2','Good food and service')]",Mutton Biryani,Buffet,Hyderabad
https://www.zomato.com/hyderabad/1238,"Road 82, Dilsukhnagar, Hyderabad",Dilsukhnagar Restaurant 1238,No,Yes,3.4/5,13385,+91 9855875101,Dilsukhnagar,Bakery,Burger,"Cafe, Beverages",300,"[('Rated 4.0','Good food and service')]",Chicken Biryani,Dine-out,Hyderabad
https://www.zomato.com/hyderabad/1239,"Road 8, Kondapur, Hyderabad",Kondapur Restaurant 1239,Yes,No,3.6/5,1786,+91 9348259560,Kondapur,Fine Dining,Masala Dosa,Chinese,1200,"[('Rated 3.9','Good food and service')]",Pizza,Dine-out,Hyderabad
https://www.zomato.com/hyderabad/1240,"Road 80, Tolichowki, Hyderabad",Tolichowki Restaurant 1240,No,No,4.1/5,20598,+91 9056227874,Tolichowki,Casual Dining,Coffee,South Indian,600,"[('Rated 5.0','Good food and service')]",Coffee,Desserts,Hyderabad
https://www.zomato.com/hyderabad/1241,"Road 55, Dilsukhnagar, Hyderabad",Dilsukhnagar Restaurant 1241,Yes,Yes,4.2/5,19379,+91 9563077592,Dilsukhnagar,Buffet,Paneer Butter Masala,Fast Food,500,"[('Rated 3.0','Good food and service')]",Burger,Dine-out,Hyderabad
https://www.zomato.com/hyderabad/1242,"Road 55, Gachibowli, Hyderabad",Gachibowli Restaurant 1242,Yes,Yes,4.4/5,11271,+91 9740296384,Gachibowli,Cafe,Paneer Butter Masala,"Biryani, North Indian",500,"[('Rated 3.8','Good food and service')]",Chicken Biryani,Buffet,Hyderabad
https://www.zomato.com/hyderabad/1243,"Road 3, Madhapur, Hyderabad",Madhapur Restaurant 1243,No,Yes,4.5/5,8838,+91 9607145102,Madhapur,Quick Bites,Coffee,Fast Food,600,"[('Rated 4.7','Good food and service')]",Burger,Delivery,Hyderabad
https://www.zomato.com/hyderabad/1244,"Road 2, Ameerpet, Hyderabad",Ameerpet Restaurant 1244,No,No,4.1/5,23659,+91 9506583740,Ameerpet,Bakery,Haleem,Chinese,400,"[('Rated 4.5','Good food and service')]",Burger,Buffet,Hyderabad
https://www.zomato.com/hyderabad/1245,"Road 96, LB Nagar, Hyderabad",LB Restaurant 1245,No,No,4.2/5,11165,+91 9678136391,LB Nagar,Fine Dining,Mutton Biryani,South Indian,1500,"[('Rated 3.5','Good food and service')]",Pizza,Dine-out,Hyderabad
https://www.zomato.com/hyderabad/1246,"Road 27, Dilsukhnagar, Hyderabad",Dilsukhnagar Restaurant 1246,Yes,Yes,4.7/5,19719,+91 9529101026,Dilsukhnagar,Fine Dining,Mutton Biryani,"Biryani, North Indian",800,"[('Rated 4.5','Good food and service')]",Chicken Biryani,Desserts,Hyderabad
https://www.zomato.com/hyderabad/1247,"Road 70, Charminar, Hyderabad",Charminar Restaurant 1247,No,No,4.2/5,6802,+91 9757988117,Charminar,Fine Dining,Coffee,"Mughlai, Biryani",1000,"[('Rated 3.7','Good food and service')]",Masala Dosa,Buffet,Hyderabad
https://www.zomato.com/hyderabad/1248,"Road 96, Charminar, Hyderabad",Charminar Restaurant 1248,No,Yes,3.6/5,5000,+91 9281518919,Charminar,Casual Dining,Mutton Biryani,"Mughlai, Biryani",1500,"[('Rated 4.4','Good food and service')]",Haleem,Cafes,Hyderabad
https://www.zomato.com/hyderabad/1249,"Road 82, Banjara Hills, Hyderabad",Banjara Restaurant 1249,No,Yes,4.3/5,13277,+91 9087528544,Banjara Hills,Buffet,Haleem,Fast Food,600,"[('Rated 4.8','Good food and service')]",Paneer Butter Masala,Desserts,Hyderabad
https://www.zomato.com/hyderabad/1250,"Road 48, Ameerpet, Hyderabad",Ameerpet Restaurant 1250,Yes,No,4.1/5,17115,+91 9710458406,Ameerpet,Bakery,Burger,Fast Food,1500,"[('Rated 3.6','Good food and service')]",Pizza,Buffet,Hyderabad
https://www.zomato.com/hyderabad/1251,"Road 69, Dilsukhnagar, Hyderabad",Dilsukhnagar Restaurant 1251,No,Yes,3.3/5,8134,+91 9702780310,Dilsukhnagar,Buffet,Haleem,"Bakery, Desserts",300,"[('Rated 3.6','Good food and service')]",Pizza,Buffet,Hyderabad
https://www.zomato.com/hyderabad/1252,"Road 71, Charminar, Hyderabad",Charminar Restaurant 1252,No,No,3.4/5,12090,+91 9507316649,Charminar,Cafe,Burger,"Mughlai, Biryani",300,"[('Rated 5.0','Good food and service')]",Mutton Biryani,Buffet,Hyderabad
https://www.zomato.com/hyderabad/1253,"Road 10, Madhapur, Hyderabad",Madhapur Restaurant 1253,Yes,Yes,4.1/5,11985,+91 9079933562,Madhapur,Bakery,Burger,"Mughlai, Biryani",1200,"[('Rated 4.5','Good food and service')]",Burger,Dine-out,Hyderabad
https://www.zomato.com/hyderabad/1254,"Road 25, Kondapur, Hyderabad",Kondapur Restaurant 1254,Yes,Yes,3.6/5,5883,+91 9092914570,Kondapur,Bakery,Masala Dosa,Fast Food,400,"[('Rated 4.1','Good food and service')]",Mutton Biryani,Buffet,Hyderabad
https://www.zomato.com/hyderabad/1255,"Road 96, Tolichowki, Hyderabad",Tolichowki Restaurant 1255,No,No,3.6/5,17653,+91 9596029644,Tolichowki,Bakery,Chicken Biryani,"Biryani, North Indian",1000,"[('Rated 3.7','Good food and service')]",Masala Dosa,Buffet,Hyderabad
https://www.zomato.com/hyderabad/1256,"Road 79, Kukatpally, Hyderabad",Kukatpally Restaurant 1256,No,No,4.5/5,14490,+91 9393727393,Kukatpally,Cafe,Pizza,"Bakery, Desserts",1500,"[('Rated 3.9','Good food and service')]",Burger,Cafes,Hyderabad
https://www.zomato.com/hyderabad/1257,"Road 52, Ameerpet, Hyderabad",Ameerpet Restaurant 1257,No,No,4.1/5,22230,+91 9833598601,Ameerpet,Casual Dining,Masala Dosa,"Bakery, Desserts",1000,"[('Rated 3.4','Good food and service')]",Coffee,Delivery,Hyderabad
https://www.zomato.com/hyderabad/1258,"Road 40, Charminar, Hyderabad",Charminar Restaurant 1258,No,No,4.3/5,6985,+91 9507345915,Charminar,Fine Dining,Pizza,South Indian,400,"[('Rated 4.4','Good food and service')]",Paneer Butter Masala,Buffet,Hyderabad
https://www.zomato.com/hyderabad/1259,"Road 27, Charminar, Hyderabad",Charminar Restaurant 1259,No,Yes,4.5/5,9707,+91 9257631333,Charminar,Buffet,Chicken Biryani,Chinese,600,"[('Rated 4.2','Good food and service')]",Coffee,Dine-out,Hyderabad
https://www.zomato.com/hyderabad/1260,"Road 68, LB Nagar, Hyderabad",LB Restaurant 1260,No,No,4.8/5,21159,+91 9326479117,LB Nagar,Quick Bites,Paneer Butter Masala,Chinese,500,"[('Rated 3.5','Good food and service')]",Coffee,Desserts,Hyderabad
https://www.zomato.com/hyderabad/1261,"Road 8, Charminar, Hyderabad",Charminar Restaurant 1261,No,No,4.0/5,7603,+91 9490316952,Charminar,Fine Dining,Coffee,"Mughlai, Biryani",1200,"[('Rated 4.5','Good food and service')]",Haleem,Cafes,Hyderabad
https://www.zomato.com/hyderabad/1262,"Road 13, Miyapur, Hyderabad",Miyapur Restaurant 1262,Yes,Yes,3.3/5,9499,+91 9790545946,Miyapur,Buffet,Pizza,"Bakery, Desserts",800,"[('Rated 4.5','Good food and service')]",Chicken Biryani,Delivery,Hyderabad
https://www.zomato.com/hyderabad/1263,"Road 10, Miyapur, Hyderabad",Miyapur Restaurant 1263,Yes,Yes,3.3/5,8083,+91 9174240329,Miyapur,Cafe,Mutton Biryani,South Indian,1000,"[('Rated 4.2','Good food and service')]",Burger,Buffet,Hyderabad
https://www.zomato.com/hyderabad/1264,"Road 1, Kukatpally, Hyderabad",Kukatpally Restaurant 1264,Yes,Yes,3.3/5,3373,+91 9615110508,Kukatpally,Buffet,Pizza,Fast Food,600,"[('Rated 4.7','Good food and service')]",Masala Dosa,Cafes,Hyderabad
https://www.zomato.com/hyderabad/1265,"Road 6, Miyapur, Hyderabad",Miyapur Restaurant 1265,Yes,Yes,4.1/5,22925,+91 9049775330,Miyapur,Fine Dining,Coffee,Chinese,1000,"[('Rated 3.3','Good food and service')]",Burger,Delivery,Hyderabad
https://www.zomato.com/hyderabad/1266,"Road 7, LB Nagar, Hyderabad",LB Restaurant 1266,No,Yes,4.1/5,307,+91 9797938175,LB Nagar,Casual Dining,Pizza,"Biryani, North Indian",600,"[('Rated 4.4','Good food and service')]",Haleem,Buffet,Hyderabad
https://www.zomato.com/hyderabad/1267,"Road 82, LB Nagar, Hyderabad",LB Restaurant 1267,No,Yes,4.1/5,18250,+91 9673744901,LB Nagar,Buffet,Pizza,Fast Food,300,"[('Rated 4.0','Good food and service')]",Burger,Buffet,Hyderabad
https://www.zomato.com/hyderabad/1268,"Road 85, Kukatpally, Hyderabad",Kukatpally Restaurant 1268,No,Yes,4.1/5,18020,+91 9916069689,Kukatpally,Casual Dining,Haleem,"Biryani, North Indian",1000,"[('Rated 4.4','Good food and service')]",Pizza,Desserts,Hyderabad
https://www.zomato.com/hyderabad/1269,"Road 27, Miyapur, Hyderabad",Miyapur Restaurant 1269,No,Yes,3.9/5,20371,+91 9872786107,Miyapur,Casual Dining,Pizza,"Bakery, Desserts",600,"[('Rated 4.5','Good food and service')]",Mutton Biryani,Desserts,Hyderabad
https://www.zomato.com/hyderabad/1270,"Road 66, Jubilee Hills, Hyderabad",Jubilee Restaurant 1270,No,No,3.9/5,16191,+91 9577299211,Jubilee Hills,Buffet,Mutton Biryani,South Indian,300,"[('Rated 3.0','Good food and service')]",Coffee,Dine-out,Hyderabad
https://www.zomato.com/hyderabad/1271,"Road 99, Secunderabad, Hyderabad",Secunderabad Restaurant 1271,No,No,4.5/5,21705,+91 9682878860,Secunderabad,Casual Dining,Chicken Biryani,"Biryani, North Indian",800,"[('Rated 4.2','Good food and service')]",Masala Dosa,Desserts,Hyderabad
https://www.zomato.com/hyderabad/1272,"Road 12, Madhapur, Hyderabad",Madhapur Restaurant 1272,Yes,Yes,4.7/5,16754,+91 9029382795,Madhapur,Fine Dining,Pizza,"Cafe, Beverages",500,"[('Rated 3.2','Good food and service')]",Chicken Biryani,Buffet,Hyderabad
https://www.zomato.com/hyderabad/1273,"Road 52, Ameerpet, Hyderabad",Ameerpet Restaurant 1273,Yes,Yes,3.9/5,24087,+91 9684026601,Ameerpet,Bakery,Haleem,Chinese,600,"[('Rated 4.4','Good food and service')]",Mutton Biryani,Desserts,Hyderabad
https://www.zomato.com/hyderabad/1274,"Road 39, Begumpet, Hyderabad",Begumpet Restaurant 1274,No,Yes,4.4/5,22282,+91 9311583048,Begumpet,Fine Dining,Mutton Biryani,Fast Food,600,"[('Rated 3.2','Good food and service')]",Haleem,Dine-out,Hyderabad
https://www.zomato.com/hyderabad/1275,"Road 2, Kondapur, Hyderabad",Kondapur Restaurant 1275,Yes,Yes,3.3/5,19112,+91 9333257068,Kondapur,Casual Dining,Paneer Butter Masala,"Bakery, Desserts",1000,"[('Rated 3.2','Good food and service')]",Mutton Biryani,Cafes,Hyderabad
https://www.zomato.com/hyderabad/1276,"Road 10, Ameerpet, Hyderabad",Ameerpet Restaurant 1276,Yes,Yes,4.6/5,6343,+91 9592080253,Ameerpet,Buffet,Masala Dosa,South Indian,1500,"[('Rated 3.5','Good food and service')]",Masala Dosa,Buffet,Hyderabad
https://www.zomato.com/hyderabad/1277,"Road 48, Ameerpet, Hyderabad",Ameerpet Restaurant 1277,No,No,4.2/5,20812,+91 9857365260,Ameerpet,Fine Dining,Pizza,"Biryani, North Indian",1200,"[('Rated 4.3','Good food and service')]",Pizza,Buffet,Hyderabad
https://www.zomato.com/hyderabad/1278,"Road 50, Tolichowki, Hyderabad",Tolichowki Restaurant 1278,No,No,3.8/5,10810,+91 9776506878,Tolichowki,Fine Dining,Haleem,Fast Food,800,"[('Rated 3.4','Good food and service')]",Coffee,Delivery,Hyderabad
https://www.zomato.com/hyderabad/1279,"Road 59, Miyapur, Hyderabad",Miyapur Restaurant 1279,Yes,No,3.3/5,228,+91 9707454322,Miyapur,Cafe,Paneer Butter Masala,Chinese,1200,"[('Rated 5.0','Good food and service')]",Paneer Butter Masala,Buffet,Hyderabad
https://www.zomato.com/hyderabad/1280,"Road 18, LB Nagar, Hyderabad",LB Restaurant 1280,Yes,No,3.3/5,14254,+91 9735038036,LB Nagar,Fine Dining,Mutton Biryani,"Cafe, Beverages",1000,"[('Rated 3.7','Good food and service')]",Coffee,Buffet,Hyderabad
https://www.zomato.com/hyderabad/1281,"Road 63, Tolichowki, Hyderabad",Tolichowki Restaurant 1281,Yes,Yes,3.3/5,23488,+91 9802570597,Tolichowki,Casual Dining,Chicken Biryani,"Mughlai, Biryani",400,"[('Rated 3.9','Good food and service')]",Masala Dosa,Desserts,Hyderabad
https://www.zomato.com/hyderabad/1282,"Road 86, Dilsukhnagar, Hyderabad",Dilsukhnagar Restaurant 1282,No,No,4.4/5,13944,+91 9828547008,Dilsukhnagar,Fine Dining,Paneer Butter Masala,"Biryani, North Indian",800,"[('Rated 3.1','Good food and service')]",Mutton Biryani,Dine-out,Hyderabad
https://www.zomato.com/hyderabad/1283,"Road 3, Gachibowli, Hyderabad",Gachibowli Restaurant 1283,Yes,No,4.5/5,9492,+91 9956829121,Gachibowli,Casual Dining,Chicken Biryani,"Cafe, Beverages",300,"[('Rated 3.0','Good food and service')]",Chicken Biryani,Desserts,Hyderabad
https://www.zomato.com/hyderabad/1284,"Road 39, Kondapur, Hyderabad",Kondapur Restaurant 1284,Yes,Yes,4.8/5,21924,+91 9899887180,Kondapur,Quick Bites,Paneer Butter Masala,"Cafe, Beverages",500,"[('Rated 3.7','Good food and service')]",Chicken Biryani,Delivery,Hyderabad
https://www.zomato.com/hyderabad/1285,"Road 84, Ameerpet, Hyderabad",Ameerpet Restaurant 1285,No,Yes,4.2/5,5790,+91 9206444427,Ameerpet,Buffet,Chicken Biryani,Chinese,1000,"[('Rated 3.0','Good food and service')]",Paneer Butter Masala,Dine-out,Hyderabad
https://www.zomato.com/hyderabad/1286,"Road 52, Secunderabad, Hyderabad",Secunderabad Restaurant 1286,No,No,4.3/5,15280,+91 9023304530,Secunderabad,Fine Dining,Masala Dosa,Fast Food,500,"[('Rated 4.0','Good food and service')]",Masala Dosa,Dine-out,Hyderabad
https://www.zomato.com/hyderabad/1287,"Road 39, Jubilee Hills, Hyderabad",Jubilee Restaurant 1287,Yes,No,3.4/5,4780,+91 9715131257,Jubilee Hills,Buffet,Paneer Butter Masala,South Indian,1500,"[('Rated 3.9','Good food and service')]",Masala Dosa,Buffet,Hyderabad
https://www.zomato.com/hyderabad/1288,"Road 43, Hitech City, Hyderabad",Hitech Restaurant 1288,Yes,No,4.2/5,20825,+91 9918191297,Hitech City,Quick Bites,Chicken Biryani,"Mughlai, Biryani",800,"[('Rated 3.5','Good food and service')]",Chicken Biryani,Dine-out,Hyderabad
https://www.zomato.com/hyderabad/1289,"Road 33, Secunderabad, Hyderabad",Secunderabad Restaurant 1289,No,No,3.7/5,11147,+91 9673511192,Secunderabad,Fine Dining,Masala Dosa,South Indian,400,"[('Rated 4.3','Good food and service')]",Coffee,Desserts,Hyderabad
https://www.zomato.com/hyderabad/1290,"Road 33, Kondapur, Hyderabad",Kondapur Restaurant 1290,No,No,4.3/5,15436,+91 9407260986,Kondapur,Fine Dining,Pizza,"Cafe, Beverages",1000,"[('Rated 4.4','Good food and service')]",Paneer Butter Masala,Cafes,Hyderabad
https://www.zomato.com/hyderabad/1291,"Road 14, Madhapur, Hyderabad",Madhapur Restaurant 1291,No,No,4.6/5,20286,+91 9942779792,Madhapur,Fine Dining,Paneer Butter Masala,South Indian,500,"[('Rated 3.4','Good food and service')]",Haleem,Desserts,Hyderabad
https://www.zomato.com/hyderabad/1292,"Road 66, Gachibowli, Hyderabad",Gachibowli Restaurant 1292,Yes,Yes,4.3/5,22215,+91 9672693284,Gachibowli,Quick Bites,Haleem,"Biryani, North Indian",800,"[('Rated 3.7','Good food and service')]",Masala Dosa,Desserts,Hyderabad
https://www.zomato.com/hyderabad/1293,"Road 98, Jubilee Hills, Hyderabad",Jubilee Restaurant 1293,No,Yes,4.1/5,19097,+91 9582464074,Jubilee Hills,Quick Bites,Chicken Biryani,"Bakery, Desserts",300,"[('Rated 4.7','Good food and service')]",Mutton Biryani,Buffet,Hyderabad
https://www.zomato.com/hyderabad/1294,"Road 43, Charminar, Hyderabad",Charminar Restaurant 1294,Yes,No,4.6/5,16039,+91 9660481381,Charminar,Bakery,Coffee,South Indian,1200,"[('Rated 4.0','Good food and service')]",Mutton Biryani,Dine-out,Hyderabad
https://www.zomato.com/hyderabad/1295,"Road 9, Charminar, Hyderabad",Charminar Restaurant 1295,Yes,No,3.5/5,20632,+91 9491488288,Charminar,Casual Dining,Paneer Butter Masala,Chinese,300,"[('Rated 4.6','Good food and service')]",Pizza,Dine-out,Hyderabad
https://www.zomato.com/hyderabad/1296,"Road 5, Kondapur, Hyderabad",Kondapur Restaurant 1296,Yes,No,4.5/5,17135,+91 9293940172,Kondapur,Buffet,Burger,"Cafe, Beverages",1000,"[('Rated 4.4','Good food and service')]",Masala Dosa,Desserts,Hyderabad
https://www.zomato.com/hyderabad/1297,"Road 56, Miyapur, Hyderabad",Miyapur Restaurant 1297,No,Yes,4.1/5,5163,+91 9024500582,Miyapur,Buffet,Burger,"Cafe, Beverages",400,"[('Rated 4.7','Good food and service')]",Chicken Biryani,Buffet,Hyderabad
https://www.zomato.com/hyderabad/1298,"Road 61, Banjara Hills, Hyderabad",Banjara Restaurant 1298,Yes,No,3.2/5,12139,+91 9281241114,Banjara Hills,Bakery,Pizza,"Bakery, Desserts",600,"[('Rated 3.0','Good food and service')]",Burger,Desserts,Hyderabad
https://www.zomato.com/hyderabad/1299,"Road 91, Miyapur, Hyderabad",Miyapur Restaurant 1299,Yes,No,3.3/5,16292,+91 9276447976,Miyapur,Cafe,Masala Dosa,South Indian,600,"[('Rated 4.4','Good food and service')]",Mutton Biryani,Buffet,Hyderabad
https://www.zomato.com/hyderabad/1300,"Road 3, Ameerpet, Hyderabad",Ameerpet Restaurant 1300,No,Yes,3.2/5,2421,+91 9659734258,Ameerpet,Buffet,Chicken Biryani,South Indian,1200,"[('Rated 4.1','Good food and service')]",Mutton Biryani,Cafes,Hyderabad
https://www.zomato.com/hyderabad/1301,"Road 63, Banjara Hills, Hyderabad",Banjara Restaurant 1301,Yes,Yes,4.3/5,3527,+91 9938280072,Banjara Hills,Quick Bites,Chicken Biryani,Chinese,500,"[('Rated 4.0','Good food and service')]",Masala Dosa,Delivery,Hyderabad
https://www.zomato.com/hyderabad/1302,"Road 14, Begumpet, Hyderabad",Begumpet Restaurant 1302,Yes,No,4.4/5,13018,+91 9367448664,Begumpet,Cafe,Pizza,"Cafe, Beverages",1000,"[('Rated 3.7','Good food and service')]",Coffee,Buffet,Hyderabad
https://www.zomato.com/hyderabad/1303,"Road 10, Hitech City, Hyderabad",Hitech Restaurant 1303,No,No,4.2/5,2701,+91 9211598972,Hitech City,Quick Bites,Coffee,"Bakery, Desserts",600,"[('Rated 3.5','Good food and service')]",Paneer Butter Masala,Dine-out,Hyderabad
https://www.zomato.com/hyderabad/1304,"Road 13, Begumpet, Hyderabad",Begumpet Restaurant 1304,No,Yes,4.2/5,3840,+91 9326697634,Begumpet,Buffet,Chicken Biryani,Chinese,1500,"[('Rated 3.1','Good food and service')]",Masala Dosa,Desserts,Hyderabad
https://www.zomato.com/hyderabad/1305,"Road 54, Secunderabad, Hyderabad",Secunderabad Restaurant 1305,Yes,Yes,3.6/5,19254,+91 9756739115,Secunderabad,Cafe,Mutton Biryani,"Bakery, Desserts",400,"[('Rated 3.5','Good food and service')]",Paneer Butter Masala,Dine-out,Hyderabad
https://www.zomato.com/hyderabad/1306,"Road 91, Begumpet, Hyderabad",Begumpet Restaurant 1306,Yes,No,4.9/5,969,+91 9425737840,Begumpet,Bakery,Masala Dosa,Fast Food,1200,"[('Rated 4.0','Good food and service')]",Haleem,Desserts,Hyderabad
https://www.zomato.com/hyderabad/1307,"Road 85, Kukatpally, Hyderabad",Kukatpally Restaurant 1307,No,No,4.9/5,16682,+91 9149414683,Kukatpally,Fine Dining,Paneer Butter Masala,South Indian,1000,"[('Rated 4.3','Good food and service')]",Paneer Butter Masala,Buffet,Hyderabad
https://www.zomato.com/hyderabad/1308,"Road 100, LB Nagar, Hyderabad",LB Restaurant 1308,Yes,Yes,3.5/5,21135,+91 9882065790,LB Nagar,Casual Dining,Chicken Biryani,South Indian,300,"[('Rated 4.7','Good food and service')]",Coffee,Desserts,Hyderabad
https://www.zomato.com/hyderabad/1309,"Road 100, Jubilee Hills, Hyderabad",Jubilee Restaurant 1309,No,No,4.1/5,17589,+91 9388298717,Jubilee Hills,Bakery,Coffee,South Indian,300,"[('Rated 4.6','Good food and service')]",Masala Dosa,Cafes,Hyderabad
https://www.zomato.com/hyderabad/1310,"Road 48, Dilsukhnagar, Hyderabad",Dilsukhnagar Restaurant 1310,Yes,Yes,4.2/5,6629,+91 9552906248,Dilsukhnagar,Bakery,Coffee,Fast Food,1000,"[('Rated 3.4','Good food and service')]",Burger,Buffet,Hyderabad
https://www.zomato.com/hyderabad/1311,"Road 92, Begumpet, Hyderabad",Begumpet Restaurant 1311,No,No,4.3/5,12330,+91 9220018635,Begumpet,Fine Dining,Burger,Fast Food,300,"[('Rated 4.4','Good food and service')]",Masala Dosa,Desserts,Hyderabad
https://www.zomato.com/hyderabad/1312,"Road 14, Kukatpally, Hyderabad",Kukatpally Restaurant 1312,Yes,No,3.3/5,19502,+91 9601396074,Kukatpally,Buffet,Masala Dosa,"Cafe, Beverages",1200,"[('Rated 4.3','Good food and service')]",Masala Dosa,Desserts,Hyderabad
https://www.zomato.com/hyderabad/1313,"Road 75, Banjara Hills, Hyderabad",Banjara Restaurant 1313,No,Yes,3.5/5,18973,+91 9266450117,Banjara Hills,Cafe,Masala Dosa,South Indian,400,"[('Rated 3.5','Good food and service')]",Burger,Delivery,Hyderabad
https://www.zomato.com/hyderabad/1314,"Road 56, Begumpet, Hyderabad",Begumpet Restaurant 1314,Yes,No,3.3/5,21675,+91 9823501302,Begumpet,Cafe,Pizza,"Biryani, North Indian",500,"[('Rated 4.3','Good food and service')]",Masala Dosa,Dine-out,Hyderabad
https://www.zomato.com/hyderabad/1315,"Road 53, Hitech City, Hyderabad",Hitech Restaurant 1315,Yes,Yes,3.9/5,10678,+91 9223769652,Hitech City,Quick Bites,Chicken Biryani,"Cafe, Beverages",300,"[('Rated 4.6','Good food and service')]",Paneer Butter Masala,Dine-out,Hyderabad
https://www.zomato.com/hyderabad/1316,"Road 48, Secunderabad, Hyderabad",Secunderabad Restaurant 1316,No,No,4.3/5,18910,+91 9779632023,Secunderabad,Cafe,Chicken Biryani,"Biryani, North Indian",1200,"[('Rated 4.9','Good food and service')]",Masala Dosa,Delivery,Hyderabad
https://www.zomato.com/hyderabad/1317,"Road 89, Kondapur, Hyderabad",Kondapur Restaurant 1317,Yes,No,3.5/5,15091,+91 9179078710,Kondapur,Casual Dining,Masala Dosa,"Mughlai, Biryani",300,"[('Rated 3.3','Good food and service')]",Masala Dosa,Delivery,Hyderabad
https://www.zomato.com/hyderabad/1318,"Road 9, Jubilee Hills, Hyderabad",Jubilee Restaurant 1318,No,Yes,4.8/5,20072,+91 9745200619,Jubilee Hills,Buffet,Masala Dosa,"Biryani, North Indian",1000,"[('Rated 3.6','Good food and service')]",Chicken Biryani,Cafes,Hyderabad
https://www.zomato.com/hyderabad/1319,"Road 58, Charminar, Hyderabad",Charminar Restaurant 1319,No,No,4.2/5,870,+91 9418181194,Charminar,Cafe,Mutton Biryani,"Cafe, Beverages",300,"[('Rated 3.4','Good food and service')]",Paneer Butter Masala,Delivery,Hyderabad
https://www.zomato.com/hyderabad/1320,"Road 54, Tolichowki, Hyderabad",Tolichowki Restaurant 1320,No,Yes,4.2/5,6758,+91 9672151481,Tolichowki,Cafe,Pizza,South Indian,1000,"[('Rated 4.5','Good food and service')]",Chicken Biryani,Desserts,Hyderabad
https://www.zomato.com/hyderabad/1321,"Road 64, Tolichowki, Hyderabad",Tolichowki Restaurant 1321,No,Yes,3.4/5,8822,+91 9269640286,Tolichowki,Cafe,Coffee,South Indian,400,"[('Rated 3.8','Good food and service')]",Pizza,Buffet,Hyderabad
https://www.zomato.com/hyderabad/1322,"Road 84, Kukatpally, Hyderabad",Kukatpally Restaurant 1322,Yes,Yes,3.7/5,5043,+91 9438054797,Kukatpally,Buffet,Coffee,South Indian,300,"[('Rated 4.4','Good food and service')]",Burger,Desserts,Hyderabad
https://www.zomato.com/hyderabad/1323,"Road 80, Madhapur, Hyderabad",Madhapur Restaurant 1323,Yes,Yes,4.1/5,18514,+91 9538014104,Madhapur,Bakery,Burger,"Biryani, North Indian",1200,"[('Rated 4.2','Good food and service')]",Chicken Biryani,Dine-out,Hyderabad
https://www.zomato.com/hyderabad/1324,"Road 34, LB Nagar, Hyderabad",LB Restaurant 1324,Yes,No,3.2/5,14629,+91 9066203297,LB Nagar,Buffet,Burger,Chinese,600,"[('Rated 4.4','Good food and service')]",Pizza,Cafes,Hyderabad
https://www.zomato.com/hyderabad/1325,"Road 62, Hitech City, Hyderabad",Hitech Restaurant 1325,No,Yes,3.9/5,20795,+91 9150033967,Hitech City,Quick Bites,Paneer Butter Masala,"Cafe, Beverages",300,"[('Rated 3.2','Good food and service')]",Mutton Biryani,Delivery,Hyderabad
https://www.zomato.com/hyderabad/1326,"Road 8, Miyapur, Hyderabad",Miyapur Restaurant 1326,No,No,4.5/5,23271,+91 9943127907,Miyapur,Buffet,Burger,"Bakery, Desserts",500,"[('Rated 3.9','Good food and service')]",Paneer Butter Masala,Dine-out,Hyderabad
https://www.zomato.com/hyderabad/1327,"Road 91, Kondapur, Hyderabad",Kondapur Restaurant 1327,Yes,Yes,4.1/5,11487,+91 9612752669,Kondapur,Bakery,Coffee,"Bakery, Desserts",1200,"[('Rated 4.9','Good food and service')]",Burger,Desserts,Hyderabad
https://www.zomato.com/hyderabad/1328,"Road 26, Charminar, Hyderabad",Charminar Restaurant 1328,Yes,Yes,4.5/5,16010,+91 9258639769,Charminar,Quick Bites,Haleem,"Bakery, Desserts",1000,"[('Rated 3.6','Good food and service')]",Burger,Buffet,Hyderabad
https://www.zomato.com/hyderabad/1329,"Road 58, LB Nagar, Hyderabad",LB Restaurant 1329,No,No,4.1/5,18512,+91 9070476280,LB Nagar,Bakery,Mutton Biryani,Chinese,600,"[('Rated 3.7','Good food and service')]",Burger,Dine-out,Hyderabad
https://www.zomato.com/hyderabad/1330,"Road 87, Hitech City, Hyderabad",Hitech Restaurant 1330,Yes,No,3.9/5,506,+91 9522022004,Hitech City,Bakery,Burger,"Cafe, Beverages",1500,"[('Rated 4.1','Good food and service')]",Mutton Biryani,Desserts,Hyderabad
https://www.zomato.com/hyderabad/1331,"Road 24, Charminar, Hyderabad",Charminar Restaurant 1331,Yes,No,4.4/5,12933,+91 9126816627,Charminar,Fine Dining,Mutton Biryani,Chinese,400,"[('Rated 4.5','Good food and service')]",Chicken Biryani,Buffet,Hyderabad
https://www.zomato.com/hyderabad/1332,"Road 93, Charminar, Hyderabad",Charminar Restaurant 1332,No,No,4.8/5,5456,+91 9806337197,Charminar,Fine Dining,Coffee,Fast Food,600,"[('Rated 4.9','Good food and service')]",Burger,Desserts,Hyderabad
https://www.zomato.com/hyderabad/1333,"Road 50, Secunderabad, Hyderabad",Secunderabad Restaurant 1333,Yes,No,4.0/5,9050,+91 9363383398,Secunderabad,Cafe,Chicken Biryani,Fast Food,800,"[('Rated 3.7','Good food and service')]",Pizza,Delivery,Hyderabad
https://www.zomato.com/hyderabad/1334,"Road 89, LB Nagar, Hyderabad",LB Restaurant 1334,No,No,4.0/5,489,+91 9730553827,LB Nagar,Cafe,Paneer Butter Masala,"Bakery, Desserts",300,"[('Rated 3.4','Good food and service')]",Chicken Biryani,Dine-out,Hyderabad
https://www.zomato.com/hyderabad/1335,"Road 28, Madhapur, Hyderabad",Madhapur Restaurant 1335,Yes,No,4.2/5,16139,+91 9996911904,Madhapur,Fine Dining,Mutton Biryani,Fast Food,1000,"[('Rated 4.6','Good food and service')]",Haleem,Dine-out,Hyderabad
https://www.zomato.com/hyderabad/1336,"Road 70, Ameerpet, Hyderabad",Ameerpet Restaurant 1336,Yes,No,3.7/5,15632,+91 9709776925,Ameerpet,Quick Bites,Chicken Biryani,"Bakery, Desserts",1000,"[('Rated 3.0','Good food and service')]",Coffee,Cafes,Hyderabad
https://www.zomato.com/hyderabad/1337,"Road 68, Begumpet, Hyderabad",Begumpet Restaurant 1337,Yes,Yes,3.7/5,14074,+91 9256945098,Begumpet,Quick Bites,Mutton Biryani,Fast Food,1200,"[('Rated 4.3','Good food and service')]",Burger,Buffet,Hyderabad
https://www.zomato.com/hyderabad/1338,"Road 54, Begumpet, Hyderabad",Begumpet Restaurant 1338,Yes,Yes,3.4/5,20482,+91 9684724084,Begumpet,Bakery,Coffee,South Indian,600,"[('Rated 3.7','Good food and service')]",Paneer Butter Masala,Delivery,Hyderabad
https://www.zomato.com/hyderabad/1339,"Road 33, Jubilee Hills, Hyderabad",Jubilee Restaurant 1339,No,No,3.7/5,9907,+91 9854003962,Jubilee Hills,Fine Dining,Pizza,"Mughlai, Biryani",600,"[('Rated 4.9','Good food and service')]",Coffee,Buffet,Hyderabad
https://www.zomato.com/hyderabad/1340,"Road 89, Hitech City, Hyderabad",Hitech Restaurant 1340,Yes,Yes,3.7/5,12257,+91 9903670854,Hitech City,Cafe,Burger,Fast Food,1500,"[('Rated 4.5','Good food and service')]",Coffee,Dine-out,Hyderabad
https://www.zomato.com/hyderabad/1341,"Road 74, Jubilee Hills, Hyderabad",Jubilee Restaurant 1341,Yes,No,3.5/5,16314,+91 9879841665,Jubilee Hills,Cafe,Chicken Biryani,Chinese,500,"[('Rated 3.2','Good food and service')]",Pizza,Buffet,Hyderabad
https://www.zomato.com/hyderabad/1342,"Road 99, Banjara Hills, Hyderabad",Banjara Restaurant 1342,Yes,No,4.6/5,3166,+91 9339297263,Banjara Hills,Bakery,Chicken Biryani,"Mughlai, Biryani",1000,"[('Rated 4.7','Good food and service')]",Pizza,Desserts,Hyderabad
https://www.zomato.com/hyderabad/1343,"Road 19, Tolichowki, Hyderabad",Tolichowki Restaurant 1343,No,Yes,4.2/5,15553,+91 9623074282,Tolichowki,Bakery,Masala Dosa,Chinese,1200,"[('Rated 3.9','Good food and service')]",Coffee,Dine-out,Hyderabad
https://www.zomato.com/hyderabad/1344,"Road 30, Begumpet, Hyderabad",Begumpet Restaurant 1344,No,Yes,4.2/5,19037,+91 9820443721,Begumpet,Cafe,Mutton Biryani,South Indian,800,"[('Rated 3.8','Good food and service')]",Mutton Biryani,Dine-out,Hyderabad
https://www.zomato.com/hyderabad/1345,"Road 50, Gachibowli, Hyderabad",Gachibowli Restaurant 1345,Yes,No,3.6/5,14093,+91 9315868652,Gachibowli,Cafe,Burger,"Mughlai, Biryani",1000,"[('Rated 4.8','Good food and service')]",Pizza,Desserts,Hyderabad
https://www.zomato.com/hyderabad/1346,"Road 78, Madhapur, Hyderabad",Madhapur Restaurant 1346,Yes,Yes,4.8/5,8711,+91 9740128135,Madhapur,Quick Bites,Burger,South Indian,1200,"[('Rated 3.0','Good food and service')]",Pizza,Delivery,Hyderabad
https://www.zomato.com/hyderabad/1347,"Road 48, LB Nagar, Hyderabad",LB Restaurant 1347,Yes,Yes,4.4/5,8227,+91 9962077966,LB Nagar,Fine Dining,Pizza,Chinese,300,"[('Rated 3.6','Good food and service')]",Chicken Biryani,Dine-out,Hyderabad
https://www.zomato.com/hyderabad/1348,"Road 76, LB Nagar, Hyderabad",LB Restaurant 1348,No,Yes,3.8/5,12539,+91 9857770223,LB Nagar,Quick Bites,Chicken Biryani,Chinese,1500,"[('Rated 3.1','Good food and service')]",Coffee,Delivery,Hyderabad
https://www.zomato.com/hyderabad/1349,"Road 65, Dilsukhnagar, Hyderabad",Dilsukhnagar Restaurant 1349,No,No,4.8/5,20992,+91 9078670170,Dilsukhnagar,Quick Bites,Haleem,Fast Food,400,"[('Rated 4.7','Good food and service')]",Mutton Biryani,Cafes,Hyderabad
https://www.zomato.com/hyderabad/1350,"Road 97, Jubilee Hills, Hyderabad",Jubilee Restaurant 1350,Yes,Yes,3.8/5,8880,+91 9963984173,Jubilee Hills,Buffet,Paneer Butter Masala,South Indian,1000,"[('Rated 3.5','Good food and service')]",Masala Dosa,Delivery,Hyderabad
https://www.zomato.com/hyderabad/1351,"Road 18, Madhapur, Hyderabad",Madhapur Restaurant 1351,No,Yes,4.0/5,13280,+91 9549585629,Madhapur,Cafe,Pizza,"Biryani, North Indian",500,"[('Rated 3.8','Good food and service')]",Mutton Biryani,Desserts,Hyderabad
https://www.zomato.com/hyderabad/1352,"Road 38, LB Nagar, Hyderabad",LB Restaurant 1352,No,No,4.6/5,5509,+91 9797011705,LB Nagar,Bakery,Masala Dosa,"Biryani, North Indian",1200,"[('Rated 3.6','Good food and service')]",Coffee,Delivery,Hyderabad
https://www.zomato.com/hyderabad/1353,"Road 58, Jubilee Hills, Hyderabad",Jubilee Restaurant 1353,Yes,No,3.7/5,20840,+91 9802769094,Jubilee Hills,Bakery,Haleem,Chinese,600,"[('Rated 3.1','Good food and service')]",Burger,Delivery,Hyderabad
https://www.zomato.com/hyderabad/1354,"Road 34, Madhapur, Hyderabad",Madhapur Restaurant 1354,No,Yes,3.7/5,1607,+91 9148550669,Madhapur,Bakery,Haleem,"Mughlai, Biryani",800,"[('Rated 4.3','Good food and service')]",Masala Dosa,Buffet,Hyderabad
https://www.zomato.com/hyderabad/1355,"Road 37, Kondapur, Hyderabad",Kondapur Restaurant 1355,Yes,Yes,4.4/5,6246,+91 9890095970,Kondapur,Bakery,Coffee,"Bakery, Desserts",800,"[('Rated 4.7','Good food and service')]",Coffee,Dine-out,Hyderabad
https://www.zomato.com/hyderabad/1356,"Road 21, Tolichowki, Hyderabad",Tolichowki Restaurant 1356,No,No,4.6/5,7388,+91 9915448144,Tolichowki,Fine Dining,Masala Dosa,"Mughlai, Biryani",1500,"[('Rated 4.8','Good food and service')]",Burger,Delivery,Hyderabad
https://www.zomato.com/hyderabad/1357,"Road 38, Secunderabad, Hyderabad",Secunderabad Restaurant 1357,Yes,Yes,4.7/5,16854,+91 9871185508,Secunderabad,Cafe,Pizza,"Mughlai, Biryani",300,"[('Rated 3.6','Good food and service')]",Coffee,Cafes,Hyderabad
https://www.zomato.com/hyderabad/1358,"Road 12, Kondapur, Hyderabad",Kondapur Restaurant 1358,No,Yes,4.2/5,14715,+91 9878249237,Kondapur,Fine Dining,Masala Dosa,"Bakery, Desserts",1200,"[('Rated 3.9','Good food and service')]",Paneer Butter Masala,Desserts,Hyderabad
https://www.zomato.com/hyderabad/1359,"Road 79, Dilsukhnagar, Hyderabad",Dilsukhnagar Restaurant 1359,Yes,Yes,4.8/5,23575,+91 9680852942,Dilsukhnagar,Bakery,Burger,Chinese,800,"[('Rated 4.0','Good food and service')]",Masala Dosa,Dine-out,Hyderabad
https://www.zomato.com/hyderabad/1360,"Road 59, Secunderabad, Hyderabad",Secunderabad Restaurant 1360,No,Yes,3.5/5,2176,+91 9129789691,Secunderabad,Quick Bites,Mutton Biryani,"Cafe, Beverages",800,"[('Rated 4.7','Good food and service')]",Coffee,Cafes,Hyderabad
https://www.zomato.com/hyderabad/1361,"Road 56, Charminar, Hyderabad",Charminar Restaurant 1361,No,Yes,4.1/5,15222,+91 9111394303,Charminar,Buffet,Paneer Butter Masala,"Bakery, Desserts",800,"[('Rated 3.5','Good food and service')]",Haleem,Cafes,Hyderabad
https://www.zomato.com/hyderabad/1362,"Road 27, Madhapur, Hyderabad",Madhapur Restaurant 1362,Yes,Yes,4.5/5,5891,+91 9178959853,Madhapur,Cafe,Haleem,"Mughlai, Biryani",1200,"[('Rated 3.4','Good food and service')]",Coffee,Delivery,Hyderabad
https://www.zomato.com/hyderabad/1363,"Road 44, Tolichowki, Hyderabad",Tolichowki Restaurant 1363,Yes,Yes,4.8/5,19773,+91 9741275339,Tolichowki,Quick Bites,Coffee,Fast Food,400,"[('Rated 3.9','Good food and service')]",Pizza,Desserts,Hyderabad
https://www.zomato.com/hyderabad/1364,"Road 30, Tolichowki, Hyderabad",Tolichowki Restaurant 1364,Yes,Yes,3.3/5,20744,+91 9599923328,Tolichowki,Quick Bites,Burger,Fast Food,800,"[('Rated 3.0','Good food and service')]",Paneer Butter Masala,Buffet,Hyderabad
https://www.zomato.com/hyderabad/1365,"Road 28, Begumpet, Hyderabad",Begumpet Restaurant 1365,Yes,No,3.4/5,4124,+91 9657677793,Begumpet,Fine Dining,Paneer Butter Masala,Chinese,600,"[('Rated 3.5','Good food and service')]",Haleem,Desserts,Hyderabad
https://www.zomato.com/hyderabad/1366,"Road 17, LB Nagar, Hyderabad",LB Restaurant 1366,Yes,No,4.5/5,3438,+91 9940165703,LB Nagar,Buffet,Chicken Biryani,South Indian,600,"[('Rated 3.3','Good food and service')]",Burger,Desserts,Hyderabad
https://www.zomato.com/hyderabad/1367,"Road 47, Dilsukhnagar, Hyderabad",Dilsukhnagar Restaurant 1367,Yes,Yes,3.4/5,3035,+91 9436342725,Dilsukhnagar,Quick Bites,Haleem,"Mughlai, Biryani",300,"[('Rated 3.6','Good food and service')]",Mutton Biryani,Delivery,Hyderabad
https://www.zomato.com/hyderabad/1368,"Road 33, Hitech City, Hyderabad",Hitech Restaurant 1368,No,Yes,4.6/5,23983,+91 9948323072,Hitech City,Quick Bites,Paneer Butter Masala,Fast Food,800,"[('Rated 3.6','Good food and service')]",Chicken Biryani,Buffet,Hyderabad
https://www.zomato.com/hyderabad/1369,"Road 46, Gachibowli, Hyderabad",Gachibowli Restaurant 1369,No,Yes,3.6/5,18701,+91 9016739778,Gachibowli,Quick Bites,Burger,"Cafe, Beverages",800,"[('Rated 4.9','Good food and service')]",Masala Dosa,Cafes,Hyderabad
https://www.zomato.com/hyderabad/1370,"Road 63, Begumpet, Hyderabad",Begumpet Restaurant 1370,Yes,Yes,4.7/5,19834,+91 9647362549,Begumpet,Bakery,Coffee,South Indian,600,"[('Rated 4.9','Good food and service')]",Chicken Biryani,Buffet,Hyderabad
https://www.zomato.com/hyderabad/1371,"Road 7, Charminar, Hyderabad",Charminar Restaurant 1371,Yes,Yes,4.4/5,5099,+91 9347404923,Charminar,Buffet,Mutton Biryani,"Biryani, North Indian",1200,"[('Rated 4.2','Good food and service')]",Pizza,Cafes,Hyderabad
https://www.zomato.com/hyderabad/1372,"Road 83, Miyapur, Hyderabad",Miyapur Restaurant 1372,Yes,Yes,4.3/5,17775,+91 9840323267,Miyapur,Cafe,Burger,"Biryani, North Indian",500,"[('Rated 3.6','Good food and service')]",Paneer Butter Masala,Buffet,Hyderabad
https://www.zomato.com/hyderabad/1373,"Road 40, Charminar, Hyderabad",Charminar Restaurant 1373,Yes,No,4.5/5,21975,+91 9328680459,Charminar,Quick Bites,Chicken Biryani,"Cafe, Beverages",800,"[('Rated 4.2','Good food and service')]",Burger,Desserts,Hyderabad
https://www.zomato.com/hyderabad/1374,"Road 71, Banjara Hills, Hyderabad",Banjara Restaurant 1374,No,No,4.2/5,19149,+91 9575066604,Banjara Hills,Fine Dining,Coffee,Chinese,600,"[('Rated 3.1','Good food and service')]",Coffee,Desserts,Hyderabad
https://www.zomato.com/hyderabad/1375,"Road 53, Madhapur, Hyderabad",Madhapur Restaurant 1375,No,Yes,4.3/5,12719,+91 9578711735,Madhapur,Buffet,Pizza,Chinese,400,"[('Rated 3.4','Good food and service')]",Chicken Biryani,Delivery,Hyderabad
https://www.zomato.com/hyderabad/1376,"Road 95, Jubilee Hills, Hyderabad",Jubilee Restaurant 1376,No,Yes,3.5/5,24787,+91 9715233623,Jubilee Hills,Fine Dining,Paneer Butter Masala,"Mughlai, Biryani",600,"[('Rated 3.9','Good food and service')]",Pizza,Cafes,Hyderabad
https://www.zomato.com/hyderabad/1377,"Road 53, Secunderabad, Hyderabad",Secunderabad Restaurant 1377,No,Yes,4.6/5,3063,+91 9571531333,Secunderabad,Casual Dining,Mutton Biryani,South Indian,400,"[('Rated 4.1','Good food and service')]",Coffee,Cafes,Hyderabad
https://www.zomato.com/hyderabad/1378,"Road 98, Secunderabad, Hyderabad",Secunderabad Restaurant 1378,Yes,No,3.7/5,18813,+91 9576692943,Secunderabad,Cafe,Pizza,South Indian,300,"[('Rated 4.1','Good food and service')]",Burger,Buffet,Hyderabad
https://www.zomato.com/hyderabad/1379,"Road 31, LB Nagar, Hyderabad",LB Restaurant 1379,No,Yes,3.6/5,16262,+91 9726062887,LB Nagar,Quick Bites,Coffee,"Cafe, Beverages",800,"[('Rated 3.8','Good food and service')]",Masala Dosa,Cafes,Hyderabad
https://www.zomato.com/hyderabad/1380,"Road 84, Dilsukhnagar, Hyderabad",Dilsukhnagar Restaurant 1380,Yes,Yes,3.8/5,1078,+91 9281550760,Dilsukhnagar,Casual Dining,Pizza,"Cafe, Beverages",300,"[('Rated 3.0','Good food and service')]",Coffee,Desserts,Hyderabad
https://www.zomato.com/hyderabad/1381,"Road 8, Ameerpet, Hyderabad",Ameerpet Restaurant 1381,Yes,No,4.5/5,23528,+91 9007415536,Ameerpet,Quick Bites,Mutton Biryani,South Indian,500,"[('Rated 4.2','Good food and service')]",Burger,Dine-out,Hyderabad
https://www.zomato.com/hyderabad/1382,"Road 92, Ameerpet, Hyderabad",Ameerpet Restaurant 1382,No,Yes,4.1/5,14019,+91 9631516659,Ameerpet,Buffet,Pizza,Fast Food,300,"[('Rated 4.2','Good food and service')]",Burger,Dine-out,Hyderabad
https://www.zomato.com/hyderabad/1383,"Road 16, Gachibowli, Hyderabad",Gachibowli Restaurant 1383,No,No,4.7/5,15224,+91 9129093990,Gachibowli,Casual Dining,Chicken Biryani,Chinese,600,"[('Rated 3.3','Good food and service')]",Burger,Cafes,Hyderabad
https://www.zomato.com/hyderabad/1384,"Road 74, Ameerpet, Hyderabad",Ameerpet Restaurant 1384,Yes,Yes,3.8/5,1036,+91 9052132519,Ameerpet,Buffet,Haleem,"Mughlai, Biryani",600,"[('Rated 3.7','Good food and service')]",Masala Dosa,Buffet,Hyderabad
https://www.zomato.com/hyderabad/1385,"Road 75, Banjara Hills, Hyderabad",Banjara Restaurant 1385,No,No,3.9/5,7337,+91 9618482285,Banjara Hills,Cafe,Chicken Biryani,"Biryani, North Indian",1200,"[('Rated 4.2','Good food and service')]",Chicken Biryani,Delivery,Hyderabad
https://www.zomato.com/hyderabad/1386,"Road 87, Ameerpet, Hyderabad",Ameerpet Restaurant 1386,Yes,No,4.2/5,12032,+91 9664312472,Ameerpet,Quick Bites,Pizza,"Bakery, Desserts",800,"[('Rated 3.5','Good food and service')]",Haleem,Cafes,Hyderabad
https://www.zomato.com/hyderabad/1387,"Road 31, Ameerpet, Hyderabad",Ameerpet Restaurant 1387,No,Yes,4.1/5,17611,+91 9753552087,Ameerpet,Casual Dining,Chicken Biryani,Fast Food,1200,"[('Rated 4.1','Good food and service')]",Mutton Biryani,Buffet,Hyderabad
https://www.zomato.com/hyderabad/1388,"Road 25, Madhapur, Hyderabad",Madhapur Restaurant 1388,Yes,Yes,4.2/5,12727,+91 9596418866,Madhapur,Casual Dining,Coffee,"Biryani, North Indian",500,"[('Rated 3.2','Good food and service')]",Masala Dosa,Dine-out,Hyderabad
https://www.zomato.com/hyderabad/1389,"Road 64, Charminar, Hyderabad",Charminar Restaurant 1389,No,Yes,4.5/5,1992,+91 9050633167,Charminar,Quick Bites,Chicken Biryani,"Cafe, Beverages",300,"[('Rated 4.8','Good food and service')]",Coffee,Buffet,Hyderabad
https://www.zomato.com/hyderabad/1390,"Road 36, Dilsukhnagar, Hyderabad",Dilsukhnagar Restaurant 1390,Yes,No,4.1/5,12859,+91 9276453133,Dilsukhnagar,Fine Dining,Haleem,South Indian,800,"[('Rated 3.2','Good food and service')]",Paneer Butter Masala,Delivery,Hyderabad
https://www.zomato.com/hyderabad/1391,"Road 26, Madhapur, Hyderabad",Madhapur Restaurant 1391,No,No,3.4/5,22350,+91 9562429738,Madhapur,Buffet,Coffee,South Indian,1000,"[('Rated 3.7','Good food and service')]",Chicken Biryani,Delivery,Hyderabad
https://www.zomato.com/hyderabad/1392,"Road 96, Kondapur, Hyderabad",Kondapur Restaurant 1392,Yes,Yes,4.3/5,7984,+91 9052310797,Kondapur,Buffet,Haleem,Chinese,400,"[('Rated 3.1','Good food and service')]",Coffee,Dine-out,Hyderabad
https://www.zomato.com/hyderabad/1393,"Road 15, Dilsukhnagar, Hyderabad",Dilsukhnagar Restaurant 1393,No,No,4.8/5,2843,+91 9303950939,Dilsukhnagar,Buffet,Haleem,"Bakery, Desserts",1200,"[('Rated 3.9','Good food and service')]",Mutton Biryani,Desserts,Hyderabad
https://www.zomato.com/hyderabad/1394,"Road 50, Tolichowki, Hyderabad",Tolichowki Restaurant 1394,No,Yes,3.7/5,24115,+91 9035275649,Tolichowki,Buffet,Mutton Biryani,South Indian,1200,"[('Rated 3.8','Good food and service')]",Coffee,Desserts,Hyderabad
https://www.zomato.com/hyderabad/1395,"Road 61, Banjara Hills, Hyderabad",Banjara Restaurant 1395,Yes,Yes,4.0/5,20726,+91 9815302528,Banjara Hills,Fine Dining,Haleem,"Biryani, North Indian",1200,"[('Rated 3.9','Good food and service')]",Paneer Butter Masala,Delivery,Hyderabad
https://www.zomato.com/hyderabad/1396,"Road 41, Ameerpet, Hyderabad",Ameerpet Restaurant 1396,Yes,Yes,4.1/5,209,+91 9609360172,Ameerpet,Cafe,Mutton Biryani,Chinese,1500,"[('Rated 5.0','Good food and service')]",Pizza,Buffet,Hyderabad
https://www.zomato.com/hyderabad/1397,"Road 22, Kukatpally, Hyderabad",Kukatpally Restaurant 1397,Yes,No,3.3/5,6410,+91 9345442945,Kukatpally,Buffet,Mutton Biryani,"Biryani, North Indian",1200,"[('Rated 4.2','Good food and service')]",Masala Dosa,Desserts,Hyderabad
https://www.zomato.com/hyderabad/1398,"Road 74, Kondapur, Hyderabad",Kondapur Restaurant 1398,No,Yes,4.6/5,6603,+91 9792397940,Kondapur,Cafe,Coffee,Chinese,1500,"[('Rated 3.5','Good food and service')]",Mutton Biryani,Buffet,Hyderabad
https://www.zomato.com/hyderabad/1399,"Road 78, Ameerpet, Hyderabad",Ameerpet Restaurant 1399,No,Yes,3.9/5,681,+91 9056936310,Ameerpet,Casual Dining,Haleem,Fast Food,500,"[('Rated 4.8','Good food and service')]",Burger,Cafes,Hyderabad
https://www.zomato.com/hyderabad/1400,"Road 10, Kondapur, Hyderabad",Kondapur Restaurant 1400,No,Yes,4.5/5,774,+91 9484439108,Kondapur,Casual Dining,Chicken Biryani,South Indian,1500,"[('Rated 3.8','Good food and service')]",Chicken Biryani,Buffet,Hyderabad
https://www.zomato.com/hyderabad/1401,"Road 70, Miyapur, Hyderabad",Miyapur Restaurant 1401,Yes,No,4.2/5,19405,+91 9005272697,Miyapur,Fine Dining,Coffee,South Indian,1000,"[('Rated 3.5','Good food and service')]",Chicken Biryani,Cafes,Hyderabad
https://www.zomato.com/hyderabad/1402,"Road 3, Hitech City, Hyderabad",Hitech Restaurant 1402,Yes,Yes,4.2/5,12781,+91 9967538667,Hitech City,Buffet,Chicken Biryani,"Cafe, Beverages",300,"[('Rated 5.0','Good food and service')]",Pizza,Desserts,Hyderabad
https://www.zomato.com/hyderabad/1403,"Road 53, Madhapur, Hyderabad",Madhapur Restaurant 1403,Yes,Yes,3.7/5,19378,+91 9623543189,Madhapur,Fine Dining,Coffee,Fast Food,1500,"[('Rated 4.1','Good food and service')]",Mutton Biryani,Desserts,Hyderabad
https://www.zomato.com/hyderabad/1404,"Road 95, Begumpet, Hyderabad",Begumpet Restaurant 1404,No,Yes,3.3/5,72,+91 9607070602,Begumpet,Fine Dining,Masala Dosa,South Indian,1000,"[('Rated 4.5','Good food and service')]",Burger,Cafes,Hyderabad
https://www.zomato.com/hyderabad/1405,"Road 40, Tolichowki, Hyderabad",Tolichowki Restaurant 1405,Yes,Yes,4.7/5,19607,+91 9425041717,Tolichowki,Casual Dining,Pizza,South Indian,1200,"[('Rated 4.9','Good food and service')]",Pizza,Delivery,Hyderabad
https://www.zomato.com/hyderabad/1406,"Road 21, Charminar, Hyderabad",Charminar Restaurant 1406,No,No,3.4/5,12308,+91 9964535362,Charminar,Casual Dining,Chicken Biryani,"Biryani, North Indian",800,"[('Rated 3.9','Good food and service')]",Masala Dosa,Dine-out,Hyderabad
https://www.zomato.com/hyderabad/1407,"Road 93, Kukatpally, Hyderabad",Kukatpally Restaurant 1407,Yes,Yes,3.3/5,1932,+91 9058079897,Kukatpally,Quick Bites,Masala Dosa,"Bakery, Desserts",600,"[('Rated 4.6','Good food and service')]",Haleem,Dine-out,Hyderabad
https://www.zomato.com/hyderabad/1408,"Road 73, Tolichowki, Hyderabad",Tolichowki Restaurant 1408,Yes,Yes,3.9/5,2110,+91 9418899073,Tolichowki,Bakery,Haleem,South Indian,1500,"[('Rated 4.0','Good food and service')]",Pizza,Delivery,Hyderabad
https://www.zomato.com/hyderabad/1409,"Road 56, Kondapur, Hyderabad",Kondapur Restaurant 1409,No,Yes,4.0/5,22861,+91 9467901638,Kondapur,Fine Dining,Haleem,"Bakery, Desserts",500,"[('Rated 4.5','Good food and service')]",Paneer Butter Masala,Dine-out,Hyderabad
https://www.zomato.com/hyderabad/1410,"Road 16, Begumpet, Hyderabad",Begumpet Restaurant 1410,Yes,No,4.9/5,3521,+91 9108035937,Begumpet,Quick Bites,Mutton Biryani,Fast Food,300,"[('Rated 5.0','Good food and service')]",Paneer Butter Masala,Dine-out,Hyderabad
https://www.zomato.com/hyderabad/1411,"Road 50, Ameerpet, Hyderabad",Ameerpet Restaurant 1411,No,No,3.4/5,9124,+91 9733375188,Ameerpet,Casual Dining,Masala Dosa,"Cafe, Beverages",1500,"[('Rated 3.4','Good food and service')]",Chicken Biryani,Delivery,Hyderabad
https://www.zomato.com/hyderabad/1412,"Road 89, Miyapur, Hyderabad",Miyapur Restaurant 1412,No,No,3.2/5,7941,+91 9490143071,Miyapur,Cafe,Pizza,Fast Food,1500,"[('Rated 4.7','Good food and service')]",Coffee,Cafes,Hyderabad
https://www.zomato.com/hyderabad/1413,"Road 98, Banjara Hills, Hyderabad",Banjara Restaurant 1413,No,No,3.7/5,13831,+91 9784248591,Banjara Hills,Buffet,Burger,"Mughlai, Biryani",300,"[('Rated 4.7','Good food and service')]",Chicken Biryani,Buffet,Hyderabad
https://www.zomato.com/hyderabad/1414,"Road 50, Kukatpally, Hyderabad",Kukatpally Restaurant 1414,No,Yes,3.4/5,7892,+91 9623903961,Kukatpally,Quick Bites,Burger,Chinese,300,"[('Rated 4.0','Good food and service')]",Paneer Butter Masala,Cafes,Hyderabad
https://www.zomato.com/hyderabad/1415,"Road 38, Kukatpally, Hyderabad",Kukatpally Restaurant 1415,No,No,4.8/5,2453,+91 9393546045,Kukatpally,Buffet,Burger,Fast Food,1500,"[('Rated 4.1','Good food and service')]",Haleem,Buffet,Hyderabad
https://www.zomato.com/hyderabad/1416,"Road 88, Kukatpally, Hyderabad",Kukatpally Restaurant 1416,No,Yes,4.5/5,24344,+91 9822227490,Kukatpally,Casual Dining,Mutton Biryani,Fast Food,1000,"[('Rated 3.3','Good food and service')]",Burger,Dine-out,Hyderabad
https://www.zomato.com/hyderabad/1417,"Road 78, Begumpet, Hyderabad",Begumpet Restaurant 1417,No,No,4.3/5,18634,+91 9232818120,Begumpet,Quick Bites,Chicken Biryani,Chinese,1000,"[('Rated 4.8','Good food and service')]",Coffee,Buffet,Hyderabad
https://www.zomato.com/hyderabad/1418,"Road 69, Kondapur, Hyderabad",Kondapur Restaurant 1418,No,Yes,4.6/5,12863,+91 9426375353,Kondapur,Casual Dining,Coffee,Fast Food,800,"[('Rated 4.8','Good food and service')]",Pizza,Buffet,Hyderabad
https://www.zomato.com/hyderabad/1419,"Road 24, Madhapur, Hyderabad",Madhapur Restaurant 1419,No,Yes,4.3/5,17096,+91 9229801625,Madhapur,Bakery,Chicken Biryani,"Cafe, Beverages",500,"[('Rated 4.1','Good food and service')]",Chicken Biryani,Buffet,Hyderabad
https://www.zomato.com/hyderabad/1420,"Road 40, Madhapur, Hyderabad",Madhapur Restaurant 1420,Yes,No,4.5/5,3008,+91 9890314315,Madhapur,Quick Bites,Pizza,"Bakery, Desserts",800,"[('Rated 3.5','Good food and service')]",Paneer Butter Masala,Cafes,Hyderabad
https://www.zomato.com/hyderabad/1421,"Road 66, Ameerpet, Hyderabad",Ameerpet Restaurant 1421,Yes,Yes,3.8/5,19710,+91 9340566690,Ameerpet,Quick Bites,Coffee,Chinese,300,"[('Rated 3.3','Good food and service')]",Masala Dosa,Dine-out,Hyderabad
https://www.zomato.com/hyderabad/1422,"Road 52, Begumpet, Hyderabad",Begumpet Restaurant 1422,Yes,No,4.2/5,1620,+91 9124890282,Begumpet,Bakery,Burger,"Mughlai, Biryani",1000,"[('Rated 4.1','Good food and service')]",Burger,Cafes,Hyderabad
https://www.zomato.com/hyderabad/1423,"Road 13, Banjara Hills, Hyderabad",Banjara Restaurant 1423,No,Yes,3.9/5,14724,+91 9819920116,Banjara Hills,Buffet,Mutton Biryani,Fast Food,800,"[('Rated 4.3','Good food and service')]",Coffee,Desserts,Hyderabad
https://www.zomato.com/hyderabad/1424,"Road 46, Miyapur, Hyderabad",Miyapur Restaurant 1424,Yes,Yes,4.0/5,6786,+91 9083891417,Miyapur,Fine Dining,Chicken Biryani,"Cafe, Beverages",1200,"[('Rated 4.0','Good food and service')]",Mutton Biryani,Cafes,Hyderabad
https://www.zomato.com/hyderabad/1425,"Road 2, Madhapur, Hyderabad",Madhapur Restaurant 1425,Yes,No,4.9/5,22417,+91 9994046349,Madhapur,Buffet,Pizza,"Mughlai, Biryani",1500,"[('Rated 3.5','Good food and service')]",Burger,Desserts,Hyderabad
https://www.zomato.com/hyderabad/1426,"Road 64, Ameerpet, Hyderabad",Ameerpet Restaurant 1426,No,Yes,4.0/5,9193,+91 9957397936,Ameerpet,Fine Dining,Coffee,"Bakery, Desserts",600,"[('Rated 4.3','Good food and service')]",Masala Dosa,Desserts,Hyderabad
https://www.zomato.com/hyderabad/1427,"Road 40, Gachibowli, Hyderabad",Gachibowli Restaurant 1427,Yes,Yes,4.6/5,12440,+91 9711437984,Gachibowli,Cafe,Pizza,Chinese,400,"[('Rated 4.7','Good food and service')]",Haleem,Delivery,Hyderabad
https://www.zomato.com/hyderabad/1428,"Road 28, Begumpet, Hyderabad",Begumpet Restaurant 1428,Yes,Yes,4.2/5,24326,+91 9114683268,Begumpet,Bakery,Mutton Biryani,Chinese,1200,"[('Rated 4.3','Good food and service')]",Chicken Biryani,Dine-out,Hyderabad
https://www.zomato.com/hyderabad/1429,"Road 35, Gachibowli, Hyderabad",Gachibowli Restaurant 1429,No,No,4.0/5,4003,+91 9988001495,Gachibowli,Casual Dining,Mutton Biryani,"Mughlai, Biryani",500,"[('Rated 4.8','Good food and service')]",Haleem,Dine-out,Hyderabad
https://www.zomato.com/hyderabad/1430,"Road 28, Gachibowli, Hyderabad",Gachibowli Restaurant 1430,No,Yes,3.7/5,19669,+91 9892679182,Gachibowli,Quick Bites,Burger,South Indian,400,"[('Rated 3.7','Good food and service')]",Burger,Buffet,Hyderabad
https://www.zomato.com/hyderabad/1431,"Road 42, Miyapur, Hyderabad",Miyapur Restaurant 1431,Yes,Yes,4.5/5,24009,+91 9796250453,Miyapur,Bakery,Mutton Biryani,"Mughlai, Biryani",400,"[('Rated 3.8','Good food and service')]",Burger,Delivery,Hyderabad
https://www.zomato.com/hyderabad/1432,"Road 61, Jubilee Hills, Hyderabad",Jubilee Restaurant 1432,No,No,3.9/5,11133,+91 9961890578,Jubilee Hills,Buffet,Pizza,"Bakery, Desserts",600,"[('Rated 3.8','Good food and service')]",Coffee,Cafes,Hyderabad
https://www.zomato.com/hyderabad/1433,"Road 64, Tolichowki, Hyderabad",Tolichowki Restaurant 1433,Yes,No,3.9/5,5898,+91 9446261877,Tolichowki,Quick Bites,Paneer Butter Masala,Chinese,400,"[('Rated 4.9','Good food and service')]",Haleem,Delivery,Hyderabad
https://www.zomato.com/hyderabad/1434,"Road 44, Jubilee Hills, Hyderabad",Jubilee Restaurant 1434,No,Yes,3.4/5,11173,+91 9293160742,Jubilee Hills,Quick Bites,Chicken Biryani,South Indian,1200,"[('Rated 4.1','Good food and service')]",Burger,Desserts,Hyderabad
https://www.zomato.com/hyderabad/1435,"Road 11, Tolichowki, Hyderabad",Tolichowki Restaurant 1435,Yes,No,3.8/5,20765,+91 9077765223,Tolichowki,Fine Dining,Burger,"Biryani, North Indian",1500,"[('Rated 4.2','Good food and service')]",Burger,Delivery,Hyderabad
https://www.zomato.com/hyderabad/1436,"Road 91, LB Nagar, Hyderabad",LB Restaurant 1436,Yes,Yes,3.5/5,11401,+91 9699087038,LB Nagar,Quick Bites,Paneer Butter Masala,Chinese,800,"[('Rated 3.9','Good food and service')]",Haleem,Cafes,Hyderabad
https://www.zomato.com/hyderabad/1437,"Road 88, Hitech City, Hyderabad",Hitech Restaurant 1437,Yes,Yes,4.1/5,16936,+91 9773979388,Hitech City,Cafe,Burger,"Biryani, North Indian",600,"[('Rated 3.2','Good food and service')]",Masala Dosa,Desserts,Hyderabad
https://www.zomato.com/hyderabad/1438,"Road 9, Banjara Hills, Hyderabad",Banjara Restaurant 1438,No,No,3.3/5,20890,+91 9296510494,Banjara Hills,Cafe,Coffee,"Mughlai, Biryani",400,"[('Rated 4.4','Good food and service')]",Chicken Biryani,Buffet,Hyderabad
https://www.zomato.com/hyderabad/1439,"Road 83, Madhapur, Hyderabad",Madhapur Restaurant 1439,No,Yes,4.2/5,7987,+91 9965193282,Madhapur,Buffet,Paneer Butter Masala,"Biryani, North Indian",600,"[('Rated 4.7','Good food and service')]",Coffee,Dine-out,Hyderabad
https://www.zomato.com/hyderabad/1440,"Road 89, Miyapur, Hyderabad",Miyapur Restaurant 1440,No,Yes,4.7/5,22172,+91 9976077021,Miyapur,Quick Bites,Burger,Fast Food,1500,"[('Rated 3.5','Good food and service')]",Chicken Biryani,Delivery,Hyderabad
https://www.zomato.com/hyderabad/1441,"Road 45, Banjara Hills, Hyderabad",Banjara Restaurant 1441,Yes,No,4.5/5,23287,+91 9617173201,Banjara Hills,Fine Dining,Haleem,"Biryani, North Indian",1200,"[('Rated 4.0','Good food and service')]",Haleem,Cafes,Hyderabad
https://www.zomato.com/hyderabad/1442,"Road 77, Begumpet, Hyderabad",Begumpet Restaurant 1442,No,Yes,3.7/5,3553,+91 9380861620,Begumpet,Buffet,Coffee,"Biryani, North Indian",600,"[('Rated 3.4','Good food and service')]",Burger,Dine-out,Hyderabad
https://www.zomato.com/hyderabad/1443,"Road 63, Banjara Hills, Hyderabad",Banjara Restaurant 1443,No,No,4.6/5,1768,+91 9321914441,Banjara Hills,Bakery,Burger,"Bakery, Desserts",400,"[('Rated 5.0','Good food and service')]",Burger,Cafes,Hyderabad
https://www.zomato.com/hyderabad/1444,"Road 34, Kondapur, Hyderabad",Kondapur Restaurant 1444,No,Yes,3.7/5,21978,+91 9327977999,Kondapur,Cafe,Paneer Butter Masala,"Mughlai, Biryani",1200,"[('Rated 3.6','Good food and service')]",Burger,Cafes,Hyderabad
https://www.zomato.com/hyderabad/1445,"Road 70, Jubilee Hills, Hyderabad",Jubilee Restaurant 1445,No,Yes,4.0/5,1417,+91 9968784218,Jubilee Hills,Quick Bites,Pizza,"Mughlai, Biryani",1000,"[('Rated 3.3','Good food and service')]",Paneer Butter Masala,Desserts,Hyderabad
https://www.zomato.com/hyderabad/1446,"Road 33, LB Nagar, Hyderabad",LB Restaurant 1446,No,No,3.6/5,1183,+91 9105955660,LB Nagar,Buffet,Pizza,Fast Food,1000,"[('Rated 3.6','Good food and service')]",Chicken Biryani,Desserts,Hyderabad
https://www.zomato.com/hyderabad/1447,"Road 68, Jubilee Hills, Hyderabad",Jubilee Restaurant 1447,No,No,4.2/5,23393,+91 9350589928,Jubilee Hills,Quick Bites,Pizza,"Bakery, Desserts",1500,"[('Rated 3.5','Good food and service')]",Paneer Butter Masala,Cafes,Hyderabad
https://www.zomato.com/hyderabad/1448,"Road 72, Charminar, Hyderabad",Charminar Restaurant 1448,No,Yes,4.8/5,7647,+91 9999873975,Charminar,Buffet,Mutton Biryani,"Bakery, Desserts",300,"[('Rated 4.9','Good food and service')]",Burger,Buffet,Hyderabad
https://www.zomato.com/hyderabad/1449,"Road 75, Banjara Hills, Hyderabad",Banjara Restaurant 1449,No,Yes,3.3/5,19354,+91 9045276855,Banjara Hills,Buffet,Paneer Butter Masala,"Mughlai, Biryani",300,"[('Rated 3.8','Good food and service')]",Coffee,Desserts,Hyderabad
https://www.zomato.com/hyderabad/1450,"Road 31, Jubilee Hills, Hyderabad",Jubilee Restaurant 1450,Yes,No,3.9/5,2238,+91 9060857438,Jubilee Hills,Bakery,Masala Dosa,"Mughlai, Biryani",800,"[('Rated 4.7','Good food and service')]",Mutton Biryani,Buffet,Hyderabad
https://www.zomato.com/hyderabad/1451,"Road 55, Ameerpet, Hyderabad",Ameerpet Restaurant 1451,Yes,No,3.2/5,18688,+91 9247494308,Ameerpet,Fine Dining,Chicken Biryani,Fast Food,1200,"[('Rated 4.9','Good food and service')]",Masala Dosa,Buffet,Hyderabad
https://www.zomato.com/hyderabad/1452,"Road 8, Madhapur, Hyderabad",Madhapur Restaurant 1452,No,Yes,4.2/5,18212,+91 9749546672,Madhapur,Fine Dining,Coffee,"Cafe, Beverages",300,"[('Rated 4.9','Good food and service')]",Mutton Biryani,Desserts,Hyderabad
https://www.zomato.com/hyderabad/1453,"Road 66, Kukatpally, Hyderabad",Kukatpally Restaurant 1453,Yes,No,4.8/5,24974,+91 9894225288,Kukatpally,Quick Bites,Pizza,"Biryani, North Indian",500,"[('Rated 4.8','Good food and service')]",Coffee,Desserts,Hyderabad
https://www.zomato.com/hyderabad/1454,"Road 67, Dilsukhnagar, Hyderabad",Dilsukhnagar Restaurant 1454,No,Yes,4.1/5,9916,+91 9604206249,Dilsukhnagar,Bakery,Haleem,"Cafe, Beverages",1000,"[('Rated 3.9','Good food and service')]",Chicken Biryani,Cafes,Hyderabad
https://www.zomato.com/hyderabad/1455,"Road 15, Kondapur, Hyderabad",Kondapur Restaurant 1455,No,Yes,3.7/5,1718,+91 9814455042,Kondapur,Buffet,Pizza,South Indian,1000,"[('Rated 3.8','Good food and service')]",Chicken Biryani,Buffet,Hyderabad
https://www.zomato.com/hyderabad/1456,"Road 97, Charminar, Hyderabad",Charminar Restaurant 1456,Yes,No,4.8/5,2215,+91 9304963592,Charminar,Bakery,Pizza,Fast Food,1000,"[('Rated 3.1','Good food and service')]",Paneer Butter Masala,Cafes,Hyderabad
https://www.zomato.com/hyderabad/1457,"Road 1, Dilsukhnagar, Hyderabad",Dilsukhnagar Restaurant 1457,Yes,Yes,3.8/5,24980,+91 9621725649,Dilsukhnagar,Bakery,Chicken Biryani,"Cafe, Beverages",1200,"[('Rated 3.8','Good food and service')]",Mutton Biryani,Delivery,Hyderabad
https://www.zomato.com/hyderabad/1458,"Road 74, Dilsukhnagar, Hyderabad",Dilsukhnagar Restaurant 1458,Yes,No,3.9/5,5224,+91 9318886009,Dilsukhnagar,Cafe,Haleem,"Cafe, Beverages",1000,"[('Rated 3.4','Good food and service')]",Chicken Biryani,Cafes,Hyderabad
https://www.zomato.com/hyderabad/1459,"Road 54, Begumpet, Hyderabad",Begumpet Restaurant 1459,Yes,No,3.4/5,10247,+91 9400701721,Begumpet,Fine Dining,Masala Dosa,"Mughlai, Biryani",500,"[('Rated 4.5','Good food and service')]",Burger,Buffet,Hyderabad
https://www.zomato.com/hyderabad/1460,"Road 41, Tolichowki, Hyderabad",Tolichowki Restaurant 1460,No,No,4.2/5,16417,+91 9398206543,Tolichowki,Casual Dining,Paneer Butter Masala,"Cafe, Beverages",300,"[('Rated 3.1','Good food and service')]",Paneer Butter Masala,Delivery,Hyderabad
https://www.zomato.com/hyderabad/1461,"Road 55, Kondapur, Hyderabad",Kondapur Restaurant 1461,Yes,No,4.4/5,22778,+91 9283141556,Kondapur,Buffet,Pizza,Chinese,400,"[('Rated 3.2','Good food and service')]",Chicken Biryani,Dine-out,Hyderabad
https://www.zomato.com/hyderabad/1462,"Road 24, Tolichowki, Hyderabad",Tolichowki Restaurant 1462,No,No,4.0/5,9528,+91 9078321091,Tolichowki,Buffet,Pizza,"Bakery, Desserts",400,"[('Rated 3.5','Good food and service')]",Pizza,Delivery,Hyderabad
https://www.zomato.com/hyderabad/1463,"Road 61, Kondapur, Hyderabad",Kondapur Restaurant 1463,No,Yes,3.9/5,2248,+91 9026778227,Kondapur,Cafe,Burger,South Indian,600,"[('Rated 3.4','Good food and service')]",Mutton Biryani,Cafes,Hyderabad
https://www.zomato.com/hyderabad/1464,"Road 38, Miyapur, Hyderabad",Miyapur Restaurant 1464,Yes,No,4.6/5,14498,+91 9942470490,Miyapur,Buffet,Haleem,"Cafe, Beverages",500,"[('Rated 3.9','Good food and service')]",Coffee,Cafes,Hyderabad
https://www.zomato.com/hyderabad/1465,"Road 80, Hitech City, Hyderabad",Hitech Restaurant 1465,No,No,4.7/5,5759,+91 9509437218,Hitech City,Cafe,Burger,"Biryani, North Indian",1000,"[('Rated 4.8','Good food and service')]",Paneer Butter Masala,Delivery,Hyderabad
https://www.zomato.com/hyderabad/1466,"Road 98, Gachibowli, Hyderabad",Gachibowli Restaurant 1466,No,Yes,4.4/5,16347,+91 9306647127,Gachibowli,Cafe,Chicken Biryani,"Biryani, North Indian",1000,"[('Rated 4.0','Good food and service')]",Haleem,Buffet,Hyderabad
https://www.zomato.com/hyderabad/1467,"Road 42, Miyapur, Hyderabad",Miyapur Restaurant 1467,Yes,No,4.4/5,5568,+91 9454482833,Miyapur,Cafe,Burger,Chinese,400,"[('Rated 4.3','Good food and service')]",Coffee,Cafes,Hyderabad
https://www.zomato.com/hyderabad/1468,"Road 58, Miyapur, Hyderabad",Miyapur Restaurant 1468,No,No,4.6/5,15979,+91 9649711591,Miyapur,Cafe,Burger,South Indian,1200,"[('Rated 3.0','Good food and service')]",Haleem,Delivery,Hyderabad
https://www.zomato.com/hyderabad/1469,"Road 7, Charminar, Hyderabad",Charminar Restaurant 1469,No,Yes,4.3/5,1554,+91 9454067511,Charminar,Quick Bites,Masala Dosa,Fast Food,300,"[('Rated 3.0','Good food and service')]",Masala Dosa,Dine-out,Hyderabad
https://www.zomato.com/hyderabad/1470,"Road 18, Miyapur, Hyderabad",Miyapur Restaurant 1470,No,Yes,3.9/5,4486,+91 9884638261,Miyapur,Cafe,Pizza,"Biryani, North Indian",400,"[('Rated 3.4','Good food and service')]",Paneer Butter Masala,Desserts,Hyderabad
https://www.zomato.com/hyderabad/1471,"Road 76, Secunderabad, Hyderabad",Secunderabad Restaurant 1471,Yes,Yes,4.1/5,4497,+91 9480465584,Secunderabad,Bakery,Haleem,Chinese,500,"[('Rated 4.7','Good food and service')]",Burger,Buffet,Hyderabad
https://www.zomato.com/hyderabad/1472,"Road 65, LB Nagar, Hyderabad",LB Restaurant 1472,No,Yes,4.1/5,12011,+91 9239478537,LB Nagar,Cafe,Mutton Biryani,Fast Food,800,"[('Rated 3.6','Good food and service')]",Chicken Biryani,Delivery,Hyderabad
https://www.zomato.com/hyderabad/1473,"Road 73, Tolichowki, Hyderabad",Tolichowki Restaurant 1473,No,Yes,3.8/5,22148,+91 9236919326,Tolichowki,Fine Dining,Chicken Biryani,South Indian,300,"[('Rated 3.8','Good food and service')]",Coffee,Dine-out,Hyderabad
https://www.zomato.com/hyderabad/1474,"Road 77, Secunderabad, Hyderabad",Secunderabad Restaurant 1474,No,No,4.2/5,13381,+91 9515931548,Secunderabad,Casual Dining,Haleem,"Cafe, Beverages",300,"[('Rated 3.5','Good food and service')]",Burger,Dine-out,Hyderabad
https://www.zomato.com/hyderabad/1475,"Road 26, Begumpet, Hyderabad",Begumpet Restaurant 1475,Yes,Yes,3.5/5,19198,+91 9626029965,Begumpet,Casual Dining,Mutton Biryani,"Mughlai, Biryani",300,"[('Rated 3.3','Good food and service')]",Coffee,Desserts,Hyderabad
https://www.zomato.com/hyderabad/1476,"Road 33, Ameerpet, Hyderabad",Ameerpet Restaurant 1476,Yes,Yes,4.8/5,21889,+91 9542373107,Ameerpet,Fine Dining,Haleem,Fast Food,400,"[('Rated 4.6','Good food and service')]",Masala Dosa,Cafes,Hyderabad
https://www.zomato.com/hyderabad/1477,"Road 2, Jubilee Hills, Hyderabad",Jubilee Restaurant 1477,Yes,No,3.6/5,20688,+91 9582124500,Jubilee Hills,Cafe,Haleem,Fast Food,800,"[('Rated 3.0','Good food and service')]",Mutton Biryani,Cafes,Hyderabad
https://www.zomato.com/hyderabad/1478,"Road 56, Jubilee Hills, Hyderabad",Jubilee Restaurant 1478,No,No,4.1/5,15903,+91 9861369119,Jubilee Hills,Buffet,Chicken Biryani,"Biryani, North Indian",800,"[('Rated 4.2','Good food and service')]",Mutton Biryani,Cafes,Hyderabad
https://www.zomato.com/hyderabad/1479,"Road 44, Secunderabad, Hyderabad",Secunderabad Restaurant 1479,Yes,Yes,4.4/5,18366,+91 9759090957,Secunderabad,Casual Dining,Paneer Butter Masala,"Cafe, Beverages",400,"[('Rated 4.0','Good food and service')]",Pizza,Buffet,Hyderabad
https://www.zomato.com/hyderabad/1480,"Road 27, Miyapur, Hyderabad",Miyapur Restaurant 1480,No,Yes,3.3/5,3234,+91 9438073793,Miyapur,Bakery,Haleem,"Mughlai, Biryani",500,"[('Rated 4.8','Good food and service')]",Mutton Biryani,Cafes,Hyderabad
https://www.zomato.com/hyderabad/1481,"Road 35, Begumpet, Hyderabad",Begumpet Restaurant 1481,Yes,Yes,4.6/5,13768,+91 9189929441,Begumpet,Casual Dining,Masala Dosa,South Indian,600,"[('Rated 3.0','Good food and service')]",Masala Dosa,Dine-out,Hyderabad
https://www.zomato.com/hyderabad/1482,"Road 2, Kondapur, Hyderabad",Kondapur Restaurant 1482,Yes,Yes,4.0/5,208,+91 9037862683,Kondapur,Quick Bites,Burger,"Cafe, Beverages",1200,"[('Rated 4.7','Good food and service')]",Paneer Butter Masala,Cafes,Hyderabad
https://www.zomato.com/hyderabad/1483,"Road 95, Hitech City, Hyderabad",Hitech Restaurant 1483,Yes,No,4.2/5,5780,+91 9156572729,Hitech City,Bakery,Paneer Butter Masala,Fast Food,500,"[('Rated 3.3','Good food and service')]",Haleem,Delivery,Hyderabad
https://www.zomato.com/hyderabad/1484,"Road 74, LB Nagar, Hyderabad",LB Restaurant 1484,No,No,4.1/5,11003,+91 9623867065,LB Nagar,Quick Bites,Mutton Biryani,"Mughlai, Biryani",1200,"[('Rated 4.6','Good food and service')]",Paneer Butter Masala,Dine-out,Hyderabad
https://www.zomato.com/hyderabad/1485,"Road 99, Dilsukhnagar, Hyderabad",Dilsukhnagar Restaurant 1485,Yes,Yes,4.8/5,15504,+91 9798396413,Dilsukhnagar,Bakery,Coffee,"Biryani, North Indian",500,"[('Rated 3.9','Good food and service')]",Chicken Biryani,Buffet,Hyderabad
https://www.zomato.com/hyderabad/1486,"Road 31, Charminar, Hyderabad",Charminar Restaurant 1486,Yes,No,4.0/5,17149,+91 9779989217,Charminar,Quick Bites,Paneer Butter Masala,Fast Food,400,"[('Rated 4.6','Good food and service')]",Masala Dosa,Cafes,Hyderabad
https://www.zomato.com/hyderabad/1487,"Road 40, Begumpet, Hyderabad",Begumpet Restaurant 1487,No,Yes,3.3/5,15249,+91 9775033767,Begumpet,Quick Bites,Burger,"Bakery, Desserts",800,"[('Rated 4.6','Good food and service')]",Burger,Buffet,Hyderabad
https://www.zomato.com/hyderabad/1488,"Road 85, Madhapur, Hyderabad",Madhapur Restaurant 1488,Yes,Yes,4.2/5,23609,+91 9909139394,Madhapur,Casual Dining,Paneer Butter Masala,Chinese,400,"[('Rated 3.1','Good food and service')]",Coffee,Cafes,Hyderabad
https://www.zomato.com/hyderabad/1489,"Road 61, Begumpet, Hyderabad",Begumpet Restaurant 1489,No,Yes,4.4/5,6064,+91 9013635793,Begumpet,Cafe,Mutton Biryani,South Indian,1500,"[('Rated 4.7','Good food and service')]",Chicken Biryani,Delivery,Hyderabad
https://www.zomato.com/hyderabad/1490,"Road 82, Banjara Hills, Hyderabad",Banjara Restaurant 1490,No,Yes,4.7/5,4504,+91 9655012529,Banjara Hills,Casual Dining,Mutton Biryani,"Cafe, Beverages",800,"[('Rated 4.6','Good food and service')]",Mutton Biryani,Desserts,Hyderabad
https://www.zomato.com/hyderabad/1491,"Road 100, Charminar, Hyderabad",Charminar Restaurant 1491,No,No,3.6/5,1988,+91 9210311394,Charminar,Fine Dining,Burger,"Biryani, North Indian",300,"[('Rated 3.7','Good food and service')]",Burger,Desserts,Hyderabad
https://www.zomato.com/hyderabad/1492,"Road 80, Banjara Hills, Hyderabad",Banjara Restaurant 1492,No,Yes,3.5/5,16403,+91 9112568334,Banjara Hills,Bakery,Haleem,"Mughlai, Biryani",1000,"[('Rated 3.1','Good food and service')]",Masala Dosa,Delivery,Hyderabad
https://www.zomato.com/hyderabad/1493,"Road 6, Hitech City, Hyderabad",Hitech Restaurant 1493,Yes,Yes,3.4/5,10215,+91 9444774265,Hitech City,Buffet,Pizza,Fast Food,1500,"[('Rated 3.9','Good food and service')]",Chicken Biryani,Buffet,Hyderabad
https://www.zomato.com/hyderabad/1494,"Road 99, Madhapur, Hyderabad",Madhapur Restaurant 1494,No,No,4.8/5,15040,+91 9799313890,Madhapur,Casual Dining,Mutton Biryani,"Bakery, Desserts",400,"[('Rated 4.5','Good food and service')]",Chicken Biryani,Desserts,Hyderabad
https://www.zomato.com/hyderabad/1495,"Road 72, Jubilee Hills, Hyderabad",Jubilee Restaurant 1495,No,Yes,3.6/5,19544,+91 9707796506,Jubilee Hills,Casual Dining,Coffee,South Indian,1200,"[('Rated 4.6','Good food and service')]",Haleem,Dine-out,Hyderabad
https://www.zomato.com/hyderabad/1496,"Road 54, Kondapur, Hyderabad",Kondapur Restaurant 1496,No,Yes,4.5/5,21726,+91 9674689403,Kondapur,Buffet,Chicken Biryani,"Bakery, Desserts",500,"[('Rated 3.8','Good food and service')]",Coffee,Dine-out,Hyderabad
https://www.zomato.com/hyderabad/1497,"Road 11, Begumpet, Hyderabad",Begumpet Restaurant 1497,Yes,Yes,4.5/5,9421,+91 9686684010,Begumpet,Bakery,Haleem,"Bakery, Desserts",600,"[('Rated 3.3','Good food and service')]",Mutton Biryani,Cafes,Hyderabad
https://www.zomato.com/hyderabad/1498,"Road 16, Gachibowli, Hyderabad",Gachibowli Restaurant 1498,Yes,No,4.2/5,6078,+91 9606310245,Gachibowli,Bakery,Mutton Biryani,"Cafe, Beverages",1000,"[('Rated 3.4','Good food and service')]",Paneer Butter Masala,Dine-out,Hyderabad
https://www.zomato.com/hyderabad/1499,"Road 93, Banjara Hills, Hyderabad",Banjara Restaurant 1499,No,Yes,3.6/5,14444,+91 9778426949,Banjara Hills,Fine Dining,Coffee,"Bakery, Desserts",800,"[('Rated 3.4','Good food and service')]",Pizza,Buffet,Hyderabad
https://www.zomato.com/hyderabad/1500,"Road 46, Dilsukhnagar, Hyderabad",Dilsukhnagar Restaurant 1500,Yes,Yes,4.1/5,9967,+91 9195234809,Dilsukhnagar,Casual Dining,Chicken Biryani,Fast Food,800,"[('Rated 4.9','Good food and service')]",Chicken Biryani,Delivery,Hyderabad
https://www.zomato.com/hyderabad/1501,"Road 2, Miyapur, Hyderabad",Miyapur Restaurant 1501,Yes,No,3.9/5,2211,+91 9459238885,Miyapur,Bakery,Burger,South Indian,1200,"[('Rated 4.9','Good food and service')]",Coffee,Cafes,Hyderabad
https://www.zomato.com/hyderabad/1502,"Road 16, Kukatpally, Hyderabad",Kukatpally Restaurant 1502,Yes,No,4.2/5,6022,+91 9796809489,Kukatpally,Fine Dining,Burger,Chinese,1200,"[('Rated 3.1','Good food and service')]",Pizza,Dine-out,Hyderabad
https://www.zomato.com/hyderabad/1503,"Road 69, Miyapur, Hyderabad",Miyapur Restaurant 1503,No,No,4.2/5,5254,+91 9721995687,Miyapur,Bakery,Haleem,"Mughlai, Biryani",800,"[('Rated 4.9','Good food and service')]",Coffee,Delivery,Hyderabad
https://www.zomato.com/hyderabad/1504,"Road 14, Secunderabad, Hyderabad",Secunderabad Restaurant 1504,No,No,3.6/5,3311,+91 9650148140,Secunderabad,Cafe,Burger,"Mughlai, Biryani",600,"[('Rated 3.7','Good food and service')]",Pizza,Dine-out,Hyderabad
https://www.zomato.com/hyderabad/1505,"Road 90, Secunderabad, Hyderabad",Secunderabad Restaurant 1505,Yes,Yes,3.4/5,14546,+91 9708463707,Secunderabad,Buffet,Paneer Butter Masala,"Bakery, Desserts",300,"[('Rated 4.2','Good food and service')]",Coffee,Desserts,Hyderabad
https://www.zomato.com/hyderabad/1506,"Road 1, Gachibowli, Hyderabad",Gachibowli Restaurant 1506,Yes,No,4.8/5,13742,+91 9182644700,Gachibowli,Bakery,Mutton Biryani,"Bakery, Desserts",400,"[('Rated 4.8','Good food and service')]",Pizza,Dine-out,Hyderabad
https://www.zomato.com/hyderabad/1507,"Road 85, Begumpet, Hyderabad",Begumpet Restaurant 1507,Yes,Yes,4.4/5,11796,+91 9462887971,Begumpet,Bakery,Chicken Biryani,South Indian,1500,"[('Rated 4.7','Good food and service')]",Masala Dosa,Delivery,Hyderabad
https://www.zomato.com/hyderabad/1508,"Road 83, LB Nagar, Hyderabad",LB Restaurant 1508,No,No,4.7/5,13774,+91 9287174135,LB Nagar,Casual Dining,Chicken Biryani,South Indian,1500,"[('Rated 3.8','Good food and service')]",Coffee,Cafes,Hyderabad
https://www.zomato.com/hyderabad/1509,"Road 79, Kukatpally, Hyderabad",Kukatpally Restaurant 1509,No,No,4.6/5,23706,+91 9210809011,Kukatpally,Bakery,Chicken Biryani,Chinese,500,"[('Rated 4.4','Good food and service')]",Pizza,Buffet,Hyderabad
https://www.zomato.com/hyderabad/1510,"Road 5, Secunderabad, Hyderabad",Secunderabad Restaurant 1510,Yes,No,4.4/5,2411,+91 9561099732,Secunderabad,Fine Dining,Paneer Butter Masala,"Biryani, North Indian",1200,"[('Rated 3.5','Good food and service')]",Mutton Biryani,Cafes,Hyderabad
https://www.zomato.com/hyderabad/1511,"Road 93, Ameerpet, Hyderabad",Ameerpet Restaurant 1511,Yes,No,3.6/5,1878,+91 9598563058,Ameerpet,Quick Bites,Coffee,"Bakery, Desserts",400,"[('Rated 3.7','Good food and service')]",Burger,Cafes,Hyderabad
https://www.zomato.com/hyderabad/1512,"Road 44, Begumpet, Hyderabad",Begumpet Restaurant 1512,Yes,Yes,4.5/5,24049,+91 9662117675,Begumpet,Fine Dining,Paneer Butter Masala,"Biryani, North Indian",800,"[('Rated 3.7','Good food and service')]",Pizza,Buffet,Hyderabad
https://www.zomato.com/hyderabad/1513,"Road 27, Miyapur, Hyderabad",Miyapur Restaurant 1513,No,Yes,4.8/5,12333,+91 9800796320,Miyapur,Buffet,Masala Dosa,Fast Food,300,"[('Rated 4.3','Good food and service')]",Coffee,Dine-out,Hyderabad
https://www.zomato.com/hyderabad/1514,"Road 49, Madhapur, Hyderabad",Madhapur Restaurant 1514,No,Yes,4.6/5,20092,+91 9926174190,Madhapur,Cafe,Haleem,"Cafe, Beverages",500,"[('Rated 3.8','Good food and service')]",Paneer Butter Masala,Delivery,Hyderabad
https://www.zomato.com/hyderabad/1515,"Road 95, Miyapur, Hyderabad",Miyapur Restaurant 1515,No,Yes,4.1/5,14946,+91 9426174643,Miyapur,Casual Dining,Chicken Biryani,"Bakery, Desserts",400,"[('Rated 3.2','Good food and service')]",Coffee,Dine-out,Hyderabad
https://www.zomato.com/hyderabad/1516,"Road 6, Charminar, Hyderabad",Charminar Restaurant 1516,Yes,Yes,3.2/5,10050,+91 9588382895,Charminar,Bakery,Paneer Butter Masala,Fast Food,600,"[('Rated 3.7','Good food and service')]",Mutton Biryani,Cafes,Hyderabad
https://www.zomato.com/hyderabad/1517,"Road 63, Banjara Hills, Hyderabad",Banjara Restaurant 1517,No,Yes,4.7/5,7757,+91 9705381952,Banjara Hills,Quick Bites,Haleem,"Cafe, Beverages",500,"[('Rated 4.2','Good food and service')]",Coffee,Cafes,Hyderabad
https://www.zomato.com/hyderabad/1518,"Road 77, Miyapur, Hyderabad",Miyapur Restaurant 1518,Yes,No,3.7/5,7602,+91 9381309366,Miyapur,Buffet,Pizza,Fast Food,1200,"[('Rated 4.2','Good food and service')]",Coffee,Cafes,Hyderabad
https://www.zomato.com/hyderabad/1519,"Road 26, Kukatpally, Hyderabad",Kukatpally Restaurant 1519,No,Yes,4.0/5,5464,+91 9096010582,Kukatpally,Quick Bites,Haleem,Chinese,400,"[('Rated 4.3','Good food and service')]",Chicken Biryani,Delivery,Hyderabad
https://www.zomato.com/hyderabad/1520,"Road 74, Ameerpet, Hyderabad",Ameerpet Restaurant 1520,No,No,3.2/5,19907,+91 9991739915,Ameerpet,Fine Dining,Paneer Butter Masala,"Cafe, Beverages",1000,"[('Rated 5.0','Good food and service')]",Pizza,Desserts,Hyderabad
https://www.zomato.com/hyderabad/1521,"Road 96, Charminar, Hyderabad",Charminar Restaurant 1521,Yes,No,3.6/5,18155,+91 9364943171,Charminar,Fine Dining,Mutton Biryani,Fast Food,1000,"[('Rated 4.9','Good food and service')]",Pizza,Delivery,Hyderabad
https://www.zomato.com/hyderabad/1522,"Road 63, Kukatpally, Hyderabad",Kukatpally Restaurant 1522,Yes,Yes,3.3/5,13624,+91 9833078791,Kukatpally,Bakery,Mutton Biryani,"Bakery, Desserts",600,"[('Rated 4.2','Good food and service')]",Coffee,Delivery,Hyderabad
https://www.zomato.com/hyderabad/1523,"Road 96, Kondapur, Hyderabad",Kondapur Restaurant 1523,No,Yes,4.1/5,2603,+91 9612213402,Kondapur,Quick Bites,Pizza,"Bakery, Desserts",600,"[('Rated 3.4','Good food and service')]",Paneer Butter Masala,Cafes,Hyderabad
https://www.zomato.com/hyderabad/1524,"Road 86, Banjara Hills, Hyderabad",Banjara Restaurant 1524,No,No,4.4/5,7072,+91 9907280609,Banjara Hills,Buffet,Mutton Biryani,"Biryani, North Indian",1000,"[('Rated 4.5','Good food and service')]",Mutton Biryani,Cafes,Hyderabad
https://www.zomato.com/hyderabad/1525,"Road 34, Ameerpet, Hyderabad",Ameerpet Restaurant 1525,Yes,Yes,3.6/5,6038,+91 9978974931,Ameerpet,Bakery,Coffee,"Cafe, Beverages",300,"[('Rated 3.4','Good food and service')]",Burger,Cafes,Hyderabad
https://www.zomato.com/hyderabad/1526,"Road 24, Gachibowli, Hyderabad",Gachibowli Restaurant 1526,Yes,No,4.2/5,20027,+91 9333774173,Gachibowli,Bakery,Coffee,Chinese,800,"[('Rated 4.3','Good food and service')]",Pizza,Desserts,Hyderabad
https://www.zomato.com/hyderabad/1527,"Road 17, Hitech City, Hyderabad",Hitech Restaurant 1527,No,No,4.1/5,19772,+91 9541326419,Hitech City,Fine Dining,Haleem,"Biryani, North Indian",1500,"[('Rated 4.5','Good food and service')]",Paneer Butter Masala,Delivery,Hyderabad
https://www.zomato.com/hyderabad/1528,"Road 90, Tolichowki, Hyderabad",Tolichowki Restaurant 1528,Yes,Yes,3.9/5,23688,+91 9901267875,Tolichowki,Casual Dining,Paneer Butter Masala,"Cafe, Beverages",1000,"[('Rated 4.2','Good food and service')]",Paneer Butter Masala,Buffet,Hyderabad
https://www.zomato.com/hyderabad/1529,"Road 2, Kondapur, Hyderabad",Kondapur Restaurant 1529,Yes,Yes,4.0/5,21915,+91 9223535570,Kondapur,Quick Bites,Mutton Biryani,Chinese,1000,"[('Rated 4.6','Good food and service')]",Paneer Butter Masala,Desserts,Hyderabad
https://www.zomato.com/hyderabad/1530,"Road 64, Ameerpet, Hyderabad",Ameerpet Restaurant 1530,Yes,No,4.1/5,1645,+91 9962275151,Ameerpet,Fine Dining,Coffee,Fast Food,600,"[('Rated 3.5','Good food and service')]",Chicken Biryani,Cafes,Hyderabad
https://www.zomato.com/hyderabad/1531,"Road 7, Gachibowli, Hyderabad",Gachibowli Restaurant 1531,Yes,Yes,4.5/5,7814,+91 9622976223,Gachibowli,Fine Dining,Pizza,Fast Food,400,"[('Rated 3.1','Good food and service')]",Pizza,Cafes,Hyderabad
https://www.zomato.com/hyderabad/1532,"Road 38, Miyapur, Hyderabad",Miyapur Restaurant 1532,Yes,No,3.9/5,4774,+91 9211681265,Miyapur,Cafe,Chicken Biryani,"Mughlai, Biryani",1200,"[('Rated 3.9','Good food and service')]",Chicken Biryani,Dine-out,Hyderabad
https://www.zomato.com/hyderabad/1533,"Road 89, Tolichowki, Hyderabad",Tolichowki Restaurant 1533,Yes,No,3.8/5,1267,+91 9054923996,Tolichowki,Quick Bites,Burger,South Indian,1200,"[('Rated 3.2','Good food and service')]",Coffee,Dine-out,Hyderabad
https://www.zomato.com/hyderabad/1534,"Road 47, Kondapur, Hyderabad",Kondapur Restaurant 1534,No,Yes,4.7/5,16625,+91 9536943022,Kondapur,Casual Dining,Pizza,Fast Food,1000,"[('Rated 3.4','Good food and service')]",Mutton Biryani,Cafes,Hyderabad
https://www.zomato.com/hyderabad/1535,"Road 30, Hitech City, Hyderabad",Hitech Restaurant 1535,Yes,No,4.1/5,15386,+91 9358850621,Hitech City,Buffet,Masala Dosa,"Biryani, North Indian",1500,"[('Rated 4.1','Good food and service')]",Chicken Biryani,Cafes,Hyderabad
https://www.zomato.com/hyderabad/1536,"Road 13, Hitech City, Hyderabad",Hitech Restaurant 1536,Yes,Yes,4.2/5,23543,+91 9141871196,Hitech City,Bakery,Paneer Butter Masala,"Bakery, Desserts",800,"[('Rated 3.1','Good food and service')]",Paneer Butter Masala,Dine-out,Hyderabad
https://www.zomato.com/hyderabad/1537,"Road 10, Tolichowki, Hyderabad",Tolichowki Restaurant 1537,No,Yes,4.5/5,22401,+91 9520802190,Tolichowki,Cafe,Mutton Biryani,"Mughlai, Biryani",1500,"[('Rated 3.9','Good food and service')]",Coffee,Dine-out,Hyderabad
https://www.zomato.com/hyderabad/1538,"Road 74, Begumpet, Hyderabad",Begumpet Restaurant 1538,No,No,4.7/5,7380,+91 9348173331,Begumpet,Cafe,Burger,"Mughlai, Biryani",800,"[('Rated 3.7','Good food and service')]",Masala Dosa,Desserts,Hyderabad
https://www.zomato.com/hyderabad/1539,"Road 90, Banjara Hills, Hyderabad",Banjara Restaurant 1539,No,No,4.1/5,4827,+91 9949083113,Banjara Hills,Bakery,Masala Dosa,"Bakery, Desserts",1200,"[('Rated 4.9','Good food and service')]",Haleem,Delivery,Hyderabad
https://www.zomato.com/hyderabad/1540,"Road 71, Gachibowli, Hyderabad",Gachibowli Restaurant 1540,Yes,No,4.5/5,21331,+91 9800575375,Gachibowli,Fine Dining,Mutton Biryani,"Biryani, North Indian",400,"[('Rated 4.9','Good food and service')]",Mutton Biryani,Buffet,Hyderabad
https://www.zomato.com/hyderabad/1541,"Road 5, Jubilee Hills, Hyderabad",Jubilee Restaurant 1541,No,No,3.8/5,11396,+91 9615505838,Jubilee Hills,Fine Dining,Mutton Biryani,Chinese,400,"[('Rated 4.3','Good food and service')]",Masala Dosa,Delivery,Hyderabad
https://www.zomato.com/hyderabad/1542,"Road 34, LB Nagar, Hyderabad",LB Restaurant 1542,No,Yes,4.8/5,11005,+91 9104609886,LB Nagar,Casual Dining,Masala Dosa,"Biryani, North Indian",500,"[('Rated 4.2','Good food and service')]",Haleem,Desserts,Hyderabad
https://www.zomato.com/hyderabad/1543,"Road 97, Begumpet, Hyderabad",Begumpet Restaurant 1543,Yes,Yes,4.6/5,14434,+91 9050798539,Begumpet,Fine Dining,Mutton Biryani,"Cafe, Beverages",500,"[('Rated 4.6','Good food and service')]",Paneer Butter Masala,Cafes,Hyderabad
https://www.zomato.com/hyderabad/1544,"Road 44, LB Nagar, Hyderabad",LB Restaurant 1544,Yes,Yes,4.1/5,10830,+91 9638140666,LB Nagar,Casual Dining,Burger,Fast Food,400,"[('Rated 3.1','Good food and service')]",Chicken Biryani,Buffet,Hyderabad
https://www.zomato.com/hyderabad/1545,"Road 29, Banjara Hills, Hyderabad",Banjara Restaurant 1545,Yes,Yes,3.4/5,4945,+91 9760778678,Banjara Hills,Fine Dining,Chicken Biryani,South Indian,1200,"[('Rated 3.4','Good food and service')]",Haleem,Delivery,Hyderabad
https://www.zomato.com/hyderabad/1546,"Road 47, Kondapur, Hyderabad",Kondapur Restaurant 1546,Yes,No,4.8/5,17683,+91 9274106763,Kondapur,Quick Bites,Pizza,Chinese,300,"[('Rated 4.8','Good food and service')]",Paneer Butter Masala,Dine-out,Hyderabad
https://www.zomato.com/hyderabad/1547,"Road 65, Gachibowli, Hyderabad",Gachibowli Restaurant 1547,Yes,No,4.1/5,1449,+91 9126805249,Gachibowli,Casual Dining,Chicken Biryani,"Bakery, Desserts",400,"[('Rated 3.8','Good food and service')]",Coffee,Cafes,Hyderabad
https://www.zomato.com/hyderabad/1548,"Road 96, Kukatpally, Hyderabad",Kukatpally Restaurant 1548,No,No,4.6/5,19173,+91 9377984715,Kukatpally,Cafe,Mutton Biryani,"Bakery, Desserts",600,"[('Rated 3.2','Good food and service')]",Coffee,Delivery,Hyderabad
https://www.zomato.com/hyderabad/1549,"Road 16, Dilsukhnagar, Hyderabad",Dilsukhnagar Restaurant 1549,No,Yes,4.9/5,18856,+91 9868114340,Dilsukhnagar,Fine Dining,Mutton Biryani,"Mughlai, Biryani",400,"[('Rated 3.3','Good food and service')]",Paneer Butter Masala,Cafes,Hyderabad
https://www.zomato.com/hyderabad/1550,"Road 87, Madhapur, Hyderabad",Madhapur Restaurant 1550,No,No,4.2/5,20869,+91 9462836678,Madhapur,Buffet,Haleem,Chinese,400,"[('Rated 4.5','Good food and service')]",Paneer Butter Masala,Cafes,Hyderabad
https://www.zomato.com/hyderabad/1551,"Road 34, Charminar, Hyderabad",Charminar Restaurant 1551,No,No,4.2/5,22588,+91 9131945613,Charminar,Quick Bites,Pizza,Fast Food,800,"[('Rated 4.4','Good food and service')]",Chicken Biryani,Desserts,Hyderabad
https://www.zomato.com/hyderabad/1552,"Road 37, Ameerpet, Hyderabad",Ameerpet Restaurant 1552,No,No,3.6/5,16764,+91 9593340833,Ameerpet,Cafe,Paneer Butter Masala,"Bakery, Desserts",400,"[('Rated 4.1','Good food and service')]",Coffee,Cafes,Hyderabad
https://www.zomato.com/hyderabad/1553,"Road 36, Secunderabad, Hyderabad",Secunderabad Restaurant 1553,No,Yes,4.0/5,3328,+91 9581196842,Secunderabad,Fine Dining,Paneer Butter Masala,South Indian,400,"[('Rated 3.9','Good food and service')]",Paneer Butter Masala,Desserts,Hyderabad
https://www.zomato.com/hyderabad/1554,"Road 66, Banjara Hills, Hyderabad",Banjara Restaurant 1554,No,No,4.9/5,14430,+91 9005748660,Banjara Hills,Casual Dining,Mutton Biryani,"Bakery, Desserts",800,"[('Rated 3.1','Good food and service')]",Chicken Biryani,Buffet,Hyderabad
https://www.zomato.com/hyderabad/1555,"Road 16, Dilsukhnagar, Hyderabad",Dilsukhnagar Restaurant 1555,No,Yes,4.3/5,20024,+91 9543138390,Dilsukhnagar,Casual Dining,Chicken Biryani,"Mughlai, Biryani",800,"[('Rated 3.2','Good food and service')]",Coffee,Desserts,Hyderabad
https://www.zomato.com/hyderabad/1556,"Road 64, Begumpet, Hyderabad",Begumpet Restaurant 1556,No,Yes,3.2/5,18057,+91 9624974965,Begumpet,Quick Bites,Paneer Butter Masala,"Mughlai, Biryani",800,"[('Rated 3.7','Good food and service')]",Paneer Butter Masala,Dine-out,Hyderabad
https://www.zomato.com/hyderabad/1557,"Road 81, Kondapur, Hyderabad",Kondapur Restaurant 1557,No,No,3.8/5,16819,+91 9104431371,Kondapur,Quick Bites,Chicken Biryani,"Cafe, Beverages",1200,"[('Rated 3.0','Good food and service')]",Chicken Biryani,Delivery,Hyderabad
https://www.zomato.com/hyderabad/1558,"Road 59, Tolichowki, Hyderabad",Tolichowki Restaurant 1558,No,No,3.5/5,24007,+91 9261319571,Tolichowki,Casual Dining,Pizza,"Bakery, Desserts",800,"[('Rated 3.4','Good food and service')]",Coffee,Buffet,Hyderabad
https://www.zomato.com/hyderabad/1559,"Road 18, Kondapur, Hyderabad",Kondapur Restaurant 1559,No,No,4.3/5,22856,+91 9826596719,Kondapur,Casual Dining,Burger,South Indian,300,"[('Rated 5.0','Good food and service')]",Mutton Biryani,Desserts,Hyderabad
https://www.zomato.com/hyderabad/1560,"Road 47, Ameerpet, Hyderabad",Ameerpet Restaurant 1560,No,Yes,4.2/5,21333,+91 9877681469,Ameerpet,Casual Dining,Coffee,"Cafe, Beverages",800,"[('Rated 3.0','Good food and service')]",Pizza,Dine-out,Hyderabad
https://www.zomato.com/hyderabad/1561,"Road 4, Gachibowli, Hyderabad",Gachibowli Restaurant 1561,Yes,Yes,4.2/5,1981,+91 9273013306,Gachibowli,Cafe,Mutton Biryani,Chinese,400,"[('Rated 3.6','Good food and service')]",Haleem,Delivery,Hyderabad
https://www.zomato.com/hyderabad/1562,"Road 58, Charminar, Hyderabad",Charminar Restaurant 1562,No,No,3.3/5,5126,+91 9941346648,Charminar,Quick Bites,Paneer Butter Masala,"Cafe, Beverages",1000,"[('Rated 4.2','Good food and service')]",Coffee,Desserts,Hyderabad
https://www.zomato.com/hyderabad/1563,"Road 16, Miyapur, Hyderabad",Miyapur Restaurant 1563,Yes,Yes,3.4/5,8836,+91 9150837824,Miyapur,Buffet,Pizza,Chinese,1000,"[('Rated 3.8','Good food and service')]",Pizza,Desserts,Hyderabad
https://www.zomato.com/hyderabad/1564,"Road 47, Charminar, Hyderabad",Charminar Restaurant 1564,Yes,No,4.3/5,13813,+91 9169228311,Charminar,Casual Dining,Chicken Biryani,South Indian,800,"[('Rated 3.2','Good food and service')]",Paneer Butter Masala,Buffet,Hyderabad
https://www.zomato.com/hyderabad/1565,"Road 41, Begumpet, Hyderabad",Begumpet Restaurant 1565,No,Yes,3.4/5,10537,+91 9057511504,Begumpet,Fine Dining,Mutton Biryani,Fast Food,300,"[('Rated 4.0','Good food and service')]",Mutton Biryani,Delivery,Hyderabad
https://www.zomato.com/hyderabad/1566,"Road 33, Kondapur, Hyderabad",Kondapur Restaurant 1566,No,No,4.1/5,10363,+91 9981960684,Kondapur,Cafe,Burger,"Bakery, Desserts",400,"[('Rated 4.6','Good food and service')]",Paneer Butter Masala,Buffet,Hyderabad
https://www.zomato.com/hyderabad/1567,"Road 19, Charminar, Hyderabad",Charminar Restaurant 1567,No,No,3.3/5,4236,+91 9659231725,Charminar,Casual Dining,Haleem,"Cafe, Beverages",500,"[('Rated 4.8','Good food and service')]",Pizza,Buffet,Hyderabad
https://www.zomato.com/hyderabad/1568,"Road 44, Hitech City, Hyderabad",Hitech Restaurant 1568,No,Yes,3.3/5,11541,+91 9301588442,Hitech City,Quick Bites,Burger,Chinese,1000,"[('Rated 4.9','Good food and service')]",Mutton Biryani,Cafes,Hyderabad
https://www.zomato.com/hyderabad/1569,"Road 91, Miyapur, Hyderabad",Miyapur Restaurant 1569,Yes,Yes,3.7/5,14785,+91 9043739496,Miyapur,Quick Bites,Pizza,"Bakery, Desserts",300,"[('Rated 3.9','Good food and service')]",Pizza,Desserts,Hyderabad
https://www.zomato.com/hyderabad/1570,"Road 41, Gachibowli, Hyderabad",Gachibowli Restaurant 1570,Yes,Yes,4.1/5,2155,+91 9816927572,Gachibowli,Cafe,Paneer Butter Masala,"Mughlai, Biryani",1200,"[('Rated 4.3','Good food and service')]",Chicken Biryani,Dine-out,Hyderabad
https://www.zomato.com/hyderabad/1571,"Road 9, Gachibowli, Hyderabad",Gachibowli Restaurant 1571,Yes,No,4.3/5,7619,+91 9503274597,Gachibowli,Buffet,Mutton Biryani,"Biryani, North Indian",500,"[('Rated 4.9','Good food and service')]",Masala Dosa,Delivery,Hyderabad
https://www.zomato.com/hyderabad/1572,"Road 73, Miyapur, Hyderabad",Miyapur Restaurant 1572,No,No,3.9/5,1855,+91 9298235776,Miyapur,Fine Dining,Haleem,South Indian,400,"[('Rated 4.7','Good food and service')]",Chicken Biryani,Dine-out,Hyderabad
https://www.zomato.com/hyderabad/1573,"Road 48, Hitech City, Hyderabad",Hitech Restaurant 1573,No,No,4.4/5,4354,+91 9716221241,Hitech City,Buffet,Haleem,"Biryani, North Indian",1000,"[('Rated 4.2','Good food and service')]",Burger,Dine-out,Hyderabad
https://www.zomato.com/hyderabad/1574,"Road 63, Kondapur, Hyderabad",Kondapur Restaurant 1574,Yes,Yes,3.4/5,1111,+91 9686739691,Kondapur,Bakery,Paneer Butter Masala,"Biryani, North Indian",600,"[('Rated 3.8','Good food and service')]",Mutton Biryani,Desserts,Hyderabad
https://www.zomato.com/hyderabad/1575,"Road 67, Madhapur, Hyderabad",Madhapur Restaurant 1575,No,No,4.7/5,7839,+91 9775440630,Madhapur,Bakery,Coffee,"Mughlai, Biryani",1000,"[('Rated 4.7','Good food and service')]",Masala Dosa,Cafes,Hyderabad
https://www.zomato.com/hyderabad/1576,"Road 94, Gachibowli, Hyderabad",Gachibowli Restaurant 1576,Yes,Yes,3.2/5,15517,+91 9500354195,Gachibowli,Bakery,Coffee,Fast Food,400,"[('Rated 3.2','Good food and service')]",Paneer Butter Masala,Desserts,Hyderabad
https://www.zomato.com/hyderabad/1577,"Road 79, Jubilee Hills, Hyderabad",Jubilee Restaurant 1577,Yes,No,4.9/5,4889,+91 9529544036,Jubilee Hills,Quick Bites,Chicken Biryani,"Mughlai, Biryani",500,"[('Rated 3.3','Good food and service')]",Coffee,Dine-out,Hyderabad
https://www.zomato.com/hyderabad/1578,"Road 56, Banjara Hills, Hyderabad",Banjara Restaurant 1578,No,No,4.0/5,15870,+91 9773577654,Banjara Hills,Casual Dining,Chicken Biryani,Chinese,400,"[('Rated 3.3','Good food and service')]",Haleem,Buffet,Hyderabad
https://www.zomato.com/hyderabad/1579,"Road 44, Secunderabad, Hyderabad",Secunderabad Restaurant 1579,Yes,No,4.8/5,6600,+91 9546974257,Secunderabad,Cafe,Haleem,"Biryani, North Indian",1000,"[('Rated 3.5','Good food and service')]",Mutton Biryani,Dine-out,Hyderabad
https://www.zomato.com/hyderabad/1580,"Road 32, Hitech City, Hyderabad",Hitech Restaurant 1580,No,Yes,4.2/5,5407,+91 9214819686,Hitech City,Cafe,Haleem,"Cafe, Beverages",1000,"[('Rated 4.0','Good food and service')]",Burger,Cafes,Hyderabad
https://www.zomato.com/hyderabad/1581,"Road 96, Dilsukhnagar, Hyderabad",Dilsukhnagar Restaurant 1581,Yes,No,4.4/5,8418,+91 9739328002,Dilsukhnagar,Casual Dining,Masala Dosa,"Biryani, North Indian",1500,"[('Rated 3.8','Good food and service')]",Haleem,Cafes,Hyderabad
https://www.zomato.com/hyderabad/1582,"Road 46, Kondapur, Hyderabad",Kondapur Restaurant 1582,No,Yes,3.9/5,15573,+91 9092128018,Kondapur,Bakery,Chicken Biryani,Fast Food,300,"[('Rated 4.3','Good food and service')]",Masala Dosa,Cafes,Hyderabad
https://www.zomato.com/hyderabad/1583,"Road 13, Madhapur, Hyderabad",Madhapur Restaurant 1583,No,No,3.8/5,20325,+91 9741030969,Madhapur,Quick Bites,Chicken Biryani,South Indian,1500,"[('Rated 4.4','Good food and service')]",Mutton Biryani,Dine-out,Hyderabad
https://www.zomato.com/hyderabad/1584,"Road 68, Tolichowki, Hyderabad",Tolichowki Restaurant 1584,No,No,4.6/5,11276,+91 9160350120,Tolichowki,Cafe,Coffee,"Mughlai, Biryani",1500,"[('Rated 4.1','Good food and service')]",Chicken Biryani,Delivery,Hyderabad
https://www.zomato.com/hyderabad/1585,"Road 59, Kondapur, Hyderabad",Kondapur Restaurant 1585,Yes,Yes,4.1/5,5019,+91 9885929240,Kondapur,Fine Dining,Burger,Chinese,1500,"[('Rated 3.5','Good food and service')]",Chicken Biryani,Cafes,Hyderabad
https://www.zomato.com/hyderabad/1586,"Road 93, Tolichowki, Hyderabad",Tolichowki Restaurant 1586,No,No,3.9/5,20193,+91 9849262034,Tolichowki,Casual Dining,Masala Dosa,Chinese,1500,"[('Rated 4.6','Good food and service')]",Masala Dosa,Dine-out,Hyderabad
https://www.zomato.com/hyderabad/1587,"Road 75, Gachibowli, Hyderabad",Gachibowli Restaurant 1587,No,Yes,4.0/5,14445,+91 9839508040,Gachibowli,Fine Dining,Mutton Biryani,Fast Food,800,"[('Rated 3.1','Good food and service')]",Burger,Cafes,Hyderabad
https://www.zomato.com/hyderabad/1588,"Road 18, Kondapur, Hyderabad",Kondapur Restaurant 1588,No,No,3.2/5,12103,+91 9904381335,Kondapur,Buffet,Paneer Butter Masala,South Indian,800,"[('Rated 3.3','Good food and service')]",Masala Dosa,Desserts,Hyderabad
https://www.zomato.com/hyderabad/1589,"Road 84, Gachibowli, Hyderabad",Gachibowli Restaurant 1589,Yes,No,4.8/5,4892,+91 9962337894,Gachibowli,Fine Dining,Haleem,Fast Food,600,"[('Rated 4.6','Good food and service')]",Haleem,Cafes,Hyderabad
https://www.zomato.com/hyderabad/1590,"Road 24, Secunderabad, Hyderabad",Secunderabad Restaurant 1590,Yes,Yes,4.7/5,3044,+91 9775952780,Secunderabad,Fine Dining,Coffee,Chinese,1200,"[('Rated 4.4','Good food and service')]",Coffee,Cafes,Hyderabad
https://www.zomato.com/hyderabad/1591,"Road 61, Ameerpet, Hyderabad",Ameerpet Restaurant 1591,No,No,3.5/5,20269,+91 9901134360,Ameerpet,Buffet,Mutton Biryani,"Biryani, North Indian",600,"[('Rated 3.5','Good food and service')]",Coffee,Desserts,Hyderabad
https://www.zomato.com/hyderabad/1592,"Road 50, Madhapur, Hyderabad",Madhapur Restaurant 1592,No,No,4.3/5,145,+91 9939870815,Madhapur,Quick Bites,Coffee,South Indian,500,"[('Rated 4.7','Good food and service')]",Pizza,Cafes,Hyderabad
https://www.zomato.com/hyderabad/1593,"Road 77, Banjara Hills, Hyderabad",Banjara Restaurant 1593,No,Yes,4.5/5,21391,+91 9334580695,Banjara Hills,Casual Dining,Pizza,South Indian,1200,"[('Rated 3.9','Good food and service')]",Masala Dosa,Buffet,Hyderabad
https://www.zomato.com/hyderabad/1594,"Road 5, Miyapur, Hyderabad",Miyapur Restaurant 1594,Yes,No,4.2/5,21536,+91 9288767019,Miyapur,Buffet,Paneer Butter Masala,"Bakery, Desserts",300,"[('Rated 3.1','Good food and service')]",Masala Dosa,Dine-out,Hyderabad
https://www.zomato.com/hyderabad/1595,"Road 17, Secunderabad, Hyderabad",Secunderabad Restaurant 1595,No,No,4.4/5,21491,+91 9471449477,Secunderabad,Quick Bites,Haleem,"Bakery, Desserts",400,"[('Rated 3.1','Good food and service')]",Chicken Biryani,Delivery,Hyderabad
https://www.zomato.com/hyderabad/1596,"Road 50, Tolichowki, Hyderabad",Tolichowki Restaurant 1596,No,No,4.8/5,10466,+91 9499269560,Tolichowki,Casual Dining,Coffee,"Biryani, North Indian",800,"[('Rated 3.4','Good food and service')]",Mutton Biryani,Buffet,Hyderabad
https://www.zomato.com/hyderabad/1597,"Road 30, Dilsukhnagar, Hyderabad",Dilsukhnagar Restaurant 1597,Yes,Yes,4.3/5,4498,+91 9170930001,Dilsukhnagar,Buffet,Haleem,Fast Food,300,"[('Rated 3.0','Good food and service')]",Paneer Butter Masala,Dine-out,Hyderabad
https://www.zomato.com/hyderabad/1598,"Road 14, Jubilee Hills, Hyderabad",Jubilee Restaurant 1598,No,Yes,4.5/5,2855,+91 9899970030,Jubilee Hills,Buffet,Masala Dosa,Fast Food,300,"[('Rated 4.8','Good food and service')]",Pizza,Delivery,Hyderabad
https://www.zomato.com/hyderabad/1599,"Road 39, LB Nagar, Hyderabad",LB Restaurant 1599,Yes,No,3.2/5,19141,+91 9828768748,LB Nagar,Quick Bites,Haleem,Fast Food,500,"[('Rated 3.1','Good food and service')]",Chicken Biryani,Buffet,Hyderabad
https://www.zomato.com/hyderabad/1600,"Road 48, Charminar, Hyderabad",Charminar Restaurant 1600,No,No,3.5/5,15146,+91 9399755793,Charminar,Cafe,Mutton Biryani,"Biryani, North Indian",1000,"[('Rated 4.7','Good food and service')]",Burger,Dine-out,Hyderabad
https://www.zomato.com/hyderabad/1601,"Road 47, Gachibowli, Hyderabad",Gachibowli Restaurant 1601,Yes,No,4.3/5,17553,+91 9527178977,Gachibowli,Quick Bites,Paneer Butter Masala,Fast Food,800,"[('Rated 3.7','Good food and service')]",Chicken Biryani,Dine-out,Hyderabad
https://www.zomato.com/hyderabad/1602,"Road 64, Kukatpally, Hyderabad",Kukatpally Restaurant 1602,No,No,3.4/5,2437,+91 9555460035,Kukatpally,Cafe,Coffee,"Mughlai, Biryani",300,"[('Rated 3.0','Good food and service')]",Mutton Biryani,Desserts,Hyderabad
https://www.zomato.com/hyderabad/1603,"Road 16, Kondapur, Hyderabad",Kondapur Restaurant 1603,No,Yes,4.8/5,19452,+91 9023275870,Kondapur,Casual Dining,Haleem,"Mughlai, Biryani",400,"[('Rated 4.8','Good food and service')]",Paneer Butter Masala,Dine-out,Hyderabad
https://www.zomato.com/hyderabad/1604,"Road 78, Jubilee Hills, Hyderabad",Jubilee Restaurant 1604,No,Yes,3.5/5,7852,+91 9727669033,Jubilee Hills,Cafe,Mutton Biryani,"Cafe, Beverages",1500,"[('Rated 4.3','Good food and service')]",Chicken Biryani,Delivery,Hyderabad
https://www.zomato.com/hyderabad/1605,"Road 58, Jubilee Hills, Hyderabad",Jubilee Restaurant 1605,Yes,No,3.8/5,19757,+91 9189603578,Jubilee Hills,Quick Bites,Paneer Butter Masala,"Cafe, Beverages",600,"[('Rated 4.2','Good food and service')]",Haleem,Buffet,Hyderabad
https://www.zomato.com/hyderabad/1606,"Road 52, Kukatpally, Hyderabad",Kukatpally Restaurant 1606,No,No,3.5/5,10081,+91 9644297471,Kukatpally,Cafe,Mutton Biryani,South Indian,400,"[('Rated 4.2','Good food and service')]",Burger,Buffet,Hyderabad
https://www.zomato.com/hyderabad/1607,"Road 76, Hitech City, Hyderabad",Hitech Restaurant 1607,No,No,4.4/5,16819,+91 9649624644,Hitech City,Buffet,Haleem,"Bakery, Desserts",300,"[('Rated 4.6','Good food and service')]",Mutton Biryani,Delivery,Hyderabad
https://www.zomato.com/hyderabad/1608,"Road 27, Begumpet, Hyderabad",Begumpet Restaurant 1608,Yes,Yes,3.8/5,10968,+91 9973070834,Begumpet,Buffet,Chicken Biryani,Fast Food,1500,"[('Rated 3.6','Good food and service')]",Haleem,Desserts,Hyderabad
https://www.zomato.com/hyderabad/1609,"Road 50, Kondapur, Hyderabad",Kondapur Restaurant 1609,Yes,No,4.6/5,15172,+91 9345531100,Kondapur,Quick Bites,Chicken Biryani,Fast Food,600,"[('Rated 4.2','Good food and service')]",Coffee,Desserts,Hyderabad
https://www.zomato.com/hyderabad/1610,"Road 12, Kondapur, Hyderabad",Kondapur Restaurant 1610,Yes,No,3.4/5,12773,+91 9127375843,Kondapur,Cafe,Paneer Butter Masala,South Indian,300,"[('Rated 4.9','Good food and service')]",Burger,Cafes,Hyderabad
https://www.zomato.com/hyderabad/1611,"Road 67, Kukatpally, Hyderabad",Kukatpally Restaurant 1611,No,No,3.7/5,21607,+91 9043644987,Kukatpally,Buffet,Haleem,South Indian,1200,"[('Rated 4.3','Good food and service')]",Chicken Biryani,Buffet,Hyderabad
https://www.zomato.com/hyderabad/1612,"Road 31, Kukatpally, Hyderabad",Kukatpally Restaurant 1612,No,No,3.3/5,16416,+91 9520895562,Kukatpally,Buffet,Pizza,"Mughlai, Biryani",800,"[('Rated 3.9','Good food and service')]",Mutton Biryani,Delivery,Hyderabad
https://www.zomato.com/hyderabad/1613,"Road 1, Madhapur, Hyderabad",Madhapur Restaurant 1613,Yes,No,3.3/5,23853,+91 9907698943,Madhapur,Bakery,Haleem,South Indian,1000,"[('Rated 3.4','Good food and service')]",Pizza,Delivery,Hyderabad
https://www.zomato.com/hyderabad/1614,"Road 75, LB Nagar, Hyderabad",LB Restaurant 1614,Yes,No,4.7/5,21956,+91 9638801082,LB Nagar,Fine Dining,Haleem,"Bakery, Desserts",1200,"[('Rated 3.7','Good food and service')]",Mutton Biryani,Buffet,Hyderabad
https://www.zomato.com/hyderabad/1615,"Road 43, Dilsukhnagar, Hyderabad",Dilsukhnagar Restaurant 1615,Yes,No,3.7/5,13369,+91 9349975198,Dilsukhnagar,Bakery,Pizza,Fast Food,500,"[('Rated 3.7','Good food and service')]",Mutton Biryani,Dine-out,Hyderabad
https://www.zomato.com/hyderabad/1616,"Road 39, Kondapur, Hyderabad",Kondapur Restaurant 1616,No,Yes,4.3/5,14366,+91 9472136063,Kondapur,Fine Dining,Mutton Biryani,"Bakery, Desserts",1200,"[('Rated 3.2','Good food and service')]",Mutton Biryani,Desserts,Hyderabad
https://www.zomato.com/hyderabad/1617,"Road 14, Tolichowki, Hyderabad",Tolichowki Restaurant 1617,Yes,Yes,3.5/5,10075,+91 9908026783,Tolichowki,Buffet,Pizza,Fast Food,400,"[('Rated 4.5','Good food and service')]",Chicken Biryani,Cafes,Hyderabad
https://www.zomato.com/hyderabad/1618,"Road 77, LB Nagar, Hyderabad",LB Restaurant 1618,No,Yes,3.5/5,18922,+91 9644445090,LB Nagar,Casual Dining,Burger,"Bakery, Desserts",500,"[('Rated 3.6','Good food and service')]",Masala Dosa,Dine-out,Hyderabad
https://www.zomato.com/hyderabad/1619,"Road 7, Gachibowli, Hyderabad",Gachibowli Restaurant 1619,Yes,Yes,4.6/5,10312,+91 9668227180,Gachibowli,Casual Dining,Haleem,"Biryani, North Indian",600,"[('Rated 3.2','Good food and service')]",Coffee,Desserts,Hyderabad
https://www.zomato.com/hyderabad/1620,"Road 34, Gachibowli, Hyderabad",Gachibowli Restaurant 1620,No,Yes,3.5/5,24520,+91 9008480082,Gachibowli,Casual Dining,Haleem,South Indian,1200,"[('Rated 4.5','Good food and service')]",Burger,Buffet,Hyderabad
https://www.zomato.com/hyderabad/1621,"Road 11, Miyapur, Hyderabad",Miyapur Restaurant 1621,Yes,No,4.2/5,12580,+91 9862974110,Miyapur,Buffet,Mutton Biryani,Fast Food,500,"[('Rated 3.2','Good food and service')]",Mutton Biryani,Buffet,Hyderabad
https://www.zomato.com/hyderabad/1622,"Road 54, Tolichowki, Hyderabad",Tolichowki Restaurant 1622,Yes,No,3.6/5,9570,+91 9284861282,Tolichowki,Quick Bites,Paneer Butter Masala,"Mughlai, Biryani",300,"[('Rated 3.3','Good food and service')]",Pizza,Buffet,Hyderabad
https://www.zomato.com/hyderabad/1623,"Road 10, Ameerpet, Hyderabad",Ameerpet Restaurant 1623,No,Yes,4.8/5,6113,+91 9920543077,Ameerpet,Quick Bites,Mutton Biryani,South Indian,1200,"[('Rated 4.2','Good food and service')]",Masala Dosa,Delivery,Hyderabad
https://www.zomato.com/hyderabad/1624,"Road 64, Secunderabad, Hyderabad",Secunderabad Restaurant 1624,No,No,4.0/5,1828,+91 9081388273,Secunderabad,Quick Bites,Pizza,"Mughlai, Biryani",1500,"[('Rated 3.5','Good food and service')]",Burger,Desserts,Hyderabad
https://www.zomato.com/hyderabad/1625,"Road 7, Charminar, Hyderabad",Charminar Restaurant 1625,Yes,Yes,3.9/5,12419,+91 9712793991,Charminar,Buffet,Coffee,"Bakery, Desserts",1200,"[('Rated 4.7','Good food and service')]",Coffee,Buffet,Hyderabad
https://www.zomato.com/hyderabad/1626,"Road 97, Banjara Hills, Hyderabad",Banjara Restaurant 1626,Yes,No,3.4/5,14770,+91 9931117039,Banjara Hills,Quick Bites,Coffee,"Biryani, North Indian",300,"[('Rated 3.4','Good food and service')]",Masala Dosa,Desserts,Hyderabad
https://www.zomato.com/hyderabad/1627,"Road 58, Hitech City, Hyderabad",Hitech Restaurant 1627,No,Yes,4.6/5,746,+91 9881797561,Hitech City,Buffet,Haleem,"Biryani, North Indian",600,"[('Rated 3.4','Good food and service')]",Pizza,Desserts,Hyderabad
https://www.zomato.com/hyderabad/1628,"Road 5, Ameerpet, Hyderabad",Ameerpet Restaurant 1628,Yes,No,3.6/5,23721,+91 9340798080,Ameerpet,Bakery,Mutton Biryani,"Cafe, Beverages",300,"[('Rated 3.6','Good food and service')]",Pizza,Dine-out,Hyderabad
https://www.zomato.com/hyderabad/1629,"Road 1, Hitech City, Hyderabad",Hitech Restaurant 1629,Yes,Yes,4.3/5,4886,+91 9805229715,Hitech City,Bakery,Burger,"Mughlai, Biryani",1200,"[('Rated 3.3','Good food and service')]",Masala Dosa,Buffet,Hyderabad
https://www.zomato.com/hyderabad/1630,"Road 55, Ameerpet, Hyderabad",Ameerpet Restaurant 1630,No,No,3.4/5,15036,+91 9976713340,Ameerpet,Casual Dining,Coffee,South Indian,300,"[('Rated 3.4','Good food and service')]",Pizza,Delivery,Hyderabad
https://www.zomato.com/hyderabad/1631,"Road 10, Begumpet, Hyderabad",Begumpet Restaurant 1631,Yes,No,4.3/5,23337,+91 9063862173,Begumpet,Quick Bites,Mutton Biryani,"Cafe, Beverages",300,"[('Rated 3.4','Good food and service')]",Paneer Butter Masala,Buffet,Hyderabad
https://www.zomato.com/hyderabad/1632,"Road 96, Dilsukhnagar, Hyderabad",Dilsukhnagar Restaurant 1632,Yes,No,4.7/5,1441,+91 9652151884,Dilsukhnagar,Quick Bites,Pizza,Chinese,1200,"[('Rated 3.8','Good food and service')]",Paneer Butter Masala,Delivery,Hyderabad
https://www.zomato.com/hyderabad/1633,"Road 50, Gachibowli, Hyderabad",Gachibowli Restaurant 1633,No,No,3.2/5,392,+91 9022757875,Gachibowli,Quick Bites,Burger,"Biryani, North Indian",800,"[('Rated 3.6','Good food and service')]",Chicken Biryani,Delivery,Hyderabad
https://www.zomato.com/hyderabad/1634,"Road 51, Dilsukhnagar, Hyderabad",Dilsukhnagar Restaurant 1634,No,Yes,4.8/5,18628,+91 9551234055,Dilsukhnagar,Quick Bites,Coffee,Fast Food,500,"[('Rated 3.3','Good food and service')]",Burger,Desserts,Hyderabad
https://www.zomato.com/hyderabad/1635,"Road 10, Madhapur, Hyderabad",Madhapur Restaurant 1635,Yes,Yes,4.8/5,24334,+91 9090158816,Madhapur,Casual Dining,Pizza,"Bakery, Desserts",600,"[('Rated 4.1','Good food and service')]",Burger,Cafes,Hyderabad
https://www.zomato.com/hyderabad/1636,"Road 33, Miyapur, Hyderabad",Miyapur Restaurant 1636,Yes,Yes,3.9/5,4676,+91 9759084881,Miyapur,Bakery,Paneer Butter Masala,"Cafe, Beverages",1200,"[('Rated 3.9','Good food and service')]",Coffee,Dine-out,Hyderabad
https://www.zomato.com/hyderabad/1637,"Road 17, Jubilee Hills, Hyderabad",Jubilee Restaurant 1637,Yes,Yes,3.8/5,10809,+91 9745592544,Jubilee Hills,Fine Dining,Haleem,"Biryani, North Indian",400,"[('Rated 3.8','Good food and service')]",Paneer Butter Masala,Desserts,Hyderabad
https://www.zomato.com/hyderabad/1638,"Road 70, Kondapur, Hyderabad",Kondapur Restaurant 1638,No,Yes,3.5/5,1095,+91 9444199437,Kondapur,Quick Bites,Coffee,South Indian,800,"[('Rated 4.3','Good food and service')]",Chicken Biryani,Desserts,Hyderabad
https://www.zomato.com/hyderabad/1639,"Road 44, Gachibowli, Hyderabad",Gachibowli Restaurant 1639,Yes,Yes,4.3/5,20587,+91 9090490167,Gachibowli,Buffet,Mutton Biryani,"Biryani, North Indian",500,"[('Rated 4.8','Good food and service')]",Chicken Biryani,Desserts,Hyderabad
https://www.zomato.com/hyderabad/1640,"Road 70, Kondapur, Hyderabad",Kondapur Restaurant 1640,No,No,4.9/5,6254,+91 9724536731,Kondapur,Fine Dining,Chicken Biryani,Fast Food,1200,"[('Rated 3.9','Good food and service')]",Chicken Biryani,Delivery,Hyderabad
https://www.zomato.com/hyderabad/1641,"Road 75, Dilsukhnagar, Hyderabad",Dilsukhnagar Restaurant 1641,Yes,Yes,3.9/5,21111,+91 9717111468,Dilsukhnagar,Bakery,Paneer Butter Masala,"Biryani, North Indian",1200,"[('Rated 4.0','Good food and service')]",Mutton Biryani,Cafes,Hyderabad
https://www.zomato.com/hyderabad/1642,"Road 1, Charminar, Hyderabad",Charminar Restaurant 1642,Yes,No,4.5/5,22899,+91 9372127409,Charminar,Casual Dining,Burger,Fast Food,800,"[('Rated 5.0','Good food and service')]",Masala Dosa,Desserts,Hyderabad
https://www.zomato.com/hyderabad/1643,"Road 94, LB Nagar, Hyderabad",LB Restaurant 1643,No,No,3.2/5,5103,+91 9082244640,LB Nagar,Casual Dining,Chicken Biryani,Fast Food,400,"[('Rated 3.1','Good food and service')]",Paneer Butter Masala,Buffet,Hyderabad
https://www.zomato.com/hyderabad/1644,"Road 91, Charminar, Hyderabad",Charminar Restaurant 1644,No,No,4.1/5,904,+91 9501986588,Charminar,Cafe,Paneer Butter Masala,"Cafe, Beverages",1500,"[('Rated 4.9','Good food and service')]",Burger,Delivery,Hyderabad
https://www.zomato.com/hyderabad/1645,"Road 60, Secunderabad, Hyderabad",Secunderabad Restaurant 1645,No,Yes,3.6/5,7256,+91 9468959979,Secunderabad,Casual Dining,Burger,"Bakery, Desserts",800,"[('Rated 3.1','Good food and service')]",Burger,Delivery,Hyderabad
https://www.zomato.com/hyderabad/1646,"Road 61, Begumpet, Hyderabad",Begumpet Restaurant 1646,Yes,Yes,3.6/5,13339,+91 9556377529,Begumpet,Casual Dining,Paneer Butter Masala,"Bakery, Desserts",800,"[('Rated 3.3','Good food and service')]",Haleem,Buffet,Hyderabad
https://www.zomato.com/hyderabad/1647,"Road 86, Miyapur, Hyderabad",Miyapur Restaurant 1647,Yes,No,4.5/5,5981,+91 9840790954,Miyapur,Casual Dining,Coffee,Fast Food,400,"[('Rated 3.5','Good food and service')]",Haleem,Desserts,Hyderabad
https://www.zomato.com/hyderabad/1648,"Road 13, Secunderabad, Hyderabad",Secunderabad Restaurant 1648,No,No,4.6/5,23602,+91 9241467808,Secunderabad,Cafe,Paneer Butter Masala,South Indian,1200,"[('Rated 3.1','Good food and service')]",Masala Dosa,Dine-out,Hyderabad
https://www.zomato.com/hyderabad/1649,"Road 34, Jubilee Hills, Hyderabad",Jubilee Restaurant 1649,Yes,No,4.3/5,18299,+91 9199482560,Jubilee Hills,Buffet,Burger,Fast Food,1000,"[('Rated 3.9','Good food and service')]",Masala Dosa,Dine-out,Hyderabad
https://www.zomato.com/hyderabad/1650,"Road 99, Kukatpally, Hyderabad",Kukatpally Restaurant 1650,Yes,No,4.1/5,19940,+91 9767937412,Kukatpally,Quick Bites,Burger,"Bakery, Desserts",1500,"[('Rated 4.2','Good food and service')]",Haleem,Buffet,Hyderabad
https://www.zomato.com/hyderabad/1651,"Road 72, Jubilee Hills, Hyderabad",Jubilee Restaurant 1651,No,Yes,4.6/5,10260,+91 9080288037,Jubilee Hills,Fine Dining,Chicken Biryani,Fast Food,600,"[('Rated 3.5','Good food and service')]",Chicken Biryani,Delivery,Hyderabad
https://www.zomato.com/hyderabad/1652,"Road 34, Hitech City, Hyderabad",Hitech Restaurant 1652,Yes,Yes,3.4/5,13150,+91 9456232003,Hitech City,Bakery,Coffee,"Mughlai, Biryani",1500,"[('Rated 5.0','Good food and service')]",Pizza,Desserts,Hyderabad
https://www.zomato.com/hyderabad/1653,"Road 18, Charminar, Hyderabad",Charminar Restaurant 1653,No,Yes,3.6/5,8280,+91 9916700570,Charminar,Fine Dining,Mutton Biryani,"Biryani, North Indian",1200,"[('Rated 3.7','Good food and service')]",Masala Dosa,Dine-out,Hyderabad
https://www.zomato.com/hyderabad/1654,"Road 99, Miyapur, Hyderabad",Miyapur Restaurant 1654,Yes,No,4.4/5,9798,+91 9633020879,Miyapur,Cafe,Burger,"Mughlai, Biryani",400,"[('Rated 3.0','Good food and service')]",Masala Dosa,Desserts,Hyderabad
https://www.zomato.com/hyderabad/1655,"Road 52, Madhapur, Hyderabad",Madhapur Restaurant 1655,No,Yes,3.2/5,473,+91 9353439034,Madhapur,Cafe,Burger,"Biryani, North Indian",400,"[('Rated 3.2','Good food and service')]",Chicken Biryani,Cafes,Hyderabad
https://www.zomato.com/hyderabad/1656,"Road 79, Tolichowki, Hyderabad",Tolichowki Restaurant 1656,Yes,Yes,4.6/5,7570,+91 9259075119,Tolichowki,Quick Bites,Burger,South Indian,1500,"[('Rated 3.7','Good food and service')]",Coffee,Desserts,Hyderabad
https://www.zomato.com/hyderabad/1657,"Road 11, Tolichowki, Hyderabad",Tolichowki Restaurant 1657,No,No,4.3/5,20096,+91 9147769665,Tolichowki,Casual Dining,Haleem,"Bakery, Desserts",800,"[('Rated 4.9','Good food and service')]",Coffee,Dine-out,Hyderabad
https://www.zomato.com/hyderabad/1658,"Road 13, Tolichowki, Hyderabad",Tolichowki Restaurant 1658,Yes,No,4.4/5,21207,+91 9093539582,Tolichowki,Buffet,Paneer Butter Masala,"Cafe, Beverages",1000,"[('Rated 3.7','Good food and service')]",Coffee,Cafes,Hyderabad
https://www.zomato.com/hyderabad/1659,"Road 70, Gachibowli, Hyderabad",Gachibowli Restaurant 1659,No,Yes,3.4/5,22355,+91 9355363903,Gachibowli,Bakery,Paneer Butter Masala,"Bakery, Desserts",800,"[('Rated 4.3','Good food and service')]",Haleem,Desserts,Hyderabad
https://www.zomato.com/hyderabad/1660,"Road 90, Ameerpet, Hyderabad",Ameerpet Restaurant 1660,No,Yes,3.4/5,4706,+91 9472802473,Ameerpet,Fine Dining,Mutton Biryani,"Biryani, North Indian",300,"[('Rated 4.6','Good food and service')]",Chicken Biryani,Dine-out,Hyderabad
https://www.zomato.com/hyderabad/1661,"Road 22, Jubilee Hills, Hyderabad",Jubilee Restaurant 1661,No,Yes,4.2/5,12261,+91 9862457189,Jubilee Hills,Bakery,Pizza,"Mughlai, Biryani",800,"[('Rated 3.2','Good food and service')]",Mutton Biryani,Delivery,Hyderabad
https://www.zomato.com/hyderabad/1662,"Road 4, Jubilee Hills, Hyderabad",Jubilee Restaurant 1662,Yes,Yes,4.2/5,9562,+91 9564932859,Jubilee Hills,Bakery,Chicken Biryani,South Indian,500,"[('Rated 3.6','Good food and service')]",Pizza,Buffet,Hyderabad
https://www.zomato.com/hyderabad/1663,"Road 26, Charminar, Hyderabad",Charminar Restaurant 1663,Yes,Yes,4.6/5,20319,+91 9142300556,Charminar,Cafe,Mutton Biryani,Chinese,800,"[('Rated 4.9','Good food and service')]",Haleem,Buffet,Hyderabad
https://www.zomato.com/hyderabad/1664,"Road 17, Jubilee Hills, Hyderabad",Jubilee Restaurant 1664,Yes,No,4.5/5,20076,+91 9704909313,Jubilee Hills,Buffet,Pizza,"Cafe, Beverages",1500,"[('Rated 3.8','Good food and service')]",Coffee,Dine-out,Hyderabad
https://www.zomato.com/hyderabad/1665,"Road 45, LB Nagar, Hyderabad",LB Restaurant 1665,No,No,4.1/5,21837,+91 9640142430,LB Nagar,Cafe,Mutton Biryani,"Mughlai, Biryani",1000,"[('Rated 4.2','Good food and service')]",Mutton Biryani,Desserts,Hyderabad
https://www.zomato.com/hyderabad/1666,"Road 21, Tolichowki, Hyderabad",Tolichowki Restaurant 1666,Yes,Yes,4.8/5,3542,+91 9067946307,Tolichowki,Buffet,Paneer Butter Masala,South Indian,500,"[('Rated 3.7','Good food and service')]",Pizza,Delivery,Hyderabad
https://www.zomato.com/hyderabad/1667,"Road 52, Gachibowli, Hyderabad",Gachibowli Restaurant 1667,Yes,Yes,4.1/5,19507,+91 9132246277,Gachibowli,Cafe,Chicken Biryani,"Biryani, North Indian",1500,"[('Rated 4.7','Good food and service')]",Mutton Biryani,Desserts,Hyderabad
https://www.zomato.com/hyderabad/1668,"Road 23, Ameerpet, Hyderabad",Ameerpet Restaurant 1668,No,No,3.3/5,7183,+91 9161312844,Ameerpet,Casual Dining,Burger,"Biryani, North Indian",600,"[('Rated 4.8','Good food and service')]",Paneer Butter Masala,Buffet,Hyderabad
https://www.zomato.com/hyderabad/1669,"Road 24, Jubilee Hills, Hyderabad",Jubilee Restaurant 1669,Yes,Yes,3.3/5,9010,+91 9774445065,Jubilee Hills,Fine Dining,Coffee,Fast Food,500,"[('Rated 3.5','Good food and service')]",Pizza,Cafes,Hyderabad
https://www.zomato.com/hyderabad/1670,"Road 97, Kukatpally, Hyderabad",Kukatpally Restaurant 1670,No,No,4.0/5,8963,+91 9919828817,Kukatpally,Fine Dining,Haleem,Fast Food,600,"[('Rated 3.5','Good food and service')]",Haleem,Delivery,Hyderabad
https://www.zomato.com/hyderabad/1671,"Road 25, Ameerpet, Hyderabad",Ameerpet Restaurant 1671,Yes,No,3.6/5,12484,+91 9035626643,Ameerpet,Fine Dining,Paneer Butter Masala,"Mughlai, Biryani",400,"[('Rated 4.1','Good food and service')]",Coffee,Buffet,Hyderabad
https://www.zomato.com/hyderabad/1672,"Road 89, Dilsukhnagar, Hyderabad",Dilsukhnagar Restaurant 1672,Yes,No,3.7/5,13691,+91 9682150369,Dilsukhnagar,Casual Dining,Mutton Biryani,Chinese,1500,"[('Rated 3.6','Good food and service')]",Chicken Biryani,Cafes,Hyderabad
https://www.zomato.com/hyderabad/1673,"Road 87, LB Nagar, Hyderabad",LB Restaurant 1673,Yes,No,3.7/5,16456,+91 9944513560,LB Nagar,Cafe,Mutton Biryani,"Biryani, North Indian",1000,"[('Rated 3.4','Good food and service')]",Pizza,Cafes,Hyderabad
https://www.zomato.com/hyderabad/1674,"Road 24, Dilsukhnagar, Hyderabad",Dilsukhnagar Restaurant 1674,Yes,No,4.0/5,6112,+91 9629015678,Dilsukhnagar,Quick Bites,Paneer Butter Masala,South Indian,500,"[('Rated 3.1','Good food and service')]",Burger,Dine-out,Hyderabad
https://www.zomato.com/hyderabad/1675,"Road 79, Kondapur, Hyderabad",Kondapur Restaurant 1675,No,No,3.4/5,13601,+91 9902356743,Kondapur,Buffet,Burger,South Indian,400,"[('Rated 4.1','Good food and service')]",Masala Dosa,Buffet,Hyderabad
https://www.zomato.com/hyderabad/1676,"Road 74, Madhapur, Hyderabad",Madhapur Restaurant 1676,No,No,3.7/5,16995,+91 9695147408,Madhapur,Casual Dining,Coffee,"Mughlai, Biryani",1000,"[('Rated 3.1','Good food and service')]",Paneer Butter Masala,Cafes,Hyderabad
https://www.zomato.com/hyderabad/1677,"Road 66, Begumpet, Hyderabad",Begumpet Restaurant 1677,Yes,No,4.8/5,960,+91 9989464704,Begumpet,Quick Bites,Burger,"Cafe, Beverages",300,"[('Rated 3.2','Good food and service')]",Mutton Biryani,Desserts,Hyderabad
https://www.zomato.com/hyderabad/1678,"Road 31, Banjara Hills, Hyderabad",Banjara Restaurant 1678,No,No,4.9/5,939,+91 9487518603,Banjara Hills,Fine Dining,Mutton Biryani,"Cafe, Beverages",400,"[('Rated 4.3','Good food and service')]",Coffee,Delivery,Hyderabad
https://www.zomato.com/hyderabad/1679,"Road 37, Banjara Hills, Hyderabad",Banjara Restaurant 1679,Yes,No,4.8/5,3782,+91 9956134567,Banjara Hills,Fine Dining,Chicken Biryani,South Indian,300,"[('Rated 4.0','Good food and service')]",Paneer Butter Masala,Dine-out,Hyderabad
https://www.zomato.com/hyderabad/1680,"Road 41, Ameerpet, Hyderabad",Ameerpet Restaurant 1680,No,No,3.3/5,3888,+91 9796000806,Ameerpet,Casual Dining,Paneer Butter Masala,"Biryani, North Indian",1000,"[('Rated 3.8','Good food and service')]",Haleem,Buffet,Hyderabad
https://www.zomato.com/hyderabad/1681,"Road 51, Banjara Hills, Hyderabad",Banjara Restaurant 1681,Yes,Yes,4.1/5,11374,+91 9915799449,Banjara Hills,Fine Dining,Masala Dosa,"Mughlai, Biryani",1500,"[('Rated 4.5','Good food and service')]",Chicken Biryani,Delivery,Hyderabad
https://www.zomato.com/hyderabad/1682,"Road 62, Kukatpally, Hyderabad",Kukatpally Restaurant 1682,Yes,Yes,4.1/5,9615,+91 9902718174,Kukatpally,Buffet,Pizza,"Mughlai, Biryani",800,"[('Rated 3.6','Good food and service')]",Masala Dosa,Buffet,Hyderabad
https://www.zomato.com/hyderabad/1683,"Road 46, Begumpet, Hyderabad",Begumpet Restaurant 1683,No,Yes,4.4/5,852,+91 9103305946,Begumpet,Bakery,Pizza,"Bakery, Desserts",1500,"[('Rated 4.5','Good food and service')]",Paneer Butter Masala,Cafes,Hyderabad
https://www.zomato.com/hyderabad/1684,"Road 38, Miyapur, Hyderabad",Miyapur Restaurant 1684,No,Yes,4.5/5,8256,+91 9584410815,Miyapur,Casual Dining,Masala Dosa,"Bakery, Desserts",1500,"[('Rated 4.6','Good food and service')]",Paneer Butter Masala,Desserts,Hyderabad
https://www.zomato.com/hyderabad/1685,"Road 19, Jubilee Hills, Hyderabad",Jubilee Restaurant 1685,No,No,3.2/5,6678,+91 9007764257,Jubilee Hills,Fine Dining,Paneer Butter Masala,South Indian,1200,"[('Rated 4.0','Good food and service')]",Mutton Biryani,Cafes,Hyderabad
https://www.zomato.com/hyderabad/1686,"Road 3, Tolichowki, Hyderabad",Tolichowki Restaurant 1686,Yes,Yes,4.9/5,22083,+91 9221684727,Tolichowki,Buffet,Masala Dosa,"Mughlai, Biryani",600,"[('Rated 4.8','Good food and service')]",Haleem,Delivery,Hyderabad
https://www.zomato.com/hyderabad/1687,"Road 96, LB Nagar, Hyderabad",LB Restaurant 1687,Yes,No,3.7/5,12106,+91 9157384625,LB Nagar,Cafe,Chicken Biryani,Chinese,1500,"[('Rated 3.1','Good food and service')]",Paneer Butter Masala,Delivery,Hyderabad
https://www.zomato.com/hyderabad/1688,"Road 27, Miyapur, Hyderabad",Miyapur Restaurant 1688,No,No,3.4/5,24287,+91 9551223240,Miyapur,Fine Dining,Chicken Biryani,Chinese,1500,"[('Rated 4.7','Good food and service')]",Burger,Buffet,Hyderabad
https://www.zomato.com/hyderabad/1689,"Road 30, LB Nagar, Hyderabad",LB Restaurant 1689,No,No,4.3/5,658,+91 9262093750,LB Nagar,Casual Dining,Masala Dosa,Chinese,400,"[('Rated 3.0','Good food and service')]",Chicken Biryani,Delivery,Hyderabad
https://www.zomato.com/hyderabad/1690,"Road 31, Banjara Hills, Hyderabad",Banjara Restaurant 1690,No,Yes,3.5/5,7369,+91 9520698713,Banjara Hills,Cafe,Masala Dosa,South Indian,1000,"[('Rated 4.1','Good food and service')]",Mutton Biryani,Desserts,Hyderabad
https://www.zomato.com/hyderabad/1691,"Road 14, Gachibowli, Hyderabad",Gachibowli Restaurant 1691,Yes,No,3.2/5,2962,+91 9780224656,Gachibowli,Bakery,Masala Dosa,"Bakery, Desserts",1000,"[('Rated 4.9','Good food and service')]",Paneer Butter Masala,Dine-out,Hyderabad
https://www.zomato.com/hyderabad/1692,"Road 48, Hitech City, Hyderabad",Hitech Restaurant 1692,No,No,4.2/5,10347,+91 9941661687,Hitech City,Quick Bites,Haleem,"Bakery, Desserts",600,"[('Rated 4.0','Good food and service')]",Coffee,Dine-out,Hyderabad
https://www.zomato.com/hyderabad/1693,"Road 46, Secunderabad, Hyderabad",Secunderabad Restaurant 1693,No,No,4.1/5,21327,+91 9273150505,Secunderabad,Bakery,Masala Dosa,Chinese,1200,"[('Rated 4.3','Good food and service')]",Mutton Biryani,Cafes,Hyderabad
https://www.zomato.com/hyderabad/1694,"Road 69, Jubilee Hills, Hyderabad",Jubilee Restaurant 1694,Yes,No,3.6/5,11590,+91 9541182444,Jubilee Hills,Buffet,Chicken Biryani,"Biryani, North Indian",300,"[('Rated 4.5','Good food and service')]",Coffee,Buffet,Hyderabad
https://www.zomato.com/hyderabad/1695,"Road 58, Kondapur, Hyderabad",Kondapur Restaurant 1695,No,No,4.3/5,4292,+91 9428487064,Kondapur,Casual Dining,Chicken Biryani,"Bakery, Desserts",500,"[('Rated 4.4','Good food and service')]",Pizza,Delivery,Hyderabad
https://www.zomato.com/hyderabad/1696,"Road 8, Jubilee Hills, Hyderabad",Jubilee Restaurant 1696,Yes,Yes,4.3/5,1397,+91 9555517898,Jubilee Hills,Quick Bites,Coffee,"Cafe, Beverages",600,"[('Rated 4.0','Good food and service')]",Mutton Biryani,Cafes,Hyderabad
https://www.zomato.com/hyderabad/1697,"Road 10, Charminar, Hyderabad",Charminar Restaurant 1697,No,No,4.6/5,3614,+91 9775060895,Charminar,Bakery,Paneer Butter Masala,"Biryani, North Indian",1200,"[('Rated 3.2','Good food and service')]",Masala Dosa,Cafes,Hyderabad
https://www.zomato.com/hyderabad/1698,"Road 14, Gachibowli, Hyderabad",Gachibowli Restaurant 1698,Yes,No,4.6/5,17433,+91 9045695633,Gachibowli,Casual Dining,Paneer Butter Masala,Chinese,1200,"[('Rated 3.4','Good food and service')]",Coffee,Desserts,Hyderabad
https://www.zomato.com/hyderabad/1699,"Road 90, Ameerpet, Hyderabad",Ameerpet Restaurant 1699,Yes,No,3.7/5,10040,+91 9138599931,Ameerpet,Casual Dining,Chicken Biryani,"Cafe, Beverages",1000,"[('Rated 3.5','Good food and service')]",Pizza,Buffet,Hyderabad
https://www.zomato.com/hyderabad/1700,"Road 8, Tolichowki, Hyderabad",Tolichowki Restaurant 1700,Yes,No,3.4/5,20339,+91 9193354917,Tolichowki,Buffet,Haleem,"Cafe, Beverages",300,"[('Rated 3.3','Good food and service')]",Pizza,Delivery,Hyderabad
https://www.zomato.com/hyderabad/1701,"Road 70, Kukatpally, Hyderabad",Kukatpally Restaurant 1701,Yes,No,4.3/5,4498,+91 9010670438,Kukatpally,Cafe,Mutton Biryani,Chinese,1500,"[('Rated 4.0','Good food and service')]",Paneer Butter Masala,Buffet,Hyderabad
https://www.zomato.com/hyderabad/1702,"Road 8, Kukatpally, Hyderabad",Kukatpally Restaurant 1702,Yes,No,3.4/5,22079,+91 9617783395,Kukatpally,Bakery,Coffee,Chinese,1200,"[('Rated 4.6','Good food and service')]",Haleem,Desserts,Hyderabad
https://www.zomato.com/hyderabad/1703,"Road 12, Charminar, Hyderabad",Charminar Restaurant 1703,No,No,4.5/5,9133,+91 9533251884,Charminar,Casual Dining,Masala Dosa,"Cafe, Beverages",1200,"[('Rated 3.7','Good food and service')]",Pizza,Cafes,Hyderabad
https://www.zomato.com/hyderabad/1704,"Road 82, Kukatpally, Hyderabad",Kukatpally Restaurant 1704,No,No,4.8/5,6253,+91 9959474897,Kukatpally,Bakery,Paneer Butter Masala,South Indian,1500,"[('Rated 4.6','Good food and service')]",Masala Dosa,Dine-out,Hyderabad
https://www.zomato.com/hyderabad/1705,"Road 65, Dilsukhnagar, Hyderabad",Dilsukhnagar Restaurant 1705,Yes,Yes,4.5/5,10395,+91 9946116833,Dilsukhnagar,Quick Bites,Masala Dosa,"Mughlai, Biryani",800,"[('Rated 4.7','Good food and service')]",Mutton Biryani,Delivery,Hyderabad
https://www.zomato.com/hyderabad/1706,"Road 22, Dilsukhnagar, Hyderabad",Dilsukhnagar Restaurant 1706,No,Yes,3.4/5,3554,+91 9070439961,Dilsukhnagar,Fine Dining,Masala Dosa,"Mughlai, Biryani",500,"[('Rated 4.4','Good food and service')]",Chicken Biryani,Delivery,Hyderabad
https://www.zomato.com/hyderabad/1707,"Road 95, Madhapur, Hyderabad",Madhapur Restaurant 1707,No,Yes,3.3/5,10172,+91 9849294418,Madhapur,Cafe,Pizza,South Indian,1500,"[('Rated 3.8','Good food and service')]",Paneer Butter Masala,Desserts,Hyderabad
https://www.zomato.com/hyderabad/1708,"Road 27, Banjara Hills, Hyderabad",Banjara Restaurant 1708,No,Yes,3.8/5,16109,+91 9867977901,Banjara Hills,Buffet,Mutton Biryani,Chinese,1200,"[('Rated 4.7','Good food and service')]",Pizza,Desserts,Hyderabad
https://www.zomato.com/hyderabad/1709,"Road 11, Miyapur, Hyderabad",Miyapur Restaurant 1709,No,Yes,3.2/5,6315,+91 9813897612,Miyapur,Cafe,Haleem,Chinese,300,"[('Rated 3.1','Good food and service')]",Chicken Biryani,Cafes,Hyderabad
https://www.zomato.com/hyderabad/1710,"Road 30, Jubilee Hills, Hyderabad",Jubilee Restaurant 1710,No,Yes,3.3/5,5875,+91 9508715894,Jubilee Hills,Casual Dining,Haleem,"Bakery, Desserts",400,"[('Rated 3.6','Good food and service')]",Mutton Biryani,Delivery,Hyderabad
https://www.zomato.com/hyderabad/1711,"Road 80, Banjara Hills, Hyderabad",Banjara Restaurant 1711,No,No,4.6/5,11860,+91 9252659454,Banjara Hills,Quick Bites,Chicken Biryani,"Mughlai, Biryani",300,"[('Rated 4.6','Good food and service')]",Coffee,Dine-out,Hyderabad
https://www.zomato.com/hyderabad/1712,"Road 53, Madhapur, Hyderabad",Madhapur Restaurant 1712,No,No,4.6/5,6066,+91 9730794924,Madhapur,Casual Dining,Pizza,"Bakery, Desserts",1000,"[('Rated 3.2','Good food and service')]",Coffee,Cafes,Hyderabad
https://www.zomato.com/hyderabad/1713,"Road 16, LB Nagar, Hyderabad",LB Restaurant 1713,Yes,No,4.2/5,19814,+91 9579188964,LB Nagar,Bakery,Masala Dosa,"Biryani, North Indian",600,"[('Rated 4.0','Good food and service')]",Mutton Biryani,Cafes,Hyderabad
https://www.zomato.com/hyderabad/1714,"Road 17, Begumpet, Hyderabad",Begumpet Restaurant 1714,No,No,3.6/5,15553,+91 9489452694,Begumpet,Quick Bites,Chicken Biryani,Fast Food,600,"[('Rated 3.8','Good food and service')]",Paneer Butter Masala,Cafes,Hyderabad
https://www.zomato.com/hyderabad/1715,"Road 86, Tolichowki, Hyderabad",Tolichowki Restaurant 1715,Yes,No,3.6/5,18325,+91 9313084260,Tolichowki,Casual Dining,Pizza,"Mughlai, Biryani",600,"[('Rated 4.6','Good food and service')]",Haleem,Buffet,Hyderabad
https://www.zomato.com/hyderabad/1716,"Road 54, LB Nagar, Hyderabad",LB Restaurant 1716,Yes,Yes,3.5/5,11931,+91 9162294173,LB Nagar,Buffet,Haleem,"Cafe, Beverages",500,"[('Rated 3.5','Good food and service')]",Paneer Butter Masala,Buffet,Hyderabad
https://www.zomato.com/hyderabad/1717,"Road 97, Tolichowki, Hyderabad",Tolichowki Restaurant 1717,Yes,Yes,3.3/5,23122,+91 9643472705,Tolichowki,Fine Dining,Chicken Biryani,"Biryani, North Indian",500,"[('Rated 4.7','Good food and service')]",Haleem,Buffet,Hyderabad
https://www.zomato.com/hyderabad/1718,"Road 12, LB Nagar, Hyderabad",LB Restaurant 1718,No,Yes,3.6/5,5716,+91 9250693080,LB Nagar,Buffet,Chicken Biryani,South Indian,1500,"[('Rated 3.7','Good food and service')]",Masala Dosa,Dine-out,Hyderabad
https://www.zomato.com/hyderabad/1719,"Road 76, Madhapur, Hyderabad",Madhapur Restaurant 1719,No,No,3.9/5,6985,+91 9401301974,Madhapur,Buffet,Haleem,Fast Food,500,"[('Rated 3.1','Good food and service')]",Haleem,Buffet,Hyderabad
https://www.zomato.com/hyderabad/1720,"Road 49, Secunderabad, Hyderabad",Secunderabad Restaurant 1720,Yes,Yes,4.0/5,9818,+91 9975133264,Secunderabad,Casual Dining,Mutton Biryani,"Cafe, Beverages",600,"[('Rated 3.7','Good food and service')]",Masala Dosa,Buffet,Hyderabad
https://www.zomato.com/hyderabad/1721,"Road 2, Kondapur, Hyderabad",Kondapur Restaurant 1721,Yes,No,4.4/5,13204,+91 9819452376,Kondapur,Cafe,Mutton Biryani,"Bakery, Desserts",1000,"[('Rated 3.6','Good food and service')]",Paneer Butter Masala,Desserts,Hyderabad
https://www.zomato.com/hyderabad/1722,"Road 26, Madhapur, Hyderabad",Madhapur Restaurant 1722,Yes,No,3.6/5,6077,+91 9511684970,Madhapur,Casual Dining,Mutton Biryani,South Indian,1000,"[('Rated 4.7','Good food and service')]",Chicken Biryani,Dine-out,Hyderabad
https://www.zomato.com/hyderabad/1723,"Road 83, Secunderabad, Hyderabad",Secunderabad Restaurant 1723,No,Yes,4.8/5,6197,+91 9428574169,Secunderabad,Casual Dining,Coffee,"Biryani, North Indian",400,"[('Rated 3.7','Good food and service')]",Burger,Desserts,Hyderabad
https://www.zomato.com/hyderabad/1724,"Road 91, Dilsukhnagar, Hyderabad",Dilsukhnagar Restaurant 1724,No,Yes,3.3/5,4161,+91 9610578791,Dilsukhnagar,Fine Dining,Mutton Biryani,"Bakery, Desserts",600,"[('Rated 3.9','Good food and service')]",Coffee,Desserts,Hyderabad
https://www.zomato.com/hyderabad/1725,"Road 64, Charminar, Hyderabad",Charminar Restaurant 1725,Yes,Yes,4.1/5,18870,+91 9573575204,Charminar,Quick Bites,Coffee,"Bakery, Desserts",600,"[('Rated 4.0','Good food and service')]",Masala Dosa,Desserts,Hyderabad
https://www.zomato.com/hyderabad/1726,"Road 3, Secunderabad, Hyderabad",Secunderabad Restaurant 1726,Yes,No,4.2/5,13733,+91 9745697576,Secunderabad,Buffet,Pizza,South Indian,800,"[('Rated 4.3','Good food and service')]",Chicken Biryani,Dine-out,Hyderabad
https://www.zomato.com/hyderabad/1727,"Road 92, Tolichowki, Hyderabad",Tolichowki Restaurant 1727,Yes,No,3.8/5,2587,+91 9606051313,Tolichowki,Bakery,Mutton Biryani,Fast Food,1500,"[('Rated 4.8','Good food and service')]",Chicken Biryani,Dine-out,Hyderabad
https://www.zomato.com/hyderabad/1728,"Road 57, Begumpet, Hyderabad",Begumpet Restaurant 1728,No,No,3.5/5,9653,+91 9508059543,Begumpet,Cafe,Haleem,"Biryani, North Indian",300,"[('Rated 3.1','Good food and service')]",Masala Dosa,Cafes,Hyderabad
https://www.zomato.com/hyderabad/1729,"Road 52, Secunderabad, Hyderabad",Secunderabad Restaurant 1729,Yes,No,3.8/5,6344,+91 9600162713,Secunderabad,Bakery,Mutton Biryani,Fast Food,800,"[('Rated 3.7','Good food and service')]",Pizza,Desserts,Hyderabad
https://www.zomato.com/hyderabad/1730,"Road 58, Ameerpet, Hyderabad",Ameerpet Restaurant 1730,No,No,4.6/5,19584,+91 9400101954,Ameerpet,Casual Dining,Haleem,"Cafe, Beverages",300,"[('Rated 3.3','Good food and service')]",Mutton Biryani,Cafes,Hyderabad
https://www.zomato.com/hyderabad/1731,"Road 2, Jubilee Hills, Hyderabad",Jubilee Restaurant 1731,Yes,Yes,4.0/5,8409,+91 9732618856,Jubilee Hills,Quick Bites,Burger,"Biryani, North Indian",1000,"[('Rated 3.9','Good food and service')]",Paneer Butter Masala,Delivery,Hyderabad
https://www.zomato.com/hyderabad/1732,"Road 21, Jubilee Hills, Hyderabad",Jubilee Restaurant 1732,No,No,3.5/5,22460,+91 9648176524,Jubilee Hills,Bakery,Paneer Butter Masala,South Indian,300,"[('Rated 4.9','Good food and service')]",Masala Dosa,Dine-out,Hyderabad
https://www.zomato.com/hyderabad/1733,"Road 6, Tolichowki, Hyderabad",Tolichowki Restaurant 1733,Yes,No,4.7/5,17306,+91 9180957271,Tolichowki,Fine Dining,Coffee,Fast Food,1200,"[('Rated 3.1','Good food and service')]",Burger,Buffet,Hyderabad
https://www.zomato.com/hyderabad/1734,"Road 100, Jubilee Hills, Hyderabad",Jubilee Restaurant 1734,Yes,No,4.8/5,22994,+91 9589764769,Jubilee Hills,Quick Bites,Chicken Biryani,South Indian,1200,"[('Rated 3.8','Good food and service')]",Mutton Biryani,Buffet,Hyderabad
https://www.zomato.com/hyderabad/1735,"Road 73, Dilsukhnagar, Hyderabad",Dilsukhnagar Restaurant 1735,No,No,4.6/5,8794,+91 9815702385,Dilsukhnagar,Casual Dining,Paneer Butter Masala,"Bakery, Desserts",800,"[('Rated 4.6','Good food and service')]",Haleem,Desserts,Hyderabad
https://www.zomato.com/hyderabad/1736,"Road 34, Banjara Hills, Hyderabad",Banjara Restaurant 1736,Yes,No,3.4/5,4650,+91 9000783864,Banjara Hills,Bakery,Pizza,"Biryani, North Indian",1200,"[('Rated 3.7','Good food and service')]",Pizza,Dine-out,Hyderabad
https://www.zomato.com/hyderabad/1737,"Road 20, Dilsukhnagar, Hyderabad",Dilsukhnagar Restaurant 1737,No,Yes,4.1/5,18960,+91 9534513060,Dilsukhnagar,Buffet,Masala Dosa,"Biryani, North Indian",1000,"[('Rated 3.4','Good food and service')]",Paneer Butter Masala,Cafes,Hyderabad
https://www.zomato.com/hyderabad/1738,"Road 58, Kukatpally, Hyderabad",Kukatpally Restaurant 1738,No,No,3.4/5,20643,+91 9884803250,Kukatpally,Bakery,Pizza,"Cafe, Beverages",600,"[('Rated 3.7','Good food and service')]",Paneer Butter Masala,Dine-out,Hyderabad
https://www.zomato.com/hyderabad/1739,"Road 14, Madhapur, Hyderabad",Madhapur Restaurant 1739,No,No,3.7/5,11889,+91 9331229361,Madhapur,Fine Dining,Haleem,"Bakery, Desserts",800,"[('Rated 3.4','Good food and service')]",Burger,Cafes,Hyderabad
https://www.zomato.com/hyderabad/1740,"Road 37, Madhapur, Hyderabad",Madhapur Restaurant 1740,Yes,Yes,4.6/5,6165,+91 9802611853,Madhapur,Bakery,Pizza,Chinese,800,"[('Rated 4.2','Good food and service')]",Burger,Delivery,Hyderabad
https://www.zomato.com/hyderabad/1741,"Road 19, Madhapur, Hyderabad",Madhapur Restaurant 1741,Yes,Yes,3.4/5,6835,+91 9749082720,Madhapur,Buffet,Pizza,"Mughlai, Biryani",500,"[('Rated 4.5','Good food and service')]",Coffee,Desserts,Hyderabad
https://www.zomato.com/hyderabad/1742,"Road 15, Kondapur, Hyderabad",Kondapur Restaurant 1742,Yes,Yes,4.5/5,22427,+91 9878333720,Kondapur,Bakery,Haleem,"Mughlai, Biryani",1200,"[('Rated 3.9','Good food and service')]",Haleem,Buffet,Hyderabad
https://www.zomato.com/hyderabad/1743,"Road 6, Gachibowli, Hyderabad",Gachibowli Restaurant 1743,No,No,3.3/5,2312,+91 9142976287,Gachibowli,Fine Dining,Paneer Butter Masala,"Cafe, Beverages",1000,"[('Rated 4.5','Good food and service')]",Haleem,Buffet,Hyderabad
https://www.zomato.com/hyderabad/1744,"Road 7, Begumpet, Hyderabad",Begumpet Restaurant 1744,No,Yes,4.2/5,19024,+91 9421840693,Begumpet,Quick Bites,Coffee,"Bakery, Desserts",1200,"[('Rated 4.5','Good food and service')]",Coffee,Cafes,Hyderabad
https://www.zomato.com/hyderabad/1745,"Road 72, Miyapur, Hyderabad",Miyapur Restaurant 1745,No,Yes,4.8/5,20612,+91 9151805653,Miyapur,Bakery,Pizza,Fast Food,1200,"[('Rated 4.6','Good food and service')]",Burger,Buffet,Hyderabad
https://www.zomato.com/hyderabad/1746,"Road 6, Hitech City, Hyderabad",Hitech Restaurant 1746,Yes,Yes,3.6/5,4184,+91 9526475279,Hitech City,Fine Dining,Paneer Butter Masala,Fast Food,1500,"[('Rated 3.7','Good food and service')]",Haleem,Buffet,Hyderabad
https://www.zomato.com/hyderabad/1747,"Road 95, Madhapur, Hyderabad",Madhapur Restaurant 1747,No,Yes,3.4/5,9399,+91 9553077522,Madhapur,Cafe,Coffee,"Bakery, Desserts",1200,"[('Rated 4.2','Good food and service')]",Pizza,Delivery,Hyderabad
https://www.zomato.com/hyderabad/1748,"Road 51, Madhapur, Hyderabad",Madhapur Restaurant 1748,Yes,Yes,3.4/5,6703,+91 9672738434,Madhapur,Casual Dining,Chicken Biryani,"Bakery, Desserts",800,"[('Rated 3.3','Good food and service')]",Mutton Biryani,Dine-out,Hyderabad
https://www.zomato.com/hyderabad/1749,"Road 8, Hitech City, Hyderabad",Hitech Restaurant 1749,No,Yes,3.5/5,11644,+91 9236104960,Hitech City,Quick Bites,Chicken Biryani,Chinese,1200,"[('Rated 4.7','Good food and service')]",Burger,Desserts,Hyderabad
https://www.zomato.com/hyderabad/1750,"Road 21, Begumpet, Hyderabad",Begumpet Restaurant 1750,No,No,4.8/5,17625,+91 9153595626,Begumpet,Cafe,Chicken Biryani,Fast Food,1000,"[('Rated 4.6','Good food and service')]",Burger,Dine-out,Hyderabad
https://www.zomato.com/hyderabad/1751,"Road 48, Banjara Hills, Hyderabad",Banjara Restaurant 1751,No,Yes,3.3/5,16632,+91 9315368913,Banjara Hills,Casual Dining,Pizza,"Cafe, Beverages",800,"[('Rated 4.9','Good food and service')]",Masala Dosa,Delivery,Hyderabad
https://www.zomato.com/hyderabad/1752,"Road 23, Miyapur, Hyderabad",Miyapur Restaurant 1752,Yes,Yes,3.2/5,10018,+91 9379177584,Miyapur,Bakery,Coffee,"Biryani, North Indian",500,"[('Rated 3.9','Good food and service')]",Chicken Biryani,Buffet,Hyderabad
https://www.zomato.com/hyderabad/1753,"Road 13, Charminar, Hyderabad",Charminar Restaurant 1753,No,No,3.3/5,512,+91 9577357314,Charminar,Buffet,Masala Dosa,"Bakery, Desserts",1500,"[('Rated 3.5','Good food and service')]",Haleem,Dine-out,Hyderabad
https://www.zomato.com/hyderabad/1754,"Road 9, Miyapur, Hyderabad",Miyapur Restaurant 1754,Yes,No,4.1/5,14507,+91 9379966761,Miyapur,Casual Dining,Haleem,"Mughlai, Biryani",500,"[('Rated 3.4','Good food and service')]",Masala Dosa,Cafes,Hyderabad
https://www.zomato.com/hyderabad/1755,"Road 71, Banjara Hills, Hyderabad",Banjara Restaurant 1755,Yes,Yes,3.4/5,5133,+91 9472913965,Banjara Hills,Fine Dining,Pizza,"Biryani, North Indian",500,"[('Rated 4.0','Good food and service')]",Burger,Cafes,Hyderabad
https://www.zomato.com/hyderabad/1756,"Road 43, Jubilee Hills, Hyderabad",Jubilee Restaurant 1756,No,No,3.7/5,24938,+91 9111375856,Jubilee Hills,Bakery,Haleem,"Biryani, North Indian",1000,"[('Rated 3.6','Good food and service')]",Mutton Biryani,Delivery,Hyderabad
https://www.zomato.com/hyderabad/1757,"Road 53, Dilsukhnagar, Hyderabad",Dilsukhnagar Restaurant 1757,Yes,Yes,4.9/5,1758,+91 9946020379,Dilsukhnagar,Bakery,Chicken Biryani,Fast Food,1000,"[('Rated 3.5','Good food and service')]",Burger,Dine-out,Hyderabad
https://www.zomato.com/hyderabad/1758,"Road 59, Madhapur, Hyderabad",Madhapur Restaurant 1758,Yes,No,4.5/5,18792,+91 9256352959,Madhapur,Bakery,Pizza,South Indian,1500,"[('Rated 3.5','Good food and service')]",Paneer Butter Masala,Delivery,Hyderabad
https://www.zomato.com/hyderabad/1759,"Road 89, Secunderabad, Hyderabad",Secunderabad Restaurant 1759,No,Yes,3.3/5,1653,+91 9511134173,Secunderabad,Bakery,Haleem,"Mughlai, Biryani",300,"[('Rated 3.2','Good food and service')]",Coffee,Buffet,Hyderabad
https://www.zomato.com/hyderabad/1760,"Road 70, Gachibowli, Hyderabad",Gachibowli Restaurant 1760,Yes,No,3.9/5,5343,+91 9871552194,Gachibowli,Quick Bites,Mutton Biryani,"Mughlai, Biryani",1200,"[('Rated 4.6','Good food and service')]",Coffee,Delivery,Hyderabad
https://www.zomato.com/hyderabad/1761,"Road 69, Charminar, Hyderabad",Charminar Restaurant 1761,Yes,Yes,3.9/5,15487,+91 9193210931,Charminar,Buffet,Coffee,"Cafe, Beverages",1200,"[('Rated 4.9','Good food and service')]",Pizza,Dine-out,Hyderabad
https://www.zomato.com/hyderabad/1762,"Road 70, Dilsukhnagar, Hyderabad",Dilsukhnagar Restaurant 1762,Yes,No,4.3/5,12148,+91 9912589792,Dilsukhnagar,Cafe,Masala Dosa,South Indian,500,"[('Rated 3.7','Good food and service')]",Mutton Biryani,Cafes,Hyderabad
https://www.zomato.com/hyderabad/1763,"Road 100, Dilsukhnagar, Hyderabad",Dilsukhnagar Restaurant 1763,No,No,4.0/5,10374,+91 9003375120,Dilsukhnagar,Cafe,Chicken Biryani,"Bakery, Desserts",1000,"[('Rated 4.8','Good food and service')]",Masala Dosa,Cafes,Hyderabad
https://www.zomato.com/hyderabad/1764,"Road 41, Madhapur, Hyderabad",Madhapur Restaurant 1764,No,No,4.6/5,3475,+91 9125035474,Madhapur,Bakery,Paneer Butter Masala,"Bakery, Desserts",1200,"[('Rated 4.5','Good food and service')]",Coffee,Buffet,Hyderabad
https://www.zomato.com/hyderabad/1765,"Road 22, Dilsukhnagar, Hyderabad",Dilsukhnagar Restaurant 1765,Yes,No,4.0/5,16232,+91 9632497418,Dilsukhnagar,Casual Dining,Burger,"Biryani, North Indian",1500,"[('Rated 3.5','Good food and service')]",Pizza,Delivery,Hyderabad
https://www.zomato.com/hyderabad/1766,"Road 31, Kukatpally, Hyderabad",Kukatpally Restaurant 1766,Yes,Yes,4.4/5,4725,+91 9045912142,Kukatpally,Bakery,Masala Dosa,Chinese,1500,"[('Rated 4.3','Good food and service')]",Coffee,Cafes,Hyderabad
https://www.zomato.com/hyderabad/1767,"Road 53, Hitech City, Hyderabad",Hitech Restaurant 1767,Yes,Yes,4.5/5,11089,+91 9368505106,Hitech City,Fine Dining,Chicken Biryani,"Biryani, North Indian",1200,"[('Rated 4.1','Good food and service')]",Chicken Biryani,Delivery,Hyderabad
https://www.zomato.com/hyderabad/1768,"Road 40, Kukatpally, Hyderabad",Kukatpally Restaurant 1768,No,No,4.6/5,3490,+91 9361315875,Kukatpally,Casual Dining,Chicken Biryani,Fast Food,1200,"[('Rated 3.2','Good food and service')]",Paneer Butter Masala,Desserts,Hyderabad
https://www.zomato.com/hyderabad/1769,"Road 93, Gachibowli, Hyderabad",Gachibowli Restaurant 1769,Yes,Yes,4.9/5,14375,+91 9546224221,Gachibowli,Fine Dining,Burger,South Indian,400,"[('Rated 3.9','Good food and service')]",Mutton Biryani,Delivery,Hyderabad
https://www.zomato.com/hyderabad/1770,"Road 29, Gachibowli, Hyderabad",Gachibowli Restaurant 1770,No,No,4.8/5,21405,+91 9548696960,Gachibowli,Bakery,Haleem,"Cafe, Beverages",800,"[('Rated 4.5','Good food and service')]",Chicken Biryani,Cafes,Hyderabad
https://www.zomato.com/hyderabad/1771,"Road 59, Dilsukhnagar, Hyderabad",Dilsukhnagar Restaurant 1771,No,No,3.5/5,8776,+91 9070092985,Dilsukhnagar,Casual Dining,Paneer Butter Masala,"Mughlai, Biryani",1200,"[('Rated 3.4','Good food and service')]",Paneer Butter Masala,Cafes,Hyderabad
https://www.zomato.com/hyderabad/1772,"Road 43, Gachibowli, Hyderabad",Gachibowli Restaurant 1772,No,Yes,4.9/5,19553,+91 9535341647,Gachibowli,Bakery,Pizza,Fast Food,300,"[('Rated 4.8','Good food and service')]",Masala Dosa,Buffet,Hyderabad
https://www.zomato.com/hyderabad/1773,"Road 52, Charminar, Hyderabad",Charminar Restaurant 1773,Yes,Yes,4.7/5,785,+91 9063637071,Charminar,Buffet,Chicken Biryani,"Bakery, Desserts",500,"[('Rated 3.9','Good food and service')]",Masala Dosa,Desserts,Hyderabad
https://www.zomato.com/hyderabad/1774,"Road 47, Begumpet, Hyderabad",Begumpet Restaurant 1774,No,No,3.8/5,3062,+91 9150957495,Begumpet,Cafe,Chicken Biryani,Chinese,300,"[('Rated 4.3','Good food and service')]",Burger,Buffet,Hyderabad
https://www.zomato.com/hyderabad/1775,"Road 83, Kondapur, Hyderabad",Kondapur Restaurant 1775,Yes,Yes,3.3/5,18874,+91 9161382807,Kondapur,Cafe,Haleem,Fast Food,500,"[('Rated 4.8','Good food and service')]",Burger,Delivery,Hyderabad
https://www.zomato.com/hyderabad/1776,"Road 51, Begumpet, Hyderabad",Begumpet Restaurant 1776,Yes,No,3.2/5,14545,+91 9821125729,Begumpet,Quick Bites,Haleem,"Cafe, Beverages",1200,"[('Rated 3.4','Good food and service')]",Burger,Desserts,Hyderabad
https://www.zomato.com/hyderabad/1777,"Road 57, Begumpet, Hyderabad",Begumpet Restaurant 1777,Yes,Yes,3.2/5,10471,+91 9962242552,Begumpet,Cafe,Paneer Butter Masala,"Bakery, Desserts",1500,"[('Rated 3.9','Good food and service')]",Paneer Butter Masala,Dine-out,Hyderabad
https://www.zomato.com/hyderabad/1778,"Road 13, Kukatpally, Hyderabad",Kukatpally Restaurant 1778,No,No,4.3/5,15704,+91 9516421797,Kukatpally,Cafe,Haleem,"Bakery, Desserts",1500,"[('Rated 3.1','Good food and service')]",Coffee,Dine-out,Hyderabad
https://www.zomato.com/hyderabad/1779,"Road 26, LB Nagar, Hyderabad",LB Restaurant 1779,Yes,No,3.3/5,23002,+91 9302417257,LB Nagar,Cafe,Chicken Biryani,South Indian,1200,"[('Rated 3.2','Good food and service')]",Mutton Biryani,Cafes,Hyderabad
https://www.zomato.com/hyderabad/1780,"Road 53, Gachibowli, Hyderabad",Gachibowli Restaurant 1780,No,No,3.4/5,624,+91 9019230373,Gachibowli,Cafe,Masala Dosa,Chinese,500,"[('Rated 3.9','Good food and service')]",Chicken Biryani,Dine-out,Hyderabad
https://www.zomato.com/hyderabad/1781,"Road 8, Kukatpally, Hyderabad",Kukatpally Restaurant 1781,No,No,4.7/5,15296,+91 9525641556,Kukatpally,Cafe,Burger,South Indian,1500,"[('Rated 4.8','Good food and service')]",Masala Dosa,Delivery,Hyderabad
https://www.zomato.com/hyderabad/1782,"Road 32, LB Nagar, Hyderabad",LB Restaurant 1782,No,Yes,4.0/5,20629,+91 9081912989,LB Nagar,Quick Bites,Chicken Biryani,"Biryani, North Indian",600,"[('Rated 3.4','Good food and service')]",Paneer Butter Masala,Delivery,Hyderabad
https://www.zomato.com/hyderabad/1783,"Road 44, LB Nagar, Hyderabad",LB Restaurant 1783,Yes,No,3.3/5,6722,+91 9764749528,LB Nagar,Cafe,Paneer Butter Masala,"Mughlai, Biryani",600,"[('Rated 4.5','Good food and service')]",Haleem,Dine-out,Hyderabad
https://www.zomato.com/hyderabad/1784,"Road 20, Begumpet, Hyderabad",Begumpet Restaurant 1784,No,No,4.1/5,10581,+91 9306888510,Begumpet,Quick Bites,Paneer Butter Masala,Chinese,500,"[('Rated 4.7','Good food and service')]",Burger,Cafes,Hyderabad
https://www.zomato.com/hyderabad/1785,"Road 60, Kukatpally, Hyderabad",Kukatpally Restaurant 1785,No,Yes,4.3/5,20729,+91 9446446355,Kukatpally,Fine Dining,Coffee,"Mughlai, Biryani",500,"[('Rated 3.0','Good food and service')]",Pizza,Buffet,Hyderabad
https://www.zomato.com/hyderabad/1786,"Road 19, Begumpet, Hyderabad",Begumpet Restaurant 1786,No,No,4.1/5,22162,+91 9103812413,Begumpet,Casual Dining,Pizza,Fast Food,600,"[('Rated 4.2','Good food and service')]",Haleem,Cafes,Hyderabad
https://www.zomato.com/hyderabad/1787,"Road 81, Hitech City, Hyderabad",Hitech Restaurant 1787,Yes,Yes,4.7/5,8769,+91 9978068205,Hitech City,Casual Dining,Pizza,Chinese,400,"[('Rated 3.7','Good food and service')]",Burger,Buffet,Hyderabad
https://www.zomato.com/hyderabad/1788,"Road 9, Tolichowki, Hyderabad",Tolichowki Restaurant 1788,No,No,4.4/5,8967,+91 9783350808,Tolichowki,Bakery,Mutton Biryani,Chinese,600,"[('Rated 3.5','Good food and service')]",Mutton Biryani,Desserts,Hyderabad
https://www.zomato.com/hyderabad/1789,"Road 3, Ameerpet, Hyderabad",Ameerpet Restaurant 1789,Yes,Yes,3.3/5,9039,+91 9957758229,Ameerpet,Bakery,Coffee,South Indian,500,"[('Rated 4.0','Good food and service')]",Chicken Biryani,Buffet,Hyderabad
https://www.zomato.com/hyderabad/1790,"Road 1, LB Nagar, Hyderabad",LB Restaurant 1790,Yes,Yes,3.2/5,2259,+91 9920306598,LB Nagar,Fine Dining,Pizza,"Mughlai, Biryani",1500,"[('Rated 4.2','Good food and service')]",Haleem,Dine-out,Hyderabad
https://www.zomato.com/hyderabad/1791,"Road 36, Banjara Hills, Hyderabad",Banjara Restaurant 1791,Yes,Yes,3.2/5,24579,+91 9311036986,Banjara Hills,Casual Dining,Pizza,"Biryani, North Indian",1200,"[('Rated 4.7','Good food and service')]",Paneer Butter Masala,Delivery,Hyderabad
https://www.zomato.com/hyderabad/1792,"Road 36, Begumpet, Hyderabad",Begumpet Restaurant 1792,Yes,No,4.1/5,5216,+91 9667467001,Begumpet,Bakery,Burger,"Cafe, Beverages",800,"[('Rated 3.7','Good food and service')]",Coffee,Delivery,Hyderabad
https://www.zomato.com/hyderabad/1793,"Road 97, LB Nagar, Hyderabad",LB Restaurant 1793,Yes,Yes,3.4/5,8884,+91 9056001138,LB Nagar,Bakery,Coffee,Fast Food,600,"[('Rated 3.1','Good food and service')]",Haleem,Delivery,Hyderabad
https://www.zomato.com/hyderabad/1794,"Road 81, Ameerpet, Hyderabad",Ameerpet Restaurant 1794,No,No,4.6/5,11512,+91 9574355557,Ameerpet,Fine Dining,Masala Dosa,Fast Food,1200,"[('Rated 3.1','Good food and service')]",Haleem,Delivery,Hyderabad
https://www.zomato.com/hyderabad/1795,"Road 73, Ameerpet, Hyderabad",Ameerpet Restaurant 1795,Yes,No,3.2/5,24193,+91 9792065352,Ameerpet,Bakery,Burger,"Mughlai, Biryani",300,"[('Rated 3.3','Good food and service')]",Burger,Buffet,Hyderabad
https://www.zomato.com/hyderabad/1796,"Road 73, Banjara Hills, Hyderabad",Banjara Restaurant 1796,Yes,No,4.7/5,15188,+91 9740628373,Banjara Hills,Cafe,Paneer Butter Masala,"Bakery, Desserts",600,"[('Rated 3.0','Good food and service')]",Chicken Biryani,Delivery,Hyderabad
https://www.zomato.com/hyderabad/1797,"Road 81, Begumpet, Hyderabad",Begumpet Restaurant 1797,Yes,No,4.7/5,20909,+91 9576618749,Begumpet,Buffet,Pizza,"Biryani, North Indian",1000,"[('Rated 3.8','Good food and service')]",Mutton Biryani,Buffet,Hyderabad
https://www.zomato.com/hyderabad/1798,"Road 17, Hitech City, Hyderabad",Hitech Restaurant 1798,No,No,4.9/5,7458,+91 9964897472,Hitech City,Cafe,Coffee,"Cafe, Beverages",1200,"[('Rated 3.8','Good food and service')]",Burger,Desserts,Hyderabad
https://www.zomato.com/hyderabad/1799,"Road 12, Kukatpally, Hyderabad",Kukatpally Restaurant 1799,Yes,Yes,3.5/5,9231,+91 9642489539,Kukatpally,Cafe,Coffee,"Biryani, North Indian",500,"[('Rated 3.0','Good food and service')]",Mutton Biryani,Delivery,Hyderabad
https://www.zomato.com/hyderabad/1800,"Road 29, Kukatpally, Hyderabad",Kukatpally Restaurant 1800,No,No,4.1/5,13996,+91 9784753645,Kukatpally,Fine Dining,Paneer Butter Masala,"Mughlai, Biryani",1500,"[('Rated 4.7','Good food and service')]",Mutton Biryani,Dine-out,Hyderabad
https://www.zomato.com/hyderabad/1801,"Road 18, Gachibowli, Hyderabad",Gachibowli Restaurant 1801,Yes,Yes,4.8/5,7171,+91 9859847094,Gachibowli,Casual Dining,Masala Dosa,"Cafe, Beverages",1500,"[('Rated 3.1','Good food and service')]",Paneer Butter Masala,Cafes,Hyderabad
https://www.zomato.com/hyderabad/1802,"Road 97, Begumpet, Hyderabad",Begumpet Restaurant 1802,Yes,No,4.1/5,7764,+91 9599369073,Begumpet,Casual Dining,Mutton Biryani,"Mughlai, Biryani",500,"[('Rated 4.0','Good food and service')]",Coffee,Delivery,Hyderabad
https://www.zomato.com/hyderabad/1803,"Road 36, Banjara Hills, Hyderabad",Banjara Restaurant 1803,Yes,Yes,3.4/5,18402,+91 9407378344,Banjara Hills,Quick Bites,Masala Dosa,Fast Food,300,"[('Rated 3.5','Good food and service')]",Coffee,Cafes,Hyderabad
https://www.zomato.com/hyderabad/1804,"Road 87, Begumpet, Hyderabad",Begumpet Restaurant 1804,Yes,Yes,4.8/5,9106,+91 9606678540,Begumpet,Quick Bites,Haleem,Chinese,600,"[('Rated 4.3','Good food and service')]",Pizza,Desserts,Hyderabad
https://www.zomato.com/hyderabad/1805,"Road 84, Secunderabad, Hyderabad",Secunderabad Restaurant 1805,Yes,No,3.5/5,4430,+91 9855395019,Secunderabad,Buffet,Mutton Biryani,"Cafe, Beverages",1500,"[('Rated 4.0','Good food and service')]",Burger,Dine-out,Hyderabad
https://www.zomato.com/hyderabad/1806,"Road 18, Gachibowli, Hyderabad",Gachibowli Restaurant 1806,Yes,No,4.7/5,7422,+91 9061703614,Gachibowli,Buffet,Pizza,"Bakery, Desserts",1000,"[('Rated 5.0','Good food and service')]",Chicken Biryani,Cafes,Hyderabad
https://www.zomato.com/hyderabad/1807,"Road 3, Ameerpet, Hyderabad",Ameerpet Restaurant 1807,No,Yes,3.5/5,13974,+91 9501021121,Ameerpet,Cafe,Pizza,South Indian,500,"[('Rated 3.1','Good food and service')]",Paneer Butter Masala,Delivery,Hyderabad
https://www.zomato.com/hyderabad/1808,"Road 52, Banjara Hills, Hyderabad",Banjara Restaurant 1808,Yes,No,3.9/5,986,+91 9177487277,Banjara Hills,Fine Dining,Mutton Biryani,Chinese,1200,"[('Rated 4.4','Good food and service')]",Masala Dosa,Desserts,Hyderabad
https://www.zomato.com/hyderabad/1809,"Road 74, Miyapur, Hyderabad",Miyapur Restaurant 1809,Yes,No,3.7/5,14467,+91 9544233551,Miyapur,Buffet,Masala Dosa,Chinese,1000,"[('Rated 4.6','Good food and service')]",Coffee,Dine-out,Hyderabad
https://www.zomato.com/hyderabad/1810,"Road 85, Dilsukhnagar, Hyderabad",Dilsukhnagar Restaurant 1810,No,Yes,3.9/5,9772,+91 9995624847,Dilsukhnagar,Quick Bites,Burger,"Cafe, Beverages",500,"[('Rated 3.1','Good food and service')]",Mutton Biryani,Cafes,Hyderabad
https://www.zomato.com/hyderabad/1811,"Road 24, Tolichowki, Hyderabad",Tolichowki Restaurant 1811,Yes,No,3.5/5,7620,+91 9475771951,Tolichowki,Cafe,Chicken Biryani,"Bakery, Desserts",400,"[('Rated 4.5','Good food and service')]",Pizza,Cafes,Hyderabad
https://www.zomato.com/hyderabad/1812,"Road 66, Kukatpally, Hyderabad",Kukatpally Restaurant 1812,Yes,Yes,3.9/5,20977,+91 9374357274,Kukatpally,Casual Dining,Haleem,"Bakery, Desserts",1200,"[('Rated 3.0','Good food and service')]",Masala Dosa,Delivery,Hyderabad
https://www.zomato.com/hyderabad/1813,"Road 53, Ameerpet, Hyderabad",Ameerpet Restaurant 1813,Yes,Yes,4.2/5,5866,+91 9239357757,Ameerpet,Bakery,Pizza,"Mughlai, Biryani",400,"[('Rated 4.4','Good food and service')]",Burger,Desserts,Hyderabad
https://www.zomato.com/hyderabad/1814,"Road 63, LB Nagar, Hyderabad",LB Restaurant 1814,No,No,4.5/5,14455,+91 9503495504,LB Nagar,Fine Dining,Mutton Biryani,South Indian,500,"[('Rated 3.8','Good food and service')]",Burger,Buffet,Hyderabad
https://www.zomato.com/hyderabad/1815,"Road 46, Ameerpet, Hyderabad",Ameerpet Restaurant 1815,No,No,4.3/5,1026,+91 9140626910,Ameerpet,Casual Dining,Coffee,"Bakery, Desserts",1000,"[('Rated 3.0','Good food and service')]",Coffee,Delivery,Hyderabad
https://www.zomato.com/hyderabad/1816,"Road 48, Madhapur, Hyderabad",Madhapur Restaurant 1816,No,Yes,3.3/5,6273,+91 9831499385,Madhapur,Casual Dining,Mutton Biryani,"Cafe, Beverages",1000,"[('Rated 4.0','Good food and service')]",Masala Dosa,Desserts,Hyderabad
https://www.zomato.com/hyderabad/1817,"Road 40, Kondapur, Hyderabad",Kondapur Restaurant 1817,No,No,3.6/5,16586,+91 9800981858,Kondapur,Bakery,Haleem,"Mughlai, Biryani",400,"[('Rated 3.5','Good food and service')]",Masala Dosa,Desserts,Hyderabad
https://www.zomato.com/hyderabad/1818,"Road 75, Madhapur, Hyderabad",Madhapur Restaurant 1818,No,Yes,4.7/5,5451,+91 9004461155,Madhapur,Quick Bites,Haleem,Fast Food,300,"[('Rated 4.1','Good food and service')]",Chicken Biryani,Cafes,Hyderabad
https://www.zomato.com/hyderabad/1819,"Road 64, Gachibowli, Hyderabad",Gachibowli Restaurant 1819,No,Yes,3.7/5,15578,+91 9797905028,Gachibowli,Quick Bites,Haleem,"Biryani, North Indian",1200,"[('Rated 3.1','Good food and service')]",Masala Dosa,Delivery,Hyderabad
https://www.zomato.com/hyderabad/1820,"Road 40, Secunderabad, Hyderabad",Secunderabad Restaurant 1820,Yes,No,4.6/5,23468,+91 9763620468,Secunderabad,Bakery,Burger,Chinese,1000,"[('Rated 4.3','Good food and service')]",Pizza,Buffet,Hyderabad
https://www.zomato.com/hyderabad/1821,"Road 60, Madhapur, Hyderabad",Madhapur Restaurant 1821,Yes,No,4.0/5,151,+91 9053519703,Madhapur,Casual Dining,Coffee,"Mughlai, Biryani",600,"[('Rated 3.8','Good food and service')]",Burger,Delivery,Hyderabad
https://www.zomato.com/hyderabad/1822,"Road 83, Miyapur, Hyderabad",Miyapur Restaurant 1822,No,No,4.2/5,3799,+91 9333817893,Miyapur,Quick Bites,Chicken Biryani,"Biryani, North Indian",400,"[('Rated 3.4','Good food and service')]",Haleem,Delivery,Hyderabad
https://www.zomato.com/hyderabad/1823,"Road 39, Ameerpet, Hyderabad",Ameerpet Restaurant 1823,No,Yes,3.3/5,18912,+91 9243435348,Ameerpet,Quick Bites,Pizza,"Bakery, Desserts",400,"[('Rated 3.7','Good food and service')]",Masala Dosa,Cafes,Hyderabad
https://www.zomato.com/hyderabad/1824,"Road 1, LB Nagar, Hyderabad",LB Restaurant 1824,Yes,Yes,3.6/5,24568,+91 9051969930,LB Nagar,Casual Dining,Pizza,"Biryani, North Indian",400,"[('Rated 4.0','Good food and service')]",Chicken Biryani,Dine-out,Hyderabad
https://www.zomato.com/hyderabad/1825,"Road 74, Tolichowki, Hyderabad",Tolichowki Restaurant 1825,No,No,4.8/5,24472,+91 9864130689,Tolichowki,Bakery,Paneer Butter Masala,"Cafe, Beverages",1000,"[('Rated 4.2','Good food and service')]",Pizza,Desserts,Hyderabad
https://www.zomato.com/hyderabad/1826,"Road 47, LB Nagar, Hyderabad",LB Restaurant 1826,Yes,Yes,4.1/5,21612,+91 9102478462,LB Nagar,Fine Dining,Pizza,"Bakery, Desserts",1500,"[('Rated 4.8','Good food and service')]",Mutton Biryani,Cafes,Hyderabad
https://www.zomato.com/hyderabad/1827,"Road 9, Jubilee Hills, Hyderabad",Jubilee Restaurant 1827,No,No,4.7/5,20710,+91 9708539779,Jubilee Hills,Quick Bites,Masala Dosa,Fast Food,600,"[('Rated 4.1','Good food and service')]",Paneer Butter Masala,Dine-out,Hyderabad
https://www.zomato.com/hyderabad/1828,"Road 13, Charminar, Hyderabad",Charminar Restaurant 1828,No,Yes,4.8/5,13560,+91 9713493077,Charminar,Casual Dining,Haleem,Chinese,600,"[('Rated 4.5','Good food and service')]",Chicken Biryani,Buffet,Hyderabad
https://www.zomato.com/hyderabad/1829,"Road 87, Madhapur, Hyderabad",Madhapur Restaurant 1829,Yes,No,3.8/5,15313,+91 9971061301,Madhapur,Quick Bites,Pizza,"Cafe, Beverages",800,"[('Rated 3.0','Good food and service')]",Chicken Biryani,Delivery,Hyderabad
https://www.zomato.com/hyderabad/1830,"Road 86, Ameerpet, Hyderabad",Ameerpet Restaurant 1830,No,No,4.1/5,22400,+91 9634545982,Ameerpet,Bakery,Chicken Biryani,South Indian,800,"[('Rated 4.0','Good food and service')]",Paneer Butter Masala,Delivery,Hyderabad
https://www.zomato.com/hyderabad/1831,"Road 65, Madhapur, Hyderabad",Madhapur Restaurant 1831,No,No,4.8/5,19807,+91 9854678879,Madhapur,Casual Dining,Coffee,"Mughlai, Biryani",600,"[('Rated 3.6','Good food and service')]",Paneer Butter Masala,Desserts,Hyderabad
https://www.zomato.com/hyderabad/1832,"Road 30, Banjara Hills, Hyderabad",Banjara Restaurant 1832,Yes,No,4.5/5,22201,+91 9135631190,Banjara Hills,Fine Dining,Pizza,"Biryani, North Indian",500,"[('Rated 4.6','Good food and service')]",Coffee,Cafes,Hyderabad
https://www.zomato.com/hyderabad/1833,"Road 26, Begumpet, Hyderabad",Begumpet Restaurant 1833,No,No,4.5/5,17806,+91 9925996566,Begumpet,Fine Dining,Chicken Biryani,"Biryani, North Indian",1200,"[('Rated 3.1','Good food and service')]",Burger,Buffet,Hyderabad
https://www.zomato.com/hyderabad/1834,"Road 97, Begumpet, Hyderabad",Begumpet Restaurant 1834,No,No,3.8/5,20613,+91 9382414836,Begumpet,Quick Bites,Burger,South Indian,600,"[('Rated 3.9','Good food and service')]",Paneer Butter Masala,Buffet,Hyderabad
https://www.zomato.com/hyderabad/1835,"Road 29, Secunderabad, Hyderabad",Secunderabad Restaurant 1835,No,Yes,3.6/5,5997,+91 9660927313,Secunderabad,Casual Dining,Haleem,Fast Food,300,"[('Rated 4.5','Good food and service')]",Chicken Biryani,Desserts,Hyderabad
https://www.zomato.com/hyderabad/1836,"Road 87, Secunderabad, Hyderabad",Secunderabad Restaurant 1836,Yes,No,4.3/5,12758,+91 9963471806,Secunderabad,Cafe,Burger,Chinese,600,"[('Rated 4.1','Good food and service')]",Haleem,Buffet,Hyderabad
https://www.zomato.com/hyderabad/1837,"Road 54, Tolichowki, Hyderabad",Tolichowki Restaurant 1837,Yes,No,4.1/5,11719,+91 9621540142,Tolichowki,Quick Bites,Mutton Biryani,Fast Food,1000,"[('Rated 4.6','Good food and service')]",Haleem,Buffet,Hyderabad
https://www.zomato.com/hyderabad/1838,"Road 39, Begumpet, Hyderabad",Begumpet Restaurant 1838,No,Yes,3.3/5,1437,+91 9184408555,Begumpet,Casual Dining,Burger,"Bakery, Desserts",500,"[('Rated 4.2','Good food and service')]",Paneer Butter Masala,Desserts,Hyderabad
https://www.zomato.com/hyderabad/1839,"Road 78, Begumpet, Hyderabad",Begumpet Restaurant 1839,No,No,4.3/5,11116,+91 9372339856,Begumpet,Fine Dining,Pizza,"Cafe, Beverages",1000,"[('Rated 4.4','Good food and service')]",Burger,Desserts,Hyderabad
https://www.zomato.com/hyderabad/1840,"Road 49, Tolichowki, Hyderabad",Tolichowki Restaurant 1840,No,Yes,4.7/5,6357,+91 9240855150,Tolichowki,Quick Bites,Masala Dosa,Chinese,300,"[('Rated 3.2','Good food and service')]",Mutton Biryani,Desserts,Hyderabad
https://www.zomato.com/hyderabad/1841,"Road 31, Miyapur, Hyderabad",Miyapur Restaurant 1841,Yes,Yes,4.2/5,16006,+91 9617219631,Miyapur,Quick Bites,Chicken Biryani,Fast Food,300,"[('Rated 3.1','Good food and service')]",Chicken Biryani,Cafes,Hyderabad
https://www.zomato.com/hyderabad/1842,"Road 59, Kondapur, Hyderabad",Kondapur Restaurant 1842,Yes,Yes,4.5/5,13912,+91 9549838225,Kondapur,Bakery,Coffee,"Bakery, Desserts",1000,"[('Rated 3.2','Good food and service')]",Mutton Biryani,Buffet,Hyderabad
https://www.zomato.com/hyderabad/1843,"Road 70, Kukatpally, Hyderabad",Kukatpally Restaurant 1843,Yes,No,4.8/5,12728,+91 9647905118,Kukatpally,Quick Bites,Chicken Biryani,"Cafe, Beverages",300,"[('Rated 3.4','Good food and service')]",Haleem,Dine-out,Hyderabad
https://www.zomato.com/hyderabad/1844,"Road 39, Banjara Hills, Hyderabad",Banjara Restaurant 1844,Yes,Yes,4.6/5,6560,+91 9998148524,Banjara Hills,Casual Dining,Chicken Biryani,"Cafe, Beverages",500,"[('Rated 3.2','Good food and service')]",Mutton Biryani,Buffet,Hyderabad
https://www.zomato.com/hyderabad/1845,"Road 87, Kukatpally, Hyderabad",Kukatpally Restaurant 1845,No,No,4.3/5,1669,+91 9332042371,Kukatpally,Fine Dining,Haleem,South Indian,400,"[('Rated 3.2','Good food and service')]",Masala Dosa,Cafes,Hyderabad
https://www.zomato.com/hyderabad/1846,"Road 41, Begumpet, Hyderabad",Begumpet Restaurant 1846,Yes,Yes,4.4/5,268,+91 9603765265,Begumpet,Bakery,Masala Dosa,"Cafe, Beverages",1200,"[('Rated 4.6','Good food and service')]",Paneer Butter Masala,Dine-out,Hyderabad
https://www.zomato.com/hyderabad/1847,"Road 93, Hitech City, Hyderabad",Hitech Restaurant 1847,Yes,Yes,3.9/5,23996,+91 9377378853,Hitech City,Fine Dining,Chicken Biryani,South Indian,400,"[('Rated 4.2','Good food and service')]",Coffee,Buffet,Hyderabad
https://www.zomato.com/hyderabad/1848,"Road 10, Kondapur, Hyderabad",Kondapur Restaurant 1848,No,Yes,4.5/5,18627,+91 9808890134,Kondapur,Casual Dining,Masala Dosa,"Biryani, North Indian",300,"[('Rated 3.6','Good food and service')]",Pizza,Desserts,Hyderabad
https://www.zomato.com/hyderabad/1849,"Road 76, Charminar, Hyderabad",Charminar Restaurant 1849,Yes,Yes,3.8/5,21038,+91 9370860373,Charminar,Cafe,Mutton Biryani,"Bakery, Desserts",500,"[('Rated 4.0','Good food and service')]",Chicken Biryani,Desserts,Hyderabad
https://www.zomato.com/hyderabad/1850,"Road 83, Banjara Hills, Hyderabad",Banjara Restaurant 1850,Yes,Yes,4.5/5,15413,+91 9575645051,Banjara Hills,Quick Bites,Masala Dosa,South Indian,1500,"[('Rated 5.0','Good food and service')]",Masala Dosa,Dine-out,Hyderabad
https://www.zomato.com/hyderabad/1851,"Road 99, Madhapur, Hyderabad",Madhapur Restaurant 1851,Yes,Yes,3.4/5,15106,+91 9373405045,Madhapur,Buffet,Chicken Biryani,"Cafe, Beverages",1200,"[('Rated 4.3','Good food and service')]",Haleem,Buffet,Hyderabad
https://www.zomato.com/hyderabad/1852,"Road 79, Miyapur, Hyderabad",Miyapur Restaurant 1852,No,Yes,4.7/5,17341,+91 9429467486,Miyapur,Bakery,Masala Dosa,South Indian,400,"[('Rated 3.9','Good food and service')]",Burger,Delivery,Hyderabad
https://www.zomato.com/hyderabad/1853,"Road 69, Kukatpally, Hyderabad",Kukatpally Restaurant 1853,No,Yes,3.5/5,19939,+91 9068270802,Kukatpally,Cafe,Pizza,"Bakery, Desserts",400,"[('Rated 4.0','Good food and service')]",Haleem,Desserts,Hyderabad
https://www.zomato.com/hyderabad/1854,"Road 90, Ameerpet, Hyderabad",Ameerpet Restaurant 1854,Yes,No,3.5/5,3216,+91 9327939748,Ameerpet,Buffet,Pizza,"Cafe, Beverages",800,"[('Rated 4.1','Good food and service')]",Masala Dosa,Cafes,Hyderabad
https://www.zomato.com/hyderabad/1855,"Road 54, Gachibowli, Hyderabad",Gachibowli Restaurant 1855,No,Yes,3.3/5,20066,+91 9898638803,Gachibowli,Quick Bites,Chicken Biryani,"Bakery, Desserts",1000,"[('Rated 4.5','Good food and service')]",Masala Dosa,Desserts,Hyderabad
https://www.zomato.com/hyderabad/1856,"Road 22, Banjara Hills, Hyderabad",Banjara Restaurant 1856,No,No,4.5/5,13254,+91 9080380402,Banjara Hills,Bakery,Coffee,"Mughlai, Biryani",500,"[('Rated 3.5','Good food and service')]",Haleem,Dine-out,Hyderabad
https://www.zomato.com/hyderabad/1857,"Road 96, Ameerpet, Hyderabad",Ameerpet Restaurant 1857,No,No,3.3/5,22931,+91 9254484479,Ameerpet,Bakery,Masala Dosa,"Mughlai, Biryani",300,"[('Rated 4.5','Good food and service')]",Mutton Biryani,Buffet,Hyderabad
https://www.zomato.com/hyderabad/1858,"Road 23, Begumpet, Hyderabad",Begumpet Restaurant 1858,No,No,4.2/5,12787,+91 9232034223,Begumpet,Cafe,Coffee,"Cafe, Beverages",500,"[('Rated 3.7','Good food and service')]",Masala Dosa,Buffet,Hyderabad
https://www.zomato.com/hyderabad/1859,"Road 54, Banjara Hills, Hyderabad",Banjara Restaurant 1859,Yes,No,4.2/5,6618,+91 9686060745,Banjara Hills,Fine Dining,Masala Dosa,"Cafe, Beverages",1200,"[('Rated 3.5','Good food and service')]",Coffee,Buffet,Hyderabad
https://www.zomato.com/hyderabad/1860,"Road 24, Kukatpally, Hyderabad",Kukatpally Restaurant 1860,Yes,No,4.2/5,17673,+91 9870083839,Kukatpally,Fine Dining,Burger,"Bakery, Desserts",600,"[('Rated 3.2','Good food and service')]",Paneer Butter Masala,Buffet,Hyderabad
https://www.zomato.com/hyderabad/1861,"Road 62, Gachibowli, Hyderabad",Gachibowli Restaurant 1861,No,Yes,4.2/5,20011,+91 9378527477,Gachibowli,Quick Bites,Coffee,Fast Food,300,"[('Rated 4.8','Good food and service')]",Chicken Biryani,Dine-out,Hyderabad
https://www.zomato.com/hyderabad/1862,"Road 42, Ameerpet, Hyderabad",Ameerpet Restaurant 1862,No,Yes,4.6/5,19141,+91 9532986257,Ameerpet,Bakery,Coffee,"Cafe, Beverages",300,"[('Rated 4.9','Good food and service')]",Coffee,Delivery,Hyderabad
https://www.zomato.com/hyderabad/1863,"Road 45, Miyapur, Hyderabad",Miyapur Restaurant 1863,Yes,Yes,3.5/5,12426,+91 9176344634,Miyapur,Casual Dining,Paneer Butter Masala,"Biryani, North Indian",800,"[('Rated 3.7','Good food and service')]",Burger,Cafes,Hyderabad
https://www.zomato.com/hyderabad/1864,"Road 10, Hitech City, Hyderabad",Hitech Restaurant 1864,No,Yes,3.5/5,9582,+91 9985116305,Hitech City,Buffet,Pizza,Chinese,1500,"[('Rated 4.4','Good food and service')]",Paneer Butter Masala,Dine-out,Hyderabad
https://www.zomato.com/hyderabad/1865,"Road 88, Dilsukhnagar, Hyderabad",Dilsukhnagar Restaurant 1865,No,Yes,3.4/5,17396,+91 9079292061,Dilsukhnagar,Bakery,Chicken Biryani,"Mughlai, Biryani",500,"[('Rated 4.7','Good food and service')]",Haleem,Dine-out,Hyderabad
https://www.zomato.com/hyderabad/1866,"Road 4, Tolichowki, Hyderabad",Tolichowki Restaurant 1866,No,No,4.2/5,1731,+91 9344860541,Tolichowki,Quick Bites,Haleem,"Bakery, Desserts",1500,"[('Rated 3.0','Good food and service')]",Burger,Desserts,Hyderabad
https://www.zomato.com/hyderabad/1867,"Road 70, Hitech City, Hyderabad",Hitech Restaurant 1867,No,No,3.4/5,12454,+91 9526949484,Hitech City,Fine Dining,Coffee,Fast Food,400,"[('Rated 3.7','Good food and service')]",Haleem,Dine-out,Hyderabad
https://www.zomato.com/hyderabad/1868,"Road 88, LB Nagar, Hyderabad",LB Restaurant 1868,No,No,4.8/5,24667,+91 9251728934,LB Nagar,Casual Dining,Haleem,"Cafe, Beverages",1200,"[('Rated 4.3','Good food and service')]",Chicken Biryani,Buffet,Hyderabad
https://www.zomato.com/hyderabad/1869,"Road 77, Charminar, Hyderabad",Charminar Restaurant 1869,Yes,Yes,4.3/5,7487,+91 9877723221,Charminar,Bakery,Burger,"Bakery, Desserts",500,"[('Rated 4.3','Good food and service')]",Burger,Buffet,Hyderabad
https://www.zomato.com/hyderabad/1870,"Road 44, Banjara Hills, Hyderabad",Banjara Restaurant 1870,No,Yes,4.9/5,14545,+91 9004172655,Banjara Hills,Fine Dining,Paneer Butter Masala,"Bakery, Desserts",1500,"[('Rated 4.3','Good food and service')]",Pizza,Cafes,Hyderabad
https://www.zomato.com/hyderabad/1871,"Road 10, Kondapur, Hyderabad",Kondapur Restaurant 1871,No,Yes,4.5/5,21009,+91 9410221781,Kondapur,Cafe,Coffee,"Biryani, North Indian",800,"[('Rated 3.2','Good food and service')]",Masala Dosa,Cafes,Hyderabad
https://www.zomato.com/hyderabad/1872,"Road 88, Dilsukhnagar, Hyderabad",Dilsukhnagar Restaurant 1872,Yes,Yes,4.2/5,24410,+91 9627695853,Dilsukhnagar,Fine Dining,Pizza,Fast Food,1200,"[('Rated 4.5','Good food and service')]",Coffee,Cafes,Hyderabad
https://www.zomato.com/hyderabad/1873,"Road 98, Kukatpally, Hyderabad",Kukatpally Restaurant 1873,No,Yes,3.3/5,6472,+91 9025448342,Kukatpally,Bakery,Mutton Biryani,Chinese,500,"[('Rated 3.4','Good food and service')]",Pizza,Buffet,Hyderabad
https://www.zomato.com/hyderabad/1874,"Road 29, Gachibowli, Hyderabad",Gachibowli Restaurant 1874,Yes,No,4.1/5,10345,+91 9477635078,Gachibowli,Quick Bites,Coffee,South Indian,1000,"[('Rated 4.9','Good food and service')]",Pizza,Desserts,Hyderabad
https://www.zomato.com/hyderabad/1875,"Road 60, Banjara Hills, Hyderabad",Banjara Restaurant 1875,No,Yes,3.8/5,22727,+91 9467665208,Banjara Hills,Fine Dining,Pizza,Chinese,500,"[('Rated 4.9','Good food and service')]",Chicken Biryani,Desserts,Hyderabad
https://www.zomato.com/hyderabad/1876,"Road 76, Kondapur, Hyderabad",Kondapur Restaurant 1876,No,No,3.5/5,20393,+91 9844832373,Kondapur,Buffet,Masala Dosa,"Mughlai, Biryani",600,"[('Rated 4.0','Good food and service')]",Mutton Biryani,Buffet,Hyderabad
https://www.zomato.com/hyderabad/1877,"Road 97, Banjara Hills, Hyderabad",Banjara Restaurant 1877,No,Yes,4.8/5,7583,+91 9656426063,Banjara Hills,Fine Dining,Coffee,"Biryani, North Indian",800,"[('Rated 4.5','Good food and service')]",Pizza,Buffet,Hyderabad
https://www.zomato.com/hyderabad/1878,"Road 99, Hitech City, Hyderabad",Hitech Restaurant 1878,Yes,No,4.7/5,2224,+91 9020161202,Hitech City,Bakery,Paneer Butter Masala,"Biryani, North Indian",1500,"[('Rated 3.3','Good food and service')]",Mutton Biryani,Desserts,Hyderabad
https://www.zomato.com/hyderabad/1879,"Road 22, Jubilee Hills, Hyderabad",Jubilee Restaurant 1879,Yes,No,4.5/5,24497,+91 9036800518,Jubilee Hills,Casual Dining,Pizza,"Cafe, Beverages",1200,"[('Rated 3.6','Good food and service')]",Mutton Biryani,Delivery,Hyderabad
https://www.zomato.com/hyderabad/1880,"Road 9, Madhapur, Hyderabad",Madhapur Restaurant 1880,Yes,Yes,4.1/5,8406,+91 9425616886,Madhapur,Quick Bites,Chicken Biryani,"Cafe, Beverages",500,"[('Rated 3.6','Good food and service')]",Paneer Butter Masala,Delivery,Hyderabad
https://www.zomato.com/hyderabad/1881,"Road 81, Tolichowki, Hyderabad",Tolichowki Restaurant 1881,No,Yes,4.4/5,14843,+91 9735481907,Tolichowki,Quick Bites,Masala Dosa,South Indian,1000,"[('Rated 3.6','Good food and service')]",Burger,Desserts,Hyderabad
https://www.zomato.com/hyderabad/1882,"Road 12, Kukatpally, Hyderabad",Kukatpally Restaurant 1882,Yes,No,3.3/5,7182,+91 9235973208,Kukatpally,Casual Dining,Burger,"Cafe, Beverages",1500,"[('Rated 3.3','Good food and service')]",Pizza,Delivery,Hyderabad
https://www.zomato.com/hyderabad/1883,"Road 55, LB Nagar, Hyderabad",LB Restaurant 1883,No,No,3.9/5,16688,+91 9229605200,LB Nagar,Quick Bites,Paneer Butter Masala,Fast Food,300,"[('Rated 3.4','Good food and service')]",Chicken Biryani,Delivery,Hyderabad
https://www.zomato.com/hyderabad/1884,"Road 76, Begumpet, Hyderabad",Begumpet Restaurant 1884,Yes,Yes,4.5/5,10392,+91 9953931952,Begumpet,Casual Dining,Mutton Biryani,Fast Food,1200,"[('Rated 3.5','Good food and service')]",Masala Dosa,Dine-out,Hyderabad
https://www.zomato.com/hyderabad/1885,"Road 87, Madhapur, Hyderabad",Madhapur Restaurant 1885,Yes,No,4.3/5,17185,+91 9433059659,Madhapur,Quick Bites,Masala Dosa,"Mughlai, Biryani",500,"[('Rated 3.1','Good food and service')]",Paneer Butter Masala,Dine-out,Hyderabad
https://www.zomato.com/hyderabad/1886,"Road 91, Ameerpet, Hyderabad",Ameerpet Restaurant 1886,Yes,No,3.4/5,20279,+91 9595269696,Ameerpet,Buffet,Mutton Biryani,"Bakery, Desserts",500,"[('Rated 3.8','Good food and service')]",Masala Dosa,Delivery,Hyderabad
https://www.zomato.com/hyderabad/1887,"Road 85, Kukatpally, Hyderabad",Kukatpally Restaurant 1887,Yes,Yes,4.2/5,6952,+91 9925888046,Kukatpally,Casual Dining,Mutton Biryani,"Biryani, North Indian",600,"[('Rated 4.7','Good food and service')]",Coffee,Delivery,Hyderabad
https://www.zomato.com/hyderabad/1888,"Road 8, Tolichowki, Hyderabad",Tolichowki Restaurant 1888,No,Yes,3.5/5,19423,+91 9644071498,Tolichowki,Cafe,Coffee,Chinese,800,"[('Rated 4.0','Good food and service')]",Pizza,Dine-out,Hyderabad
https://www.zomato.com/hyderabad/1889,"Road 32, Secunderabad, Hyderabad",Secunderabad Restaurant 1889,Yes,No,4.6/5,9845,+91 9867327366,Secunderabad,Cafe,Masala Dosa,Fast Food,800,"[('Rated 3.1','Good food and service')]",Paneer Butter Masala,Cafes,Hyderabad
https://www.zomato.com/hyderabad/1890,"Road 90, Banjara Hills, Hyderabad",Banjara Restaurant 1890,Yes,Yes,3.9/5,16649,+91 9654192035,Banjara Hills,Cafe,Masala Dosa,Chinese,500,"[('Rated 4.1','Good food and service')]",Haleem,Desserts,Hyderabad
https://www.zomato.com/hyderabad/1891,"Road 9, Begumpet, Hyderabad",Begumpet Restaurant 1891,No,No,4.4/5,2621,+91 9486712553,Begumpet,Bakery,Pizza,South Indian,600,"[('Rated 3.5','Good food and service')]",Chicken Biryani,Buffet,Hyderabad
https://www.zomato.com/hyderabad/1892,"Road 69, Miyapur, Hyderabad",Miyapur Restaurant 1892,Yes,No,4.5/5,18222,+91 9809112689,Miyapur,Bakery,Chicken Biryani,"Cafe, Beverages",400,"[('Rated 4.1','Good food and service')]",Masala Dosa,Delivery,Hyderabad
https://www.zomato.com/hyderabad/1893,"Road 94, Banjara Hills, Hyderabad",Banjara Restaurant 1893,Yes,Yes,4.4/5,22007,+91 9031424395,Banjara Hills,Quick Bites,Mutton Biryani,"Biryani, North Indian",400,"[('Rated 3.1','Good food and service')]",Masala Dosa,Buffet,Hyderabad
https://www.zomato.com/hyderabad/1894,"Road 47, Hitech City, Hyderabad",Hitech Restaurant 1894,No,Yes,4.8/5,22561,+91 9326884884,Hitech City,Quick Bites,Mutton Biryani,South Indian,400,"[('Rated 3.6','Good food and service')]",Mutton Biryani,Desserts,Hyderabad
https://www.zomato.com/hyderabad/1895,"Road 89, Madhapur, Hyderabad",Madhapur Restaurant 1895,Yes,No,4.3/5,12911,+91 9023941273,Madhapur,Fine Dining,Paneer Butter Masala,Fast Food,400,"[('Rated 3.9','Good food and service')]",Coffee,Dine-out,Hyderabad
https://www.zomato.com/hyderabad/1896,"Road 3, Ameerpet, Hyderabad",Ameerpet Restaurant 1896,No,No,3.8/5,19227,+91 9949562094,Ameerpet,Fine Dining,Chicken Biryani,Fast Food,800,"[('Rated 3.5','Good food and service')]",Haleem,Desserts,Hyderabad
https://www.zomato.com/hyderabad/1897,"Road 56, LB Nagar, Hyderabad",LB Restaurant 1897,No,No,3.8/5,2371,+91 9842260284,LB Nagar,Bakery,Pizza,"Biryani, North Indian",600,"[('Rated 3.3','Good food and service')]",Haleem,Delivery,Hyderabad
https://www.zomato.com/hyderabad/1898,"Road 32, LB Nagar, Hyderabad",LB Restaurant 1898,No,Yes,3.6/5,22008,+91 9099361435,LB Nagar,Cafe,Paneer Butter Masala,"Biryani, North Indian",600,"[('Rated 3.9','Good food and service')]",Chicken Biryani,Dine-out,Hyderabad
https://www.zomato.com/hyderabad/1899,"Road 21, Miyapur, Hyderabad",Miyapur Restaurant 1899,Yes,Yes,3.4/5,5607,+91 9761269766,Miyapur,Cafe,Burger,Fast Food,500,"[('Rated 4.5','Good food and service')]",Paneer Butter Masala,Buffet,Hyderabad
https://www.zomato.com/hyderabad/1900,"Road 37, Kukatpally, Hyderabad",Kukatpally Restaurant 1900,No,Yes,4.6/5,2800,+91 9663201565,Kukatpally,Casual Dining,Pizza,Chinese,400,"[('Rated 4.4','Good food and service')]",Paneer Butter Masala,Delivery,Hyderabad
https://www.zomato.com/hyderabad/1901,"Road 26, Begumpet, Hyderabad",Begumpet Restaurant 1901,No,Yes,4.1/5,1853,+91 9136237217,Begumpet,Buffet,Masala Dosa,"Bakery, Desserts",400,"[('Rated 3.4','Good food and service')]",Mutton Biryani,Buffet,Hyderabad
https://www.zomato.com/hyderabad/1902,"Road 91, Jubilee Hills, Hyderabad",Jubilee Restaurant 1902,Yes,Yes,4.0/5,19981,+91 9402515772,Jubilee Hills,Fine Dining,Mutton Biryani,Fast Food,300,"[('Rated 4.0','Good food and service')]",Coffee,Dine-out,Hyderabad
https://www.zomato.com/hyderabad/1903,"Road 17, Ameerpet, Hyderabad",Ameerpet Restaurant 1903,No,Yes,4.6/5,9583,+91 9548446140,Ameerpet,Quick Bites,Masala Dosa,"Cafe, Beverages",1500,"[('Rated 4.3','Good food and service')]",Masala Dosa,Buffet,Hyderabad
https://www.zomato.com/hyderabad/1904,"Road 100, Tolichowki, Hyderabad",Tolichowki Restaurant 1904,No,Yes,3.2/5,15901,+91 9909906619,Tolichowki,Fine Dining,Burger,Fast Food,1000,"[('Rated 4.5','Good food and service')]",Pizza,Desserts,Hyderabad
https://www.zomato.com/hyderabad/1905,"Road 58, Dilsukhnagar, Hyderabad",Dilsukhnagar Restaurant 1905,Yes,No,3.3/5,391,+91 9834734742,Dilsukhnagar,Cafe,Pizza,"Bakery, Desserts",1200,"[('Rated 3.4','Good food and service')]",Chicken Biryani,Delivery,Hyderabad
https://www.zomato.com/hyderabad/1906,"Road 51, Hitech City, Hyderabad",Hitech Restaurant 1906,No,No,4.9/5,796,+91 9215721232,Hitech City,Bakery,Mutton Biryani,"Biryani, North Indian",600,"[('Rated 3.9','Good food and service')]",Coffee,Desserts,Hyderabad
https://www.zomato.com/hyderabad/1907,"Road 33, Dilsukhnagar, Hyderabad",Dilsukhnagar Restaurant 1907,No,No,4.7/5,19887,+91 9541723014,Dilsukhnagar,Bakery,Haleem,"Mughlai, Biryani",500,"[('Rated 3.3','Good food and service')]",Haleem,Buffet,Hyderabad
https://www.zomato.com/hyderabad/1908,"Road 35, Charminar, Hyderabad",Charminar Restaurant 1908,Yes,No,4.3/5,23762,+91 9074089559,Charminar,Fine Dining,Haleem,Fast Food,1200,"[('Rated 3.8','Good food and service')]",Haleem,Cafes,Hyderabad
https://www.zomato.com/hyderabad/1909,"Road 48, Kondapur, Hyderabad",Kondapur Restaurant 1909,Yes,Yes,4.3/5,1655,+91 9111889798,Kondapur,Buffet,Mutton Biryani,"Bakery, Desserts",1000,"[('Rated 3.1','Good food and service')]",Pizza,Dine-out,Hyderabad
https://www.zomato.com/hyderabad/1910,"Road 36, Ameerpet, Hyderabad",Ameerpet Restaurant 1910,Yes,Yes,4.8/5,13543,+91 9439280083,Ameerpet,Casual Dining,Burger,Chinese,1500,"[('Rated 3.5','Good food and service')]",Burger,Dine-out,Hyderabad
https://www.zomato.com/hyderabad/1911,"Road 69, Gachibowli, Hyderabad",Gachibowli Restaurant 1911,Yes,No,3.5/5,6603,+91 9990696189,Gachibowli,Buffet,Mutton Biryani,"Biryani, North Indian",300,"[('Rated 4.7','Good food and service')]",Coffee,Delivery,Hyderabad
https://www.zomato.com/hyderabad/1912,"Road 74, Charminar, Hyderabad",Charminar Restaurant 1912,Yes,No,4.6/5,10801,+91 9883139606,Charminar,Buffet,Paneer Butter Masala,"Mughlai, Biryani",500,"[('Rated 4.7','Good food and service')]",Mutton Biryani,Delivery,Hyderabad
https://www.zomato.com/hyderabad/1913,"Road 71, Dilsukhnagar, Hyderabad",Dilsukhnagar Restaurant 1913,No,No,4.6/5,5734,+91 9435807425,Dilsukhnagar,Cafe,Pizza,"Biryani, North Indian",1500,"[('Rated 3.0','Good food and service')]",Masala Dosa,Dine-out,Hyderabad
https://www.zomato.com/hyderabad/1914,"Road 98, Secunderabad, Hyderabad",Secunderabad Restaurant 1914,Yes,No,3.4/5,9510,+91 9536596924,Secunderabad,Cafe,Burger,"Cafe, Beverages",1200,"[('Rated 4.3','Good food and service')]",Burger,Desserts,Hyderabad
https://www.zomato.com/hyderabad/1915,"Road 28, Tolichowki, Hyderabad",Tolichowki Restaurant 1915,Yes,Yes,3.8/5,943,+91 9318165011,Tolichowki,Casual Dining,Paneer Butter Masala,"Bakery, Desserts",500,"[('Rated 4.4','Good food and service')]",Masala Dosa,Cafes,Hyderabad
https://www.zomato.com/hyderabad/1916,"Road 95, Banjara Hills, Hyderabad",Banjara Restaurant 1916,Yes,Yes,3.8/5,15727,+91 9516726899,Banjara Hills,Casual Dining,Masala Dosa,"Bakery, Desserts",300,"[('Rated 4.2','Good food and service')]",Pizza,Buffet,Hyderabad
https://www.zomato.com/hyderabad/1917,"Road 67, LB Nagar, Hyderabad",LB Restaurant 1917,Yes,Yes,4.5/5,5003,+91 9704645116,LB Nagar,Buffet,Coffee,South Indian,1200,"[('Rated 4.4','Good food and service')]",Masala Dosa,Desserts,Hyderabad
https://www.zomato.com/hyderabad/1918,"Road 95, Madhapur, Hyderabad",Madhapur Restaurant 1918,No,No,3.4/5,11197,+91 9765052353,Madhapur,Fine Dining,Haleem,"Cafe, Beverages",500,"[('Rated 3.9','Good food and service')]",Pizza,Desserts,Hyderabad
https://www.zomato.com/hyderabad/1919,"Road 82, Dilsukhnagar, Hyderabad",Dilsukhnagar Restaurant 1919,Yes,Yes,3.3/5,14061,+91 9007987178,Dilsukhnagar,Casual Dining,Pizza,Fast Food,1000,"[('Rated 4.0','Good food and service')]",Masala Dosa,Buffet,Hyderabad
https://www.zomato.com/hyderabad/1920,"Road 37, Dilsukhnagar, Hyderabad",Dilsukhnagar Restaurant 1920,No,No,3.5/5,21610,+91 9207832784,Dilsukhnagar,Buffet,Burger,"Cafe, Beverages",1200,"[('Rated 4.1','Good food and service')]",Burger,Cafes,Hyderabad
https://www.zomato.com/hyderabad/1921,"Road 64, Kondapur, Hyderabad",Kondapur Restaurant 1921,No,No,3.8/5,18486,+91 9521711563,Kondapur,Cafe,Haleem,"Mughlai, Biryani",1500,"[('Rated 4.7','Good food and service')]",Chicken Biryani,Desserts,Hyderabad
https://www.zomato.com/hyderabad/1922,"Road 63, Charminar, Hyderabad",Charminar Restaurant 1922,No,No,4.5/5,24262,+91 9540425216,Charminar,Cafe,Coffee,"Cafe, Beverages",400,"[('Rated 3.1','Good food and service')]",Chicken Biryani,Delivery,Hyderabad
https://www.zomato.com/hyderabad/1923,"Road 29, Banjara Hills, Hyderabad",Banjara Restaurant 1923,No,No,3.9/5,23584,+91 9020324591,Banjara Hills,Buffet,Masala Dosa,"Cafe, Beverages",800,"[('Rated 4.6','Good food and service')]",Burger,Desserts,Hyderabad
https://www.zomato.com/hyderabad/1924,"Road 66, LB Nagar, Hyderabad",LB Restaurant 1924,No,No,4.7/5,11382,+91 9916969978,LB Nagar,Quick Bites,Coffee,"Biryani, North Indian",1200,"[('Rated 4.9','Good food and service')]",Pizza,Dine-out,Hyderabad
https://www.zomato.com/hyderabad/1925,"Road 89, Hitech City, Hyderabad",Hitech Restaurant 1925,No,No,3.5/5,4933,+91 9243697920,Hitech City,Fine Dining,Chicken Biryani,"Cafe, Beverages",300,"[('Rated 3.4','Good food and service')]",Haleem,Dine-out,Hyderabad
https://www.zomato.com/hyderabad/1926,"Road 50, Gachibowli, Hyderabad",Gachibowli Restaurant 1926,Yes,Yes,3.2/5,10547,+91 9934528420,Gachibowli,Bakery,Chicken Biryani,"Bakery, Desserts",1500,"[('Rated 3.1','Good food and service')]",Burger,Dine-out,Hyderabad
https://www.zomato.com/hyderabad/1927,"Road 86, Kukatpally, Hyderabad",Kukatpally Restaurant 1927,No,No,4.8/5,5174,+91 9891606229,Kukatpally,Fine Dining,Burger,"Biryani, North Indian",300,"[('Rated 4.5','Good food and service')]",Masala Dosa,Buffet,Hyderabad
https://www.zomato.com/hyderabad/1928,"Road 93, Dilsukhnagar, Hyderabad",Dilsukhnagar Restaurant 1928,No,Yes,4.6/5,12084,+91 9241927614,Dilsukhnagar,Casual Dining,Mutton Biryani,Fast Food,400,"[('Rated 4.6','Good food and service')]",Mutton Biryani,Dine-out,Hyderabad
https://www.zomato.com/hyderabad/1929,"Road 7, Tolichowki, Hyderabad",Tolichowki Restaurant 1929,Yes,Yes,4.4/5,21337,+91 9433129435,Tolichowki,Quick Bites,Chicken Biryani,"Mughlai, Biryani",1500,"[('Rated 3.9','Good food and service')]",Chicken Biryani,Dine-out,Hyderabad
https://www.zomato.com/hyderabad/1930,"Road 39, Kondapur, Hyderabad",Kondapur Restaurant 1930,No,No,3.7/5,19217,+91 9794522482,Kondapur,Cafe,Haleem,Fast Food,800,"[('Rated 4.3','Good food and service')]",Burger,Dine-out,Hyderabad
https://www.zomato.com/hyderabad/1931,"Road 48, Begumpet, Hyderabad",Begumpet Restaurant 1931,Yes,Yes,4.7/5,22527,+91 9111236755,Begumpet,Fine Dining,Chicken Biryani,Fast Food,400,"[('Rated 3.2','Good food and service')]",Mutton Biryani,Cafes,Hyderabad
https://www.zomato.com/hyderabad/1932,"Road 44, Tolichowki, Hyderabad",Tolichowki Restaurant 1932,Yes,Yes,3.6/5,583,+91 9617227864,Tolichowki,Cafe,Haleem,"Cafe, Beverages",400,"[('Rated 4.1','Good food and service')]",Chicken Biryani,Buffet,Hyderabad
https://www.zomato.com/hyderabad/1933,"Road 6, Dilsukhnagar, Hyderabad",Dilsukhnagar Restaurant 1933,No,Yes,4.0/5,13328,+91 9701889988,Dilsukhnagar,Fine Dining,Haleem,"Mughlai, Biryani",400,"[('Rated 3.5','Good food and service')]",Mutton Biryani,Desserts,Hyderabad
https://www.zomato.com/hyderabad/1934,"Road 63, Kondapur, Hyderabad",Kondapur Restaurant 1934,No,Yes,3.7/5,7460,+91 9238322130,Kondapur,Cafe,Haleem,"Cafe, Beverages",500,"[('Rated 5.0','Good food and service')]",Coffee,Cafes,Hyderabad
https://www.zomato.com/hyderabad/1935,"Road 30, Dilsukhnagar, Hyderabad",Dilsukhnagar Restaurant 1935,Yes,No,4.7/5,6938,+91 9058888616,Dilsukhnagar,Bakery,Masala Dosa,South Indian,500,"[('Rated 4.3','Good food and service')]",Pizza,Cafes,Hyderabad
https://www.zomato.com/hyderabad/1936,"Road 81, Hitech City, Hyderabad",Hitech Restaurant 1936,No,No,4.3/5,13873,+91 9588776038,Hitech City,Fine Dining,Masala Dosa,"Biryani, North Indian",1500,"[('Rated 5.0','Good food and service')]",Coffee,Desserts,Hyderabad
https://www.zomato.com/hyderabad/1937,"Road 77, Charminar, Hyderabad",Charminar Restaurant 1937,Yes,No,4.5/5,22262,+91 9311443161,Charminar,Buffet,Masala Dosa,"Cafe, Beverages",600,"[('Rated 3.8','Good food and service')]",Chicken Biryani,Delivery,Hyderabad
https://www.zomato.com/hyderabad/1938,"Road 54, Gachibowli, Hyderabad",Gachibowli Restaurant 1938,Yes,Yes,4.4/5,2228,+91 9504871680,Gachibowli,Cafe,Burger,Chinese,600,"[('Rated 4.2','Good food and service')]",Chicken Biryani,Dine-out,Hyderabad
https://www.zomato.com/hyderabad/1939,"Road 42, Charminar, Hyderabad",Charminar Restaurant 1939,Yes,No,4.5/5,7809,+91 9701134755,Charminar,Buffet,Masala Dosa,Chinese,1200,"[('Rated 4.5','Good food and service')]",Mutton Biryani,Delivery,Hyderabad
https://www.zomato.com/hyderabad/1940,"Road 98, Kukatpally, Hyderabad",Kukatpally Restaurant 1940,No,No,4.6/5,6078,+91 9681788120,Kukatpally,Casual Dining,Masala Dosa,Chinese,1000,"[('Rated 3.7','Good food and service')]",Pizza,Cafes,Hyderabad
https://www.zomato.com/hyderabad/1941,"Road 37, Miyapur, Hyderabad",Miyapur Restaurant 1941,No,No,4.8/5,4275,+91 9102870416,Miyapur,Bakery,Masala Dosa,Chinese,300,"[('Rated 3.1','Good food and service')]",Chicken Biryani,Dine-out,Hyderabad
https://www.zomato.com/hyderabad/1942,"Road 92, Miyapur, Hyderabad",Miyapur Restaurant 1942,Yes,No,3.9/5,1733,+91 9796177174,Miyapur,Bakery,Masala Dosa,Fast Food,1500,"[('Rated 3.0','Good food and service')]",Coffee,Desserts,Hyderabad
https://www.zomato.com/hyderabad/1943,"Road 40, Miyapur, Hyderabad",Miyapur Restaurant 1943,No,Yes,3.8/5,22629,+91 9684157026,Miyapur,Quick Bites,Burger,"Cafe, Beverages",800,"[('Rated 4.1','Good food and service')]",Mutton Biryani,Delivery,Hyderabad
https://www.zomato.com/hyderabad/1944,"Road 53, Miyapur, Hyderabad",Miyapur Restaurant 1944,Yes,Yes,4.4/5,20196,+91 9857825441,Miyapur,Bakery,Haleem,"Cafe, Beverages",800,"[('Rated 3.7','Good food and service')]",Pizza,Buffet,Hyderabad
https://www.zomato.com/hyderabad/1945,"Road 23, Begumpet, Hyderabad",Begumpet Restaurant 1945,No,Yes,4.0/5,18624,+91 9595153645,Begumpet,Bakery,Pizza,Fast Food,1200,"[('Rated 4.8','Good food and service')]",Mutton Biryani,Dine-out,Hyderabad
https://www.zomato.com/hyderabad/1946,"Road 33, Charminar, Hyderabad",Charminar Restaurant 1946,No,Yes,3.4/5,7723,+91 9173945324,Charminar,Cafe,Coffee,"Cafe, Beverages",1200,"[('Rated 4.9','Good food and service')]",Coffee,Cafes,Hyderabad
https://www.zomato.com/hyderabad/1947,"Road 59, Tolichowki, Hyderabad",Tolichowki Restaurant 1947,No,Yes,4.8/5,17522,+91 9144470484,Tolichowki,Casual Dining,Mutton Biryani,"Biryani, North Indian",1000,"[('Rated 5.0','Good food and service')]",Chicken Biryani,Buffet,Hyderabad
https://www.zomato.com/hyderabad/1948,"Road 2, Miyapur, Hyderabad",Miyapur Restaurant 1948,Yes,No,4.5/5,20543,+91 9173024801,Miyapur,Buffet,Burger,Chinese,1200,"[('Rated 4.7','Good food and service')]",Haleem,Desserts,Hyderabad
https://www.zomato.com/hyderabad/1949,"Road 14, Gachibowli, Hyderabad",Gachibowli Restaurant 1949,No,Yes,4.8/5,5360,+91 9769629990,Gachibowli,Quick Bites,Haleem,Fast Food,1200,"[('Rated 3.2','Good food and service')]",Masala Dosa,Cafes,Hyderabad
https://www.zomato.com/hyderabad/1950,"Road 83, Miyapur, Hyderabad",Miyapur Restaurant 1950,No,No,3.6/5,11490,+91 9466499599,Miyapur,Cafe,Masala Dosa,South Indian,500,"[('Rated 4.5','Good food and service')]",Chicken Biryani,Desserts,Hyderabad
https://www.zomato.com/hyderabad/1951,"Road 81, Dilsukhnagar, Hyderabad",Dilsukhnagar Restaurant 1951,Yes,Yes,4.0/5,89,+91 9970549344,Dilsukhnagar,Buffet,Pizza,Chinese,800,"[('Rated 4.5','Good food and service')]",Chicken Biryani,Delivery,Hyderabad
https://www.zomato.com/hyderabad/1952,"Road 14, Charminar, Hyderabad",Charminar Restaurant 1952,Yes,Yes,4.5/5,19786,+91 9701797368,Charminar,Bakery,Burger,"Biryani, North Indian",400,"[('Rated 3.2','Good food and service')]",Haleem,Cafes,Hyderabad
https://www.zomato.com/hyderabad/1953,"Road 69, Dilsukhnagar, Hyderabad",Dilsukhnagar Restaurant 1953,Yes,No,4.9/5,7491,+91 9479049594,Dilsukhnagar,Cafe,Pizza,Fast Food,400,"[('Rated 3.3','Good food and service')]",Haleem,Cafes,Hyderabad
https://www.zomato.com/hyderabad/1954,"Road 40, LB Nagar, Hyderabad",LB Restaurant 1954,Yes,No,3.7/5,9725,+91 9411535521,LB Nagar,Quick Bites,Burger,"Biryani, North Indian",1200,"[('Rated 4.0','Good food and service')]",Chicken Biryani,Desserts,Hyderabad
https://www.zomato.com/hyderabad/1955,"Road 93, Hitech City, Hyderabad",Hitech Restaurant 1955,No,No,3.4/5,4569,+91 9166854067,Hitech City,Bakery,Mutton Biryani,Chinese,1200,"[('Rated 3.2','Good food and service')]",Mutton Biryani,Delivery,Hyderabad
https://www.zomato.com/hyderabad/1956,"Road 75, Gachibowli, Hyderabad",Gachibowli Restaurant 1956,No,Yes,4.1/5,5286,+91 9419863071,Gachibowli,Buffet,Chicken Biryani,"Cafe, Beverages",1200,"[('Rated 4.3','Good food and service')]",Chicken Biryani,Desserts,Hyderabad
https://www.zomato.com/hyderabad/1957,"Road 93, Jubilee Hills, Hyderabad",Jubilee Restaurant 1957,Yes,No,3.3/5,8738,+91 9309927487,Jubilee Hills,Fine Dining,Pizza,"Mughlai, Biryani",300,"[('Rated 3.7','Good food and service')]",Coffee,Cafes,Hyderabad
https://www.zomato.com/hyderabad/1958,"Road 87, Hitech City, Hyderabad",Hitech Restaurant 1958,Yes,Yes,4.3/5,11369,+91 9753763202,Hitech City,Fine Dining,Paneer Butter Masala,"Biryani, North Indian",1000,"[('Rated 3.2','Good food and service')]",Haleem,Desserts,Hyderabad
https://www.zomato.com/hyderabad/1959,"Road 83, Kondapur, Hyderabad",Kondapur Restaurant 1959,Yes,Yes,4.3/5,12134,+91 9167233978,Kondapur,Buffet,Haleem,"Bakery, Desserts",1000,"[('Rated 4.6','Good food and service')]",Haleem,Delivery,Hyderabad
https://www.zomato.com/hyderabad/1960,"Road 5, Begumpet, Hyderabad",Begumpet Restaurant 1960,No,Yes,4.4/5,8537,+91 9201725139,Begumpet,Fine Dining,Burger,South Indian,1000,"[('Rated 3.7','Good food and service')]",Chicken Biryani,Delivery,Hyderabad
https://www.zomato.com/hyderabad/1961,"Road 61, Secunderabad, Hyderabad",Secunderabad Restaurant 1961,Yes,No,3.9/5,8185,+91 9568864884,Secunderabad,Buffet,Burger,South Indian,500,"[('Rated 4.5','Good food and service')]",Chicken Biryani,Buffet,Hyderabad
https://www.zomato.com/hyderabad/1962,"Road 90, Kukatpally, Hyderabad",Kukatpally Restaurant 1962,Yes,No,4.5/5,6850,+91 9180269671,Kukatpally,Cafe,Haleem,"Bakery, Desserts",1500,"[('Rated 5.0','Good food and service')]",Chicken Biryani,Dine-out,Hyderabad
https://www.zomato.com/hyderabad/1963,"Road 78, Madhapur, Hyderabad",Madhapur Restaurant 1963,Yes,Yes,4.5/5,19007,+91 9473180674,Madhapur,Bakery,Mutton Biryani,"Cafe, Beverages",500,"[('Rated 4.3','Good food and service')]",Masala Dosa,Dine-out,Hyderabad
https://www.zomato.com/hyderabad/1964,"Road 1, Miyapur, Hyderabad",Miyapur Restaurant 1964,Yes,No,4.9/5,18618,+91 9674567820,Miyapur,Quick Bites,Coffee,South Indian,600,"[('Rated 4.3','Good food and service')]",Chicken Biryani,Buffet,Hyderabad
https://www.zomato.com/hyderabad/1965,"Road 16, Hitech City, Hyderabad",Hitech Restaurant 1965,No,No,4.6/5,13281,+91 9996382840,Hitech City,Casual Dining,Masala Dosa,South Indian,1200,"[('Rated 3.9','Good food and service')]",Coffee,Delivery,Hyderabad
https://www.zomato.com/hyderabad/1966,"Road 81, Kukatpally, Hyderabad",Kukatpally Restaurant 1966,Yes,No,4.0/5,6698,+91 9456838375,Kukatpally,Quick Bites,Haleem,"Cafe, Beverages",400,"[('Rated 3.1','Good food and service')]",Pizza,Buffet,Hyderabad
https://www.zomato.com/hyderabad/1967,"Road 92, Hitech City, Hyderabad",Hitech Restaurant 1967,Yes,No,3.5/5,1333,+91 9229024179,Hitech City,Casual Dining,Coffee,"Biryani, North Indian",400,"[('Rated 3.5','Good food and service')]",Chicken Biryani,Cafes,Hyderabad
https://www.zomato.com/hyderabad/1968,"Road 46, Hitech City, Hyderabad",Hitech Restaurant 1968,Yes,Yes,4.6/5,10512,+91 9289635016,Hitech City,Fine Dining,Burger,"Bakery, Desserts",1200,"[('Rated 4.9','Good food and service')]",Mutton Biryani,Buffet,Hyderabad
https://www.zomato.com/hyderabad/1969,"Road 90, Jubilee Hills, Hyderabad",Jubilee Restaurant 1969,Yes,No,4.9/5,13294,+91 9194411074,Jubilee Hills,Buffet,Masala Dosa,"Cafe, Beverages",300,"[('Rated 3.2','Good food and service')]",Chicken Biryani,Desserts,Hyderabad
https://www.zomato.com/hyderabad/1970,"Road 29, Banjara Hills, Hyderabad",Banjara Restaurant 1970,Yes,Yes,4.7/5,15527,+91 9967354534,Banjara Hills,Quick Bites,Burger,Chinese,1000,"[('Rated 4.0','Good food and service')]",Chicken Biryani,Delivery,Hyderabad
https://www.zomato.com/hyderabad/1971,"Road 52, Begumpet, Hyderabad",Begumpet Restaurant 1971,No,Yes,4.4/5,21263,+91 9927847373,Begumpet,Cafe,Chicken Biryani,Fast Food,500,"[('Rated 3.4','Good food and service')]",Paneer Butter Masala,Buffet,Hyderabad
https://www.zomato.com/hyderabad/1972,"Road 40, Secunderabad, Hyderabad",Secunderabad Restaurant 1972,No,No,4.2/5,166,+91 9464305996,Secunderabad,Buffet,Mutton Biryani,"Mughlai, Biryani",1000,"[('Rated 4.3','Good food and service')]",Burger,Buffet,Hyderabad
https://www.zomato.com/hyderabad/1973,"Road 42, Tolichowki, Hyderabad",Tolichowki Restaurant 1973,Yes,Yes,4.2/5,21001,+91 9093676867,Tolichowki,Bakery,Chicken Biryani,"Cafe, Beverages",500,"[('Rated 3.2','Good food and service')]",Paneer Butter Masala,Desserts,Hyderabad
https://www.zomato.com/hyderabad/1974,"Road 54, Kondapur, Hyderabad",Kondapur Restaurant 1974,Yes,No,4.1/5,6748,+91 9116687377,Kondapur,Fine Dining,Pizza,Fast Food,500,"[('Rated 4.9','Good food and service')]",Masala Dosa,Desserts,Hyderabad
https://www.zomato.com/hyderabad/1975,"Road 85, Banjara Hills, Hyderabad",Banjara Restaurant 1975,Yes,Yes,3.8/5,20597,+91 9182302334,Banjara Hills,Quick Bites,Haleem,South Indian,800,"[('Rated 4.5','Good food and service')]",Mutton Biryani,Buffet,Hyderabad
https://www.zomato.com/hyderabad/1976,"Road 77, Ameerpet, Hyderabad",Ameerpet Restaurant 1976,Yes,Yes,3.4/5,23457,+91 9464460811,Ameerpet,Quick Bites,Mutton Biryani,"Mughlai, Biryani",1000,"[('Rated 3.7','Good food and service')]",Burger,Delivery,Hyderabad
https://www.zomato.com/hyderabad/1977,"Road 57, Ameerpet, Hyderabad",Ameerpet Restaurant 1977,No,Yes,3.8/5,22248,+91 9770723069,Ameerpet,Bakery,Haleem,"Cafe, Beverages",300,"[('Rated 3.7','Good food and service')]",Mutton Biryani,Delivery,Hyderabad
https://www.zomato.com/hyderabad/1978,"Road 59, LB Nagar, Hyderabad",LB Restaurant 1978,Yes,Yes,4.5/5,11396,+91 9511310416,LB Nagar,Buffet,Burger,"Bakery, Desserts",300,"[('Rated 3.7','Good food and service')]",Masala Dosa,Desserts,Hyderabad
https://www.zomato.com/hyderabad/1979,"Road 5, Miyapur, Hyderabad",Miyapur Restaurant 1979,No,Yes,3.8/5,19588,+91 9828573628,Miyapur,Casual Dining,Haleem,Chinese,800,"[('Rated 4.1','Good food and service')]",Pizza,Cafes,Hyderabad
https://www.zomato.com/hyderabad/1980,"Road 17, Miyapur, Hyderabad",Miyapur Restaurant 1980,No,No,3.6/5,14764,+91 9967877991,Miyapur,Fine Dining,Masala Dosa,South Indian,600,"[('Rated 3.7','Good food and service')]",Burger,Dine-out,Hyderabad
https://www.zomato.com/hyderabad/1981,"Road 1, Madhapur, Hyderabad",Madhapur Restaurant 1981,Yes,No,4.4/5,6025,+91 9040560997,Madhapur,Quick Bites,Coffee,"Mughlai, Biryani",800,"[('Rated 4.5','Good food and service')]",Pizza,Dine-out,Hyderabad
https://www.zomato.com/hyderabad/1982,"Road 65, LB Nagar, Hyderabad",LB Restaurant 1982,Yes,No,4.6/5,16261,+91 9495314477,LB Nagar,Buffet,Paneer Butter Masala,"Mughlai, Biryani",800,"[('Rated 4.3','Good food and service')]",Paneer Butter Masala,Buffet,Hyderabad
https://www.zomato.com/hyderabad/1983,"Road 86, Begumpet, Hyderabad",Begumpet Restaurant 1983,Yes,Yes,3.5/5,23279,+91 9540596773,Begumpet,Bakery,Burger,"Cafe, Beverages",400,"[('Rated 3.9','Good food and service')]",Pizza,Cafes,Hyderabad
https://www.zomato.com/hyderabad/1984,"Road 6, Banjara Hills, Hyderabad",Banjara Restaurant 1984,No,Yes,3.2/5,22549,+91 9382246420,Banjara Hills,Casual Dining,Mutton Biryani,South Indian,800,"[('Rated 3.7','Good food and service')]",Mutton Biryani,Dine-out,Hyderabad
https://www.zomato.com/hyderabad/1985,"Road 16, Secunderabad, Hyderabad",Secunderabad Restaurant 1985,Yes,No,3.4/5,16239,+91 9365511645,Secunderabad,Quick Bites,Paneer Butter Masala,Chinese,1200,"[('Rated 3.6','Good food and service')]",Pizza,Delivery,Hyderabad
https://www.zomato.com/hyderabad/1986,"Road 18, Dilsukhnagar, Hyderabad",Dilsukhnagar Restaurant 1986,No,Yes,4.1/5,17933,+91 9114686736,Dilsukhnagar,Quick Bites,Mutton Biryani,South Indian,1500,"[('Rated 4.2','Good food and service')]",Burger,Desserts,Hyderabad
https://www.zomato.com/hyderabad/1987,"Road 73, Madhapur, Hyderabad",Madhapur Restaurant 1987,No,Yes,4.9/5,9682,+91 9942182543,Madhapur,Casual Dining,Coffee,"Mughlai, Biryani",1500,"[('Rated 4.7','Good food and service')]",Burger,Delivery,Hyderabad
https://www.zomato.com/hyderabad/1988,"Road 9, Banjara Hills, Hyderabad",Banjara Restaurant 1988,No,Yes,3.2/5,6811,+91 9250925895,Banjara Hills,Bakery,Chicken Biryani,Fast Food,1500,"[('Rated 4.1','Good food and service')]",Coffee,Cafes,Hyderabad
https://www.zomato.com/hyderabad/1989,"Road 72, Kondapur, Hyderabad",Kondapur Restaurant 1989,No,Yes,3.9/5,14645,+91 9348467087,Kondapur,Fine Dining,Coffee,Chinese,1500,"[('Rated 3.6','Good food and service')]",Pizza,Delivery,Hyderabad
https://www.zomato.com/hyderabad/1990,"Road 3, Hitech City, Hyderabad",Hitech Restaurant 1990,No,No,3.5/5,20743,+91 9230173980,Hitech City,Cafe,Chicken Biryani,"Biryani, North Indian",1500,"[('Rated 3.8','Good food and service')]",Coffee,Cafes,Hyderabad
https://www.zomato.com/hyderabad/1991,"Road 74, Kukatpally, Hyderabad",Kukatpally Restaurant 1991,Yes,Yes,3.9/5,9418,+91 9186756561,Kukatpally,Casual Dining,Paneer Butter Masala,"Cafe, Beverages",300,"[('Rated 4.7','Good food and service')]",Chicken Biryani,Dine-out,Hyderabad
https://www.zomato.com/hyderabad/1992,"Road 70, Begumpet, Hyderabad",Begumpet Restaurant 1992,No,Yes,4.1/5,5705,+91 9970759002,Begumpet,Buffet,Chicken Biryani,"Mughlai, Biryani",400,"[('Rated 3.3','Good food and service')]",Haleem,Buffet,Hyderabad
https://www.zomato.com/hyderabad/1993,"Road 96, Gachibowli, Hyderabad",Gachibowli Restaurant 1993,No,No,3.2/5,20444,+91 9573845150,Gachibowli,Quick Bites,Chicken Biryani,"Bakery, Desserts",800,"[('Rated 4.7','Good food and service')]",Coffee,Delivery,Hyderabad
https://www.zomato.com/hyderabad/1994,"Road 67, Tolichowki, Hyderabad",Tolichowki Restaurant 1994,Yes,No,3.6/5,12726,+91 9711406621,Tolichowki,Cafe,Pizza,"Bakery, Desserts",1200,"[('Rated 3.4','Good food and service')]",Masala Dosa,Delivery,Hyderabad
https://www.zomato.com/hyderabad/1995,"Road 73, Kukatpally, Hyderabad",Kukatpally Restaurant 1995,No,Yes,4.4/5,14125,+91 9909197923,Kukatpally,Quick Bites,Mutton Biryani,Chinese,600,"[('Rated 3.2','Good food and service')]",Masala Dosa,Dine-out,Hyderabad
https://www.zomato.com/hyderabad/1996,"Road 58, Miyapur, Hyderabad",Miyapur Restaurant 1996,No,No,3.4/5,17407,+91 9405093908,Miyapur,Cafe,Pizza,Chinese,600,"[('Rated 3.7','Good food and service')]",Pizza,Buffet,Hyderabad
https://www.zomato.com/hyderabad/1997,"Road 49, Kukatpally, Hyderabad",Kukatpally Restaurant 1997,No,Yes,4.1/5,12552,+91 9071986776,Kukatpally,Bakery,Burger,"Cafe, Beverages",400,"[('Rated 4.6','Good food and service')]",Pizza,Desserts,Hyderabad
https://www.zomato.com/hyderabad/1998,"Road 73, Tolichowki, Hyderabad",Tolichowki Restaurant 1998,Yes,No,4.8/5,12158,+91 9149145673,Tolichowki,Quick Bites,Coffee,Chinese,600,"[('Rated 3.2','Good food and service')]",Mutton Biryani,Dine-out,Hyderabad
https://www.zomato.com/hyderabad/1999,"Road 66, LB Nagar, Hyderabad",LB Restaurant 1999,Yes,Yes,3.3/5,17288,+91 9757332482,LB Nagar,Bakery,Coffee,"Cafe, Beverages",500,"[('Rated 3.7','Good food and service')]",Paneer Butter Masala,Buffet,Hyderabad
https://www.zomato.com/hyderabad/2000,"Road 75, LB Nagar, Hyderabad",LB Restaurant 2000,Yes,Yes,4.8/5,19271,+91 9268063646,LB Nagar,Buffet,Coffee,"Mughlai, Biryani",600,"[('Rated 4.8','Good food and service')]",Pizza,Desserts,Hyderabad
